category_id,exposed_date,expose_cnt,video_cnt,user_cnt,watch_time_sum,watch_rate_avg,like_cnt,click_cnt,comment_cnt,follow_cnt,collect_cnt,forward_cnt,hate_cnt,like_rate,click_rate,comment_rate,follow_rate,collect_rate,forward_rate,hate_rate
1,20220915,87,28,31,872,0.4932618180603693,4,43,3,0,0,0,0,0.046,0.4943,0.0345,0.0,0.0,0.0,0.0
1,20220916,796,183,270,14726,0.6099470235292971,26,442,6,0,5,2,0,0.0327,0.5553,0.0075,0.0,0.0063,0.0025,0.0
1,20220917,683,177,252,11682,0.6357522838564549,22,397,0,9,6,0,1,0.0322,0.5813,0.0,0.0132,0.0088,0.0,0.0015
1,20220918,652,163,214,10476,0.6365853696010502,11,402,0,0,9,0,0,0.0169,0.6166,0.0,0.0,0.0138,0.0,0.0
1,20220919,639,159,219,11119,0.6462863413012377,8,356,0,8,2,3,0,0.0125,0.5571,0.0,0.0125,0.0031,0.0047,0.0
1,20220920,440,134,165,6080,0.6246551488129971,13,243,0,8,4,4,3,0.0295,0.5523,0.0,0.0182,0.0091,0.0091,0.0068
1,20220921,521,133,189,7336,0.6226440806614412,13,272,0,4,0,0,3,0.025,0.5221,0.0,0.0077,0.0,0.0,0.0058
1,20220922,357,101,138,5704,0.582883020961452,16,197,0,3,7,0,0,0.0448,0.5518,0.0,0.0084,0.0196,0.0,0.0
2,20220915,212,84,68,5037,0.29934990701749004,7,88,0,0,0,0,0,0.033,0.4151,0.0,0.0,0.0,0.0,0.0
2,20220916,2563,573,665,74940,0.36166186846249515,87,1276,8,34,16,3,0,0.0339,0.4979,0.0031,0.0133,0.0062,0.0012,0.0
2,20220917,2503,605,660,72753,0.3618423667901392,74,1232,8,37,9,5,0,0.0296,0.4922,0.0032,0.0148,0.0036,0.002,0.0
2,20220918,2154,554,595,62796,0.3812787575640126,55,1072,5,9,9,9,0,0.0255,0.4977,0.0023,0.0042,0.0042,0.0042,0.0
2,20220919,1814,460,521,60974,0.37167650459234597,43,944,12,27,17,10,3,0.0237,0.5204,0.0066,0.0149,0.0094,0.0055,0.0017
2,20220920,1897,504,516,52235,0.36681147535547726,58,969,3,14,7,6,2,0.0306,0.5108,0.0016,0.0074,0.0037,0.0032,0.0011
2,20220921,1832,483,531,54345,0.3760476494245796,62,965,0,29,7,8,0,0.0338,0.5267,0.0,0.0158,0.0038,0.0044,0.0
2,20220922,1486,392,441,46565,0.3679396774286916,56,718,0,18,18,2,0,0.0377,0.4832,0.0,0.0121,0.0121,0.0013,0.0
3,20220915,159,75,52,5278,0.44769151740412894,6,104,0,0,0,0,0,0.0377,0.6541,0.0,0.0,0.0,0.0,0.0
3,20220916,2204,685,473,85828,0.5524953883393584,73,1525,18,14,11,8,7,0.0331,0.6919,0.0082,0.0064,0.005,0.0036,0.0032
3,20220917,2786,836,575,104326,0.5121264927902457,68,1861,17,14,35,5,0,0.0244,0.668,0.0061,0.005,0.0126,0.0018,0.0
3,20220918,3075,885,603,117945,0.5562345086209061,91,2088,18,22,32,14,4,0.0296,0.679,0.0059,0.0072,0.0104,0.0046,0.0013
3,20220919,1358,444,358,44704,0.5094631423077581,20,869,6,15,15,5,0,0.0147,0.6399,0.0044,0.011,0.011,0.0037,0.0
3,20220920,1328,431,317,45788,0.5311628000168972,26,907,8,9,9,6,5,0.0196,0.683,0.006,0.0068,0.0068,0.0045,0.0038
3,20220921,1250,387,379,42345,0.5289964315429617,41,799,18,3,16,3,1,0.0328,0.6392,0.0144,0.0024,0.0128,0.0024,0.0008
3,20220922,990,325,276,31664,0.464120644571363,21,580,0,6,5,4,0,0.0212,0.5859,0.0,0.0061,0.0051,0.004,0.0
4,20220915,79,28,31,1345,0.4293375891891095,0,36,0,0,0,0,0,0.0,0.4557,0.0,0.0,0.0,0.0,0.0
4,20220916,1030,238,326,20362,0.4414990788980857,24,508,3,0,0,6,0,0.0233,0.4932,0.0029,0.0,0.0,0.0058,0.0
4,20220917,1226,250,364,27669,0.5077701929577205,32,711,0,3,0,3,0,0.0261,0.5799,0.0,0.0024,0.0,0.0024,0.0
4,20220918,1092,250,333,20368,0.4812995138282336,15,595,0,5,9,0,0,0.0137,0.5449,0.0,0.0046,0.0082,0.0,0.0
4,20220919,727,170,216,13613,0.47855336423096917,6,355,0,0,0,0,0,0.0083,0.4883,0.0,0.0,0.0,0.0,0.0
4,20220920,636,163,221,12520,0.44499163418375237,9,310,0,3,6,0,0,0.0142,0.4874,0.0,0.0047,0.0094,0.0,0.0
4,20220921,524,142,167,10482,0.5210512346621211,17,292,0,0,4,0,0,0.0324,0.5573,0.0,0.0,0.0076,0.0,0.0
4,20220922,477,126,159,9227,0.5301257280868801,4,274,3,0,2,0,0,0.0084,0.5744,0.0063,0.0,0.0042,0.0,0.0
5,20220915,92,27,32,1044,0.3243814006347913,0,23,0,0,0,0,0,0.0,0.25,0.0,0.0,0.0,0.0,0.0
5,20220916,704,139,226,8946,0.4723532371368994,6,304,2,0,0,0,2,0.0085,0.4318,0.0028,0.0,0.0,0.0,0.0028
5,20220917,695,152,241,7534,0.4460020064623087,5,275,0,0,3,0,3,0.0072,0.3957,0.0,0.0,0.0043,0.0,0.0043
5,20220918,601,155,202,7901,0.48137362501338876,3,258,0,0,3,2,0,0.005,0.4293,0.0,0.0,0.005,0.0033,0.0
5,20220919,510,124,168,7357,0.4805602840285115,5,203,0,1,0,0,0,0.0098,0.398,0.0,0.002,0.0,0.0,0.0
5,20220920,474,104,166,4383,0.48680713648624824,6,177,0,3,0,0,0,0.0127,0.3734,0.0,0.0063,0.0,0.0,0.0
5,20220921,627,119,204,5824,0.42008751364187585,6,210,0,3,0,0,0,0.0096,0.3349,0.0,0.0048,0.0,0.0,0.0
5,20220922,366,83,134,3905,0.4680870894649301,6,151,0,0,0,0,0,0.0164,0.4126,0.0,0.0,0.0,0.0,0.0
6,20220915,189,60,70,4205,0.5200504166963171,4,120,0,2,0,0,0,0.0212,0.6349,0.0,0.0106,0.0,0.0,0.0
6,20220916,1926,457,579,68157,0.5310811801635763,57,1224,3,6,19,5,1,0.0296,0.6355,0.0016,0.0031,0.0099,0.0026,0.0005
6,20220917,1853,487,566,68438,0.5433164653103182,60,1215,1,7,15,5,0,0.0324,0.6557,0.0005,0.0038,0.0081,0.0027,0.0
6,20220918,2026,486,585,66263,0.5371452826575525,45,1331,16,5,14,2,0,0.0222,0.657,0.0079,0.0025,0.0069,0.001,0.0
6,20220919,1616,400,486,62088,0.5660251362660892,35,1083,4,0,4,0,3,0.0217,0.6702,0.0025,0.0,0.0025,0.0,0.0019
6,20220920,1142,330,379,47574,0.5612099757713938,24,776,4,3,7,0,0,0.021,0.6795,0.0035,0.0026,0.0061,0.0,0.0
6,20220921,953,268,335,30556,0.5083748404058201,19,592,0,0,10,0,0,0.0199,0.6212,0.0,0.0,0.0105,0.0,0.0
6,20220922,965,248,353,31868,0.4776052630072483,36,582,2,5,5,0,0,0.0373,0.6031,0.0021,0.0052,0.0052,0.0,0.0
7,20220915,145,45,45,3607,0.559096248404087,3,93,0,0,0,0,0,0.0207,0.6414,0.0,0.0,0.0,0.0,0.0
7,20220916,1963,357,560,54841,0.6097758459176187,43,1337,3,13,5,3,0,0.0219,0.6811,0.0015,0.0066,0.0025,0.0015,0.0
7,20220917,1772,344,534,53578,0.6332215108035885,64,1161,4,8,17,6,0,0.0361,0.6552,0.0023,0.0045,0.0096,0.0034,0.0
7,20220918,1778,349,525,39765,0.6154560968436068,42,1139,5,4,0,3,0,0.0236,0.6406,0.0028,0.0022,0.0,0.0017,0.0
7,20220919,1207,241,370,30346,0.6156269528929833,8,759,0,0,6,0,0,0.0066,0.6288,0.0,0.0,0.005,0.0,0.0
7,20220920,1377,272,415,36848,0.6216818883386649,38,880,0,0,2,6,0,0.0276,0.6391,0.0,0.0,0.0015,0.0044,0.0
7,20220921,1275,218,396,29296,0.600729032092524,19,766,0,2,8,3,9,0.0149,0.6008,0.0,0.0016,0.0063,0.0024,0.0071
7,20220922,923,208,300,21552,0.5685258241420428,11,536,0,0,3,5,0,0.0119,0.5807,0.0,0.0,0.0033,0.0054,0.0
8,20220915,50,15,14,298,0.7577121117399126,0,17,0,0,0,0,0,0.0,0.34,0.0,0.0,0.0,0.0,0.0
8,20220916,285,73,119,2431,0.610924143272443,7,118,0,3,0,3,0,0.0246,0.414,0.0,0.0105,0.0,0.0105,0.0
8,20220917,195,74,90,2631,0.5789213009223189,11,89,5,0,0,0,0,0.0564,0.4564,0.0256,0.0,0.0,0.0,0.0
8,20220918,254,76,109,3437,0.6136667808949257,5,131,3,0,0,0,0,0.0197,0.5157,0.0118,0.0,0.0,0.0,0.0
8,20220919,184,58,77,2166,0.586639029947884,2,85,0,1,0,0,0,0.0109,0.462,0.0,0.0054,0.0,0.0,0.0
8,20220920,132,48,57,1358,0.6055227175299153,6,55,0,0,3,0,0,0.0455,0.4167,0.0,0.0,0.0227,0.0,0.0
8,20220921,84,33,41,1395,0.7770822166950402,5,56,2,0,6,0,0,0.0595,0.6667,0.0238,0.0,0.0714,0.0,0.0
8,20220922,120,39,53,992,0.5633573093451415,6,48,0,0,0,0,2,0.05,0.4,0.0,0.0,0.0,0.0,0.0167
9,20220915,578,199,181,27086,0.4970709584722526,9,367,0,0,2,3,0,0.0156,0.6349,0.0,0.0,0.0035,0.0052,0.0
9,20220916,6115,1303,1356,250068,0.5464517847982008,120,4148,7,19,34,22,3,0.0196,0.6783,0.0011,0.0031,0.0056,0.0036,0.0005
9,20220917,6621,1377,1411,278836,0.538144617701016,124,4537,17,12,63,15,3,0.0187,0.6852,0.0026,0.0018,0.0095,0.0023,0.0005
9,20220918,6533,1352,1428,277259,0.5226065695413128,157,4278,20,36,41,10,11,0.024,0.6548,0.0031,0.0055,0.0063,0.0015,0.0017
9,20220919,4776,1100,1162,214112,0.530754329754975,72,3144,12,24,30,10,0,0.0151,0.6583,0.0025,0.005,0.0063,0.0021,0.0
9,20220920,4799,998,1126,213925,0.5366396735951448,118,3183,9,32,31,6,3,0.0246,0.6633,0.0019,0.0067,0.0065,0.0013,0.0006
9,20220921,3543,877,941,151464,0.5492575509042389,93,2375,9,20,21,10,10,0.0262,0.6703,0.0025,0.0056,0.0059,0.0028,0.0028
9,20220922,2961,771,795,117662,0.49213131339420324,75,1855,1,14,22,6,2,0.0253,0.6265,0.0003,0.0047,0.0074,0.002,0.0007
10,20220915,124,30,40,3204,0.4654572205919833,0,63,0,0,0,0,0,0.0,0.5081,0.0,0.0,0.0,0.0,0.0
10,20220916,910,129,293,17810,0.3585703299504664,23,380,0,3,0,3,0,0.0253,0.4176,0.0,0.0033,0.0,0.0033,0.0
10,20220917,908,124,293,26080,0.38210829690216264,9,441,0,0,3,0,0,0.0099,0.4857,0.0,0.0,0.0033,0.0,0.0
10,20220918,629,105,220,13696,0.3039028791787543,8,257,0,3,7,1,0,0.0127,0.4086,0.0,0.0048,0.0111,0.0016,0.0
10,20220919,568,98,199,12987,0.3864329231457294,6,241,0,2,0,0,0,0.0106,0.4243,0.0,0.0035,0.0,0.0,0.0
10,20220920,462,82,158,14039,0.40952620357996,0,250,0,0,0,0,0,0.0,0.5411,0.0,0.0,0.0,0.0,0.0
10,20220921,430,77,156,9013,0.3193784986208743,3,187,0,0,0,0,0,0.007,0.4349,0.0,0.0,0.0,0.0,0.0
10,20220922,435,76,153,10655,0.41748958456512103,6,227,0,6,6,3,0,0.0138,0.5218,0.0,0.0138,0.0138,0.0069,0.0
11,20220915,336,112,111,13412,0.5235725800118387,7,182,0,0,1,2,2,0.0208,0.5417,0.0,0.0,0.003,0.006,0.006
11,20220916,3742,784,962,118327,0.5553254183026708,70,2273,16,15,13,9,3,0.0187,0.6074,0.0043,0.004,0.0035,0.0024,0.0008
11,20220917,3728,803,994,115570,0.5586669137380663,58,2263,12,15,8,9,1,0.0156,0.607,0.0032,0.004,0.0021,0.0024,0.0003
11,20220918,3485,753,903,104983,0.5316334168326655,60,2061,6,19,12,3,4,0.0172,0.5914,0.0017,0.0055,0.0034,0.0009,0.0011
11,20220919,2793,658,735,85173,0.5622810908563189,27,1696,11,8,9,6,0,0.0097,0.6072,0.0039,0.0029,0.0032,0.0021,0.0
11,20220920,2778,620,748,82813,0.5479891589760276,38,1563,10,14,6,8,0,0.0137,0.5626,0.0036,0.005,0.0022,0.0029,0.0
11,20220921,1926,460,583,61595,0.5076248387861976,42,1070,7,9,10,0,0,0.0218,0.5556,0.0036,0.0047,0.0052,0.0,0.0
11,20220922,1732,422,517,49380,0.5241603512551448,40,979,8,6,10,1,2,0.0231,0.5652,0.0046,0.0035,0.0058,0.0006,0.0012
12,20220915,278,88,84,10542,0.3575707243119891,3,133,0,3,0,0,0,0.0108,0.4784,0.0,0.0108,0.0,0.0,0.0
12,20220916,4255,865,978,136502,0.4728997246223317,46,2474,10,9,15,15,11,0.0108,0.5814,0.0024,0.0021,0.0035,0.0035,0.0026
12,20220917,4408,885,966,139632,0.4640205752406076,83,2593,3,14,11,6,0,0.0188,0.5882,0.0007,0.0032,0.0025,0.0014,0.0
12,20220918,4524,853,1022,127466,0.44347994689726977,59,2544,4,10,9,6,3,0.013,0.5623,0.0009,0.0022,0.002,0.0013,0.0007
12,20220919,3023,664,757,87075,0.430540003276998,44,1546,0,10,6,12,0,0.0146,0.5114,0.0,0.0033,0.002,0.004,0.0
12,20220920,2672,585,670,79288,0.44393584246418105,40,1406,3,11,13,2,0,0.015,0.5262,0.0011,0.0041,0.0049,0.0007,0.0
12,20220921,2224,507,614,75847,0.4390811041270046,29,1246,3,9,0,9,3,0.013,0.5603,0.0013,0.004,0.0,0.004,0.0013
12,20220922,1987,450,558,66058,0.4331564286943708,32,1059,0,6,2,8,9,0.0161,0.533,0.0,0.003,0.001,0.004,0.0045
13,20220915,180,54,66,9440,0.5919824470173888,0,126,0,0,0,0,0,0.0,0.7,0.0,0.0,0.0,0.0,0.0
13,20220916,1564,312,451,48525,0.5286556041855075,39,926,1,18,6,3,0,0.0249,0.5921,0.0006,0.0115,0.0038,0.0019,0.0
13,20220917,1354,270,436,36787,0.49750796742014236,24,754,3,6,16,0,0,0.0177,0.5569,0.0022,0.0044,0.0118,0.0,0.0
13,20220918,1403,312,399,41995,0.5327866793027555,28,850,7,2,3,6,0,0.02,0.6058,0.005,0.0014,0.0021,0.0043,0.0
13,20220919,1402,294,417,37829,0.5321741609362723,12,772,0,2,8,4,0,0.0086,0.5506,0.0,0.0014,0.0057,0.0029,0.0
13,20220920,1387,266,394,39185,0.5551236259923065,12,852,0,16,10,8,4,0.0087,0.6143,0.0,0.0115,0.0072,0.0058,0.0029
13,20220921,897,195,291,26965,0.5063426975440506,16,495,5,7,3,1,0,0.0178,0.5518,0.0056,0.0078,0.0033,0.0011,0.0
13,20220922,654,153,208,17795,0.473205290315583,8,350,2,9,5,0,0,0.0122,0.5352,0.0031,0.0138,0.0076,0.0,0.0
14,20220915,22,9,9,272,0.4530202758388699,0,13,0,0,0,0,0,0.0,0.5909,0.0,0.0,0.0,0.0,0.0
14,20220916,267,66,103,6759,0.6883910412463071,3,189,1,0,3,3,0,0.0112,0.7079,0.0037,0.0,0.0112,0.0112,0.0
14,20220917,321,81,122,7649,0.5655716885346214,8,179,0,3,3,0,0,0.0249,0.5576,0.0,0.0093,0.0093,0.0,0.0
14,20220918,310,73,115,7674,0.5389834778427888,18,187,0,1,4,0,0,0.0581,0.6032,0.0,0.0032,0.0129,0.0,0.0
14,20220919,212,53,68,6231,0.6458077719866994,3,140,0,0,3,0,0,0.0142,0.6604,0.0,0.0,0.0142,0.0,0.0
14,20220920,357,51,122,6592,0.6710530601637155,3,232,0,0,2,0,0,0.0084,0.6499,0.0,0.0,0.0056,0.0,0.0
14,20220921,237,44,78,5518,0.5772501773484778,4,131,0,0,3,0,0,0.0169,0.5527,0.0,0.0,0.0127,0.0,0.0
14,20220922,195,46,68,4869,0.6118042514614809,9,127,0,3,0,0,0,0.0462,0.6513,0.0,0.0154,0.0,0.0,0.0
15,20220915,135,46,50,4128,0.4152772749922307,0,83,0,0,0,0,0,0.0,0.6148,0.0,0.0,0.0,0.0,0.0
15,20220916,1813,354,540,50811,0.5198437032677709,32,1090,3,8,3,6,6,0.0177,0.6012,0.0017,0.0044,0.0017,0.0033,0.0033
15,20220917,1961,389,575,60926,0.49277706132438887,35,1189,9,16,20,4,3,0.0178,0.6063,0.0046,0.0082,0.0102,0.002,0.0015
15,20220918,1899,368,546,53879,0.5420021458794316,39,1208,5,7,22,1,1,0.0205,0.6361,0.0026,0.0037,0.0116,0.0005,0.0005
15,20220919,1198,276,362,38377,0.5246272018676821,18,730,4,4,3,0,0,0.015,0.6093,0.0033,0.0033,0.0025,0.0,0.0
15,20220920,1379,310,399,42259,0.4858830857180355,13,811,0,2,0,0,3,0.0094,0.5881,0.0,0.0015,0.0,0.0,0.0022
15,20220921,1106,236,348,29062,0.5050374740317991,15,610,0,3,2,0,3,0.0136,0.5515,0.0,0.0027,0.0018,0.0,0.0027
15,20220922,903,205,300,24920,0.4572208060255795,22,502,0,7,5,6,0,0.0244,0.5559,0.0,0.0078,0.0055,0.0066,0.0
16,20220915,107,36,38,3668,0.5070743947410079,6,68,0,0,3,0,0,0.0561,0.6355,0.0,0.0,0.028,0.0,0.0
16,20220916,738,159,218,18923,0.4849555909149393,5,401,0,0,0,9,0,0.0068,0.5434,0.0,0.0,0.0,0.0122,0.0
16,20220917,664,156,214,12427,0.5106092452212604,11,373,0,0,0,3,0,0.0166,0.5617,0.0,0.0,0.0,0.0045,0.0
16,20220918,815,168,235,18444,0.5093678118532671,11,479,0,3,3,3,0,0.0135,0.5877,0.0,0.0037,0.0037,0.0037,0.0
16,20220919,787,151,224,17542,0.5104261872640056,3,454,0,6,9,9,0,0.0038,0.5769,0.0,0.0076,0.0114,0.0114,0.0
16,20220920,998,163,282,26943,0.4879091887627512,12,530,0,3,6,0,0,0.012,0.5311,0.0,0.003,0.006,0.0,0.0
16,20220921,534,131,161,12258,0.39479861932370763,6,266,0,3,3,0,0,0.0112,0.4981,0.0,0.0056,0.0056,0.0,0.0
16,20220922,546,121,175,12052,0.4062533344910341,2,248,0,0,1,0,0,0.0037,0.4542,0.0,0.0,0.0018,0.0,0.0
17,20220915,119,36,44,4444,0.6212475712063377,3,83,0,0,0,0,0,0.0252,0.6975,0.0,0.0,0.0,0.0,0.0
17,20220916,1112,256,370,37249,0.5471444508899334,30,688,3,0,9,0,0,0.027,0.6187,0.0027,0.0,0.0081,0.0,0.0
17,20220917,1225,273,376,39822,0.5409518642655726,30,766,4,1,8,0,0,0.0245,0.6253,0.0033,0.0008,0.0065,0.0,0.0
17,20220918,1248,247,383,33060,0.608440647928662,46,792,0,3,3,0,0,0.0369,0.6346,0.0,0.0024,0.0024,0.0,0.0
17,20220919,980,227,303,33498,0.48948591740995423,12,570,1,8,3,3,0,0.0122,0.5816,0.001,0.0082,0.0031,0.0031,0.0
17,20220920,1102,230,332,35972,0.5248075178713062,13,678,2,2,5,6,0,0.0118,0.6152,0.0018,0.0018,0.0045,0.0054,0.0
17,20220921,917,205,305,29851,0.5328239590585094,26,560,2,5,7,1,0,0.0284,0.6107,0.0022,0.0055,0.0076,0.0011,0.0
17,20220922,752,171,254,29584,0.5549912886526299,29,504,3,0,8,6,0,0.0386,0.6702,0.004,0.0,0.0106,0.008,0.0
18,20220915,124,34,49,2900,0.46676757413679254,4,74,0,0,0,0,0,0.0323,0.5968,0.0,0.0,0.0,0.0,0.0
18,20220916,1760,279,630,44419,0.46694975695136715,10,991,0,0,4,31,3,0.0057,0.5631,0.0,0.0,0.0023,0.0176,0.0017
18,20220917,1040,238,320,29707,0.5590818769843962,10,647,0,4,3,3,0,0.0096,0.6221,0.0,0.0038,0.0029,0.0029,0.0
18,20220918,934,239,288,27439,0.4921315082994354,9,521,0,0,1,3,1,0.0096,0.5578,0.0,0.0,0.0011,0.0032,0.0011
18,20220919,862,215,278,26523,0.496274820996988,14,456,2,3,1,0,0,0.0162,0.529,0.0023,0.0035,0.0012,0.0,0.0
18,20220920,841,186,267,21006,0.4983914802441356,9,449,0,2,3,0,0,0.0107,0.5339,0.0,0.0024,0.0036,0.0,0.0
18,20220921,610,156,219,14535,0.490386055721795,1,314,0,0,0,0,0,0.0016,0.5148,0.0,0.0,0.0,0.0,0.0
18,20220922,495,132,188,12575,0.5473230338317474,13,293,0,0,3,0,0,0.0263,0.5919,0.0,0.0,0.0061,0.0,0.0
19,20220915,235,81,85,9465,0.40603463938054285,6,123,0,1,0,6,0,0.0255,0.5234,0.0,0.0043,0.0,0.0255,0.0
19,20220916,1967,407,629,80069,0.4878062617523141,46,1132,8,12,18,6,1,0.0234,0.5755,0.0041,0.0061,0.0092,0.0031,0.0005
19,20220917,1702,355,569,65058,0.4977089793688273,42,1011,8,7,13,4,6,0.0247,0.594,0.0047,0.0041,0.0076,0.0024,0.0035
19,20220918,1709,365,579,73855,0.5128821296176328,43,1050,3,12,8,3,0,0.0252,0.6144,0.0018,0.007,0.0047,0.0018,0.0
19,20220919,1601,322,501,62190,0.49335985245996644,44,971,9,13,11,6,0,0.0275,0.6065,0.0056,0.0081,0.0069,0.0037,0.0
19,20220920,1648,353,526,71705,0.5297491696326261,68,1028,10,14,11,4,0,0.0413,0.6238,0.0061,0.0085,0.0067,0.0024,0.0
19,20220921,1311,297,449,56147,0.5064552640088631,25,759,1,11,3,10,0,0.0191,0.5789,0.0008,0.0084,0.0023,0.0076,0.0
19,20220922,893,211,307,31067,0.45288690503600415,14,469,0,3,6,0,0,0.0157,0.5252,0.0,0.0034,0.0067,0.0,0.0
20,20220915,88,32,39,3435,0.5898806588098648,3,60,0,0,0,1,0,0.0341,0.6818,0.0,0.0,0.0,0.0114,0.0
20,20220916,1448,342,368,50910,0.5500135371051956,71,1039,4,13,19,3,0,0.049,0.7175,0.0028,0.009,0.0131,0.0021,0.0
20,20220917,1838,405,457,74320,0.5638713756853692,61,1322,12,6,20,6,0,0.0332,0.7193,0.0065,0.0033,0.0109,0.0033,0.0
20,20220918,1548,365,408,63884,0.5426798722938982,61,1054,8,3,17,0,0,0.0394,0.6809,0.0052,0.0019,0.011,0.0,0.0
20,20220919,905,234,246,35380,0.5764801070033246,31,638,14,4,15,3,0,0.0343,0.705,0.0155,0.0044,0.0166,0.0033,0.0
20,20220920,1162,265,306,43301,0.516535812313947,70,751,4,3,19,3,0,0.0602,0.6463,0.0034,0.0026,0.0164,0.0026,0.0
20,20220921,804,223,216,30406,0.5897593478425885,51,599,3,5,12,8,3,0.0634,0.745,0.0037,0.0062,0.0149,0.01,0.0037
20,20220922,685,177,192,22850,0.4783268367251059,27,427,1,4,8,5,4,0.0394,0.6234,0.0015,0.0058,0.0117,0.0073,0.0058
21,20220915,44,7,16,2577,0.2570516856839587,0,30,0,0,0,0,0,0.0,0.6818,0.0,0.0,0.0,0.0,0.0
21,20220916,402,82,127,14005,0.48271780703390815,6,276,0,0,0,0,0,0.0149,0.6866,0.0,0.0,0.0,0.0,0.0
21,20220917,422,80,140,19253,0.4423260201478604,13,261,0,3,4,0,0,0.0308,0.6185,0.0,0.0071,0.0095,0.0,0.0
21,20220918,428,96,143,23585,0.5298659614896363,13,280,3,0,2,3,0,0.0304,0.6542,0.007,0.0,0.0047,0.007,0.0
21,20220919,292,73,107,13167,0.4786099677090822,9,184,0,0,4,0,0,0.0308,0.6301,0.0,0.0,0.0137,0.0,0.0
21,20220920,323,72,104,17153,0.5023938730794474,14,212,3,3,0,3,0,0.0433,0.6563,0.0093,0.0093,0.0,0.0093,0.0
21,20220921,275,56,89,10787,0.40952397253032635,6,178,3,3,0,0,0,0.0218,0.6473,0.0109,0.0109,0.0,0.0,0.0
21,20220922,210,43,75,8456,0.47610190473930075,2,123,0,0,0,0,0,0.0095,0.5857,0.0,0.0,0.0,0.0,0.0
22,20220915,70,20,23,2549,0.4582664827642529,0,45,0,0,0,0,0,0.0,0.6429,0.0,0.0,0.0,0.0,0.0
22,20220916,534,95,157,21156,0.4305777590413062,6,347,0,3,5,0,0,0.0112,0.6498,0.0,0.0056,0.0094,0.0,0.0
22,20220917,549,90,172,28345,0.447552111810985,9,351,0,0,0,0,0,0.0164,0.6393,0.0,0.0,0.0,0.0,0.0
22,20220918,457,95,147,18972,0.4427585762238186,7,279,0,0,2,6,0,0.0153,0.6105,0.0,0.0,0.0044,0.0131,0.0
22,20220919,510,93,149,17440,0.41508403811294003,8,279,0,2,6,3,0,0.0157,0.5471,0.0,0.0039,0.0118,0.0059,0.0
22,20220920,672,92,194,24688,0.41118730859193686,3,395,0,3,0,0,0,0.0045,0.5878,0.0,0.0045,0.0,0.0,0.0
22,20220921,557,92,164,25408,0.4058341918259225,10,340,3,5,2,2,0,0.018,0.6104,0.0054,0.009,0.0036,0.0036,0.0
22,20220922,479,81,148,20910,0.4864071718776531,2,295,3,0,3,3,0,0.0042,0.6159,0.0063,0.0,0.0063,0.0063,0.0
23,20220915,7,3,4,140,0.5463396254689025,0,5,0,0,0,0,0,0.0,0.7143,0.0,0.0,0.0,0.0,0.0
23,20220916,79,25,30,3164,0.712428072963293,3,57,3,3,3,3,0,0.038,0.7215,0.038,0.038,0.038,0.038,0.0
23,20220917,47,14,17,811,0.3228899695722763,0,13,0,0,0,0,0,0.0,0.2766,0.0,0.0,0.0,0.0,0.0
23,20220918,98,23,37,1844,0.5733098183350076,5,62,0,1,0,0,0,0.051,0.6327,0.0,0.0102,0.0,0.0,0.0
23,20220919,110,23,44,1962,0.521500139923878,0,55,0,0,0,0,0,0.0,0.5,0.0,0.0,0.0,0.0,0.0
23,20220920,122,23,42,2519,0.5719736569119439,6,68,0,0,0,0,0,0.0492,0.5574,0.0,0.0,0.0,0.0,0.0
23,20220921,54,11,22,1297,0.5605065526110042,2,28,0,0,0,0,0,0.037,0.5185,0.0,0.0,0.0,0.0,0.0
23,20220922,31,9,12,543,0.47187482319587915,3,13,0,0,0,0,0,0.0968,0.4194,0.0,0.0,0.0,0.0,0.0
24,20220915,39,11,14,871,0.46631378458159406,3,25,0,0,0,0,0,0.0769,0.641,0.0,0.0,0.0,0.0,0.0
24,20220916,192,61,71,5140,0.5824706104148074,7,144,3,0,4,0,3,0.0365,0.75,0.0156,0.0,0.0208,0.0,0.0156
24,20220917,264,62,101,6939,0.6285359113112514,5,185,0,2,2,0,0,0.0189,0.7008,0.0,0.0076,0.0076,0.0,0.0
24,20220918,249,72,83,5345,0.473232612769005,7,137,0,3,2,0,0,0.0281,0.5502,0.0,0.012,0.008,0.0,0.0
24,20220919,198,45,71,3536,0.6238745166023221,3,128,0,3,3,2,0,0.0152,0.6465,0.0,0.0152,0.0152,0.0101,0.0
24,20220920,203,51,76,6798,0.6234587838019231,0,138,0,0,0,1,2,0.0,0.6798,0.0,0.0,0.0,0.0049,0.0099
24,20220921,125,33,45,2855,0.5108390297443542,3,66,3,0,0,0,0,0.024,0.528,0.024,0.0,0.0,0.0,0.0
24,20220922,72,23,34,2409,0.5858727416307479,8,47,3,0,2,2,0,0.1111,0.6528,0.0417,0.0,0.0278,0.0278,0.0
25,20220915,193,66,65,6207,0.6013697746987097,9,135,1,3,0,3,0,0.0466,0.6995,0.0052,0.0155,0.0,0.0155,0.0
25,20220916,2308,528,631,73658,0.5849462385172082,41,1543,2,13,21,3,3,0.0178,0.6685,0.0009,0.0056,0.0091,0.0013,0.0013
25,20220917,2941,605,753,92444,0.5909682192738812,44,1925,3,13,19,8,6,0.015,0.6545,0.001,0.0044,0.0065,0.0027,0.002
25,20220918,2701,542,704,71406,0.5751964037109609,38,1707,0,18,18,3,0,0.0141,0.632,0.0,0.0067,0.0067,0.0011,0.0
25,20220919,2040,414,578,51399,0.5637881558227993,31,1249,3,11,15,5,3,0.0152,0.6123,0.0015,0.0054,0.0074,0.0025,0.0015
25,20220920,1874,431,513,59769,0.5721907720405554,39,1190,0,7,18,5,0,0.0208,0.635,0.0,0.0037,0.0096,0.0027,0.0
25,20220921,1559,344,447,46350,0.5902724821855998,13,988,0,3,10,3,0,0.0083,0.6337,0.0,0.0019,0.0064,0.0019,0.0
25,20220922,1264,299,385,38404,0.5772203062957968,22,817,0,7,3,4,0,0.0174,0.6464,0.0,0.0055,0.0024,0.0032,0.0
26,20220915,24,9,8,427,0.5882482803901745,0,10,0,0,0,0,0,0.0,0.4167,0.0,0.0,0.0,0.0,0.0
26,20220916,252,59,83,4206,0.5721764109343714,9,129,8,0,4,2,0,0.0357,0.5119,0.0317,0.0,0.0159,0.0079,0.0
26,20220917,274,65,87,5207,0.5554370072553988,6,145,0,0,2,0,0,0.0219,0.5292,0.0,0.0,0.0073,0.0,0.0
26,20220918,239,56,74,3611,0.49261940602842447,18,125,0,0,0,0,0,0.0753,0.523,0.0,0.0,0.0,0.0,0.0
26,20220919,170,44,62,2595,0.5489538814132967,12,87,5,0,0,0,0,0.0706,0.5118,0.0294,0.0,0.0,0.0,0.0
26,20220920,187,45,59,2478,0.5524965656715455,4,84,3,0,0,0,0,0.0214,0.4492,0.016,0.0,0.0,0.0,0.0
26,20220921,134,34,49,2564,0.6116474871715138,2,75,0,0,0,0,0,0.0149,0.5597,0.0,0.0,0.0,0.0,0.0
26,20220922,152,40,54,2973,0.6243298598186686,4,94,0,0,0,0,3,0.0263,0.6184,0.0,0.0,0.0,0.0,0.0197
27,20220915,31,11,13,336,0.17568701824617536,0,11,0,0,0,0,0,0.0,0.3548,0.0,0.0,0.0,0.0,0.0
27,20220916,295,65,99,4328,0.4319531199653072,0,135,3,0,0,3,3,0.0,0.4576,0.0102,0.0,0.0,0.0102,0.0102
27,20220917,315,77,103,5230,0.4053034718777377,0,136,0,0,0,0,0,0.0,0.4317,0.0,0.0,0.0,0.0,0.0
27,20220918,314,82,110,7113,0.41494066236950244,8,161,0,2,3,0,0,0.0255,0.5127,0.0,0.0064,0.0096,0.0,0.0
27,20220919,288,64,92,5436,0.5116764883457354,2,133,3,2,0,3,0,0.0069,0.4618,0.0104,0.0069,0.0,0.0104,0.0
27,20220920,601,62,173,7085,0.5671576783947203,3,270,0,0,3,0,0,0.005,0.4493,0.0,0.0,0.005,0.0,0.0
27,20220921,199,50,73,2852,0.5104297892465567,0,96,0,0,0,0,0,0.0,0.4824,0.0,0.0,0.0,0.0,0.0
27,20220922,117,34,42,2113,0.4300917228440775,0,53,0,0,0,0,0,0.0,0.453,0.0,0.0,0.0,0.0,0.0
28,20220915,240,68,87,7488,0.5478232810705334,4,140,3,0,0,0,0,0.0167,0.5833,0.0125,0.0,0.0,0.0,0.0
28,20220916,1697,288,532,49094,0.5715670989817359,34,1099,7,17,20,6,3,0.02,0.6476,0.0041,0.01,0.0118,0.0035,0.0018
28,20220917,2249,231,645,59350,0.6599759299196996,42,1480,10,9,4,3,0,0.0187,0.6581,0.0044,0.004,0.0018,0.0013,0.0
28,20220918,1479,246,458,47925,0.5705848261553906,23,899,6,13,11,2,2,0.0156,0.6078,0.0041,0.0088,0.0074,0.0014,0.0014
28,20220919,1128,217,369,30971,0.5592823818928394,8,695,4,3,1,0,0,0.0071,0.6161,0.0035,0.0027,0.0009,0.0,0.0
28,20220920,1242,208,372,31874,0.5733359962373717,13,754,0,6,3,6,0,0.0105,0.6071,0.0,0.0048,0.0024,0.0048,0.0
28,20220921,829,159,309,25263,0.6230150834182815,7,537,2,0,0,0,2,0.0084,0.6478,0.0024,0.0,0.0,0.0,0.0024
28,20220922,476,118,183,12482,0.5486023649320682,9,291,2,0,0,0,0,0.0189,0.6113,0.0042,0.0,0.0,0.0,0.0
29,20220915,40,11,14,1349,0.459263436265674,0,21,0,0,0,0,0,0.0,0.525,0.0,0.0,0.0,0.0,0.0
29,20220916,409,86,139,13441,0.5067446380595392,1,262,0,4,3,0,0,0.0024,0.6406,0.0,0.0098,0.0073,0.0,0.0
29,20220917,347,77,119,10477,0.4999575857330519,5,209,3,0,0,3,0,0.0144,0.6023,0.0086,0.0,0.0,0.0086,0.0
29,20220918,402,81,138,13512,0.555054025953746,9,257,3,3,6,6,3,0.0224,0.6393,0.0075,0.0075,0.0149,0.0149,0.0075
29,20220919,249,63,83,9701,0.6094524169291079,8,162,0,0,6,3,0,0.0321,0.6506,0.0,0.0,0.0241,0.012,0.0
29,20220920,299,72,106,7396,0.48900935781976546,3,178,1,0,0,2,3,0.01,0.5953,0.0033,0.0,0.0,0.0067,0.01
29,20220921,223,54,80,7984,0.4892247065195469,6,134,0,0,0,0,0,0.0269,0.6009,0.0,0.0,0.0,0.0,0.0
29,20220922,190,54,62,6237,0.45219581241565615,8,105,0,3,0,0,0,0.0421,0.5526,0.0,0.0158,0.0,0.0,0.0
30,20220915,93,28,32,3145,0.48143997279066525,0,60,0,3,0,0,0,0.0,0.6452,0.0,0.0323,0.0,0.0,0.0
30,20220916,384,76,124,10305,0.4896603666853469,6,222,7,6,3,0,0,0.0156,0.5781,0.0182,0.0156,0.0078,0.0,0.0
30,20220917,285,70,100,11182,0.5324004545431572,5,191,3,5,6,0,0,0.0175,0.6702,0.0105,0.0175,0.0211,0.0,0.0
30,20220918,270,58,91,8718,0.40751216597237355,1,151,0,1,4,0,0,0.0037,0.5593,0.0,0.0037,0.0148,0.0,0.0
30,20220919,337,61,107,15155,0.5125730163784167,2,208,0,2,0,0,0,0.0059,0.6172,0.0,0.0059,0.0,0.0,0.0
30,20220920,396,80,128,13113,0.41822760630573774,11,231,0,0,0,0,0,0.0278,0.5833,0.0,0.0,0.0,0.0,0.0
30,20220921,348,71,107,9877,0.4691844459643042,5,209,6,0,0,0,0,0.0144,0.6006,0.0172,0.0,0.0,0.0,0.0
30,20220922,245,52,86,8913,0.5317698143707639,1,147,3,0,3,0,0,0.0041,0.6,0.0122,0.0,0.0122,0.0,0.0
34,20220915,22,8,8,599,0.6511959296202556,2,17,0,0,0,0,0,0.0909,0.7727,0.0,0.0,0.0,0.0,0.0
34,20220916,338,75,144,7686,0.5966631285380211,13,192,3,3,0,0,0,0.0385,0.568,0.0089,0.0089,0.0,0.0,0.0
34,20220917,239,63,110,4402,0.6332751154982363,5,150,0,0,3,0,0,0.0209,0.6276,0.0,0.0,0.0126,0.0,0.0
34,20220918,293,93,142,8122,0.5914547520619049,2,169,4,0,1,0,0,0.0068,0.5768,0.0137,0.0,0.0034,0.0,0.0
34,20220919,242,63,97,6586,0.6988140097260948,0,156,3,0,0,0,0,0.0,0.6446,0.0124,0.0,0.0,0.0,0.0
34,20220920,182,60,78,4374,0.6787996742853133,0,127,2,0,0,0,0,0.0,0.6978,0.011,0.0,0.0,0.0,0.0
34,20220921,144,49,68,2687,0.7172629922772062,0,92,0,0,0,0,0,0.0,0.6389,0.0,0.0,0.0,0.0,0.0
34,20220922,110,41,55,2093,0.6503737211337614,0,78,1,0,0,0,0,0.0,0.7091,0.0091,0.0,0.0,0.0,0.0
35,20220915,63,18,22,2931,0.6940339338098575,0,45,0,0,0,0,0,0.0,0.7143,0.0,0.0,0.0,0.0,0.0
35,20220916,445,69,161,22814,0.5061473983358451,12,282,3,10,0,0,0,0.027,0.6337,0.0067,0.0225,0.0,0.0,0.0
35,20220917,304,61,107,13286,0.49726382779064954,15,191,0,0,0,0,0,0.0493,0.6283,0.0,0.0,0.0,0.0,0.0
35,20220918,425,68,130,24840,0.5658051157379805,19,297,0,2,0,0,0,0.0447,0.6988,0.0,0.0047,0.0,0.0,0.0
35,20220919,343,57,98,20929,0.5464224071387161,3,267,1,3,0,0,0,0.0087,0.7784,0.0029,0.0087,0.0,0.0,0.0
35,20220920,392,64,127,18249,0.5650959814426395,15,263,0,6,3,0,0,0.0383,0.6709,0.0,0.0153,0.0077,0.0,0.0
35,20220921,233,42,83,10971,0.4947855622546345,3,158,0,3,0,0,0,0.0129,0.6781,0.0,0.0129,0.0,0.0,0.0
35,20220922,161,34,53,4303,0.34389151701440257,0,101,0,0,0,0,0,0.0,0.6273,0.0,0.0,0.0,0.0,0.0
36,20220915,100,37,42,3513,0.42971650779486653,0,51,0,0,3,0,0,0.0,0.51,0.0,0.0,0.03,0.0,0.0
36,20220916,807,164,265,18320,0.47959548768384697,14,435,0,3,5,0,6,0.0173,0.539,0.0,0.0037,0.0062,0.0,0.0074
36,20220917,820,155,284,22180,0.5574508785133718,5,484,3,2,0,2,0,0.0061,0.5902,0.0037,0.0024,0.0,0.0024,0.0
36,20220918,834,165,270,20254,0.5227057711721356,9,477,0,3,3,0,0,0.0108,0.5719,0.0,0.0036,0.0036,0.0,0.0
36,20220919,679,159,218,16480,0.5466973070272185,0,402,0,3,0,0,0,0.0,0.592,0.0,0.0044,0.0,0.0,0.0
36,20220920,666,150,210,17131,0.5307080469607863,15,375,1,6,6,0,2,0.0225,0.5631,0.0015,0.009,0.009,0.0,0.003
36,20220921,511,113,162,9791,0.508600985933457,0,277,3,0,0,3,0,0.0,0.5421,0.0059,0.0,0.0,0.0059,0.0
36,20220922,376,96,118,7478,0.46888003523717103,3,200,0,0,3,1,0,0.008,0.5319,0.0,0.0,0.008,0.0027,0.0
37,20220915,31,12,13,1721,0.5744609871817584,1,18,0,0,1,0,0,0.0323,0.5806,0.0,0.0,0.0323,0.0,0.0
37,20220916,369,81,125,13801,0.523003979809072,12,252,0,0,0,3,0,0.0325,0.6829,0.0,0.0,0.0,0.0081,0.0
37,20220917,218,59,77,5854,0.4803058660218546,1,126,0,0,0,0,0,0.0046,0.578,0.0,0.0,0.0,0.0,0.0
37,20220918,289,71,100,11051,0.5667890410032639,5,197,0,0,1,3,0,0.0173,0.6817,0.0,0.0,0.0035,0.0104,0.0
37,20220919,241,54,87,7660,0.554782350416607,5,149,0,0,3,0,0,0.0207,0.6183,0.0,0.0,0.0124,0.0,0.0
37,20220920,269,55,98,10579,0.5130383352780867,9,165,0,0,6,0,0,0.0335,0.6134,0.0,0.0,0.0223,0.0,0.0
37,20220921,174,40,61,6018,0.5699108496339733,0,121,0,0,0,0,0,0.0,0.6954,0.0,0.0,0.0,0.0,0.0
37,20220922,187,41,68,7366,0.5727671031003427,3,135,0,0,3,0,0,0.016,0.7219,0.0,0.0,0.016,0.0,0.0
38,20220915,98,28,40,4552,0.3637368756717725,6,56,0,0,0,3,0,0.0612,0.5714,0.0,0.0,0.0,0.0306,0.0
38,20220916,549,127,183,25866,0.3793620126037342,2,310,0,0,3,4,2,0.0036,0.5647,0.0,0.0,0.0055,0.0073,0.0036
38,20220917,553,121,178,29315,0.3827884276047738,17,331,9,9,9,0,0,0.0307,0.5986,0.0163,0.0163,0.0163,0.0,0.0
38,20220918,532,129,172,28806,0.36124695009533775,14,360,0,3,0,0,0,0.0263,0.6767,0.0,0.0056,0.0,0.0,0.0
38,20220919,503,105,155,24784,0.45405903362477007,11,306,0,6,3,3,0,0.0219,0.6083,0.0,0.0119,0.006,0.006,0.0
38,20220920,605,98,199,27379,0.5296158223016075,9,352,0,5,0,0,0,0.0149,0.5818,0.0,0.0083,0.0,0.0,0.0
38,20220921,365,83,131,20713,0.4637018815856403,21,224,0,0,9,0,0,0.0575,0.6137,0.0,0.0,0.0247,0.0,0.0
38,20220922,237,62,82,11925,0.37806622888760005,3,138,0,0,0,0,0,0.0127,0.5823,0.0,0.0,0.0,0.0,0.0
39,20220915,958,287,273,58943,0.3872418459468338,12,632,0,3,3,4,0,0.0125,0.6597,0.0,0.0031,0.0031,0.0042,0.0
39,20220916,9867,1730,1961,542684,0.39636422123361553,171,6202,19,42,63,9,1,0.0173,0.6286,0.0019,0.0043,0.0064,0.0009,0.0001
39,20220917,9428,1720,1932,542325,0.4047208700630969,185,5871,11,43,58,23,9,0.0196,0.6227,0.0012,0.0046,0.0062,0.0024,0.001
39,20220918,8510,1692,1752,502934,0.40063722930964457,182,5252,9,42,43,17,2,0.0214,0.6172,0.0011,0.0049,0.0051,0.002,0.0002
39,20220919,8833,1569,1729,549572,0.4143251546481286,97,5605,11,27,28,14,0,0.011,0.6346,0.0012,0.0031,0.0032,0.0016,0.0
39,20220920,8507,1505,1690,497261,0.40279213401323977,194,5257,10,45,29,11,0,0.0228,0.618,0.0012,0.0053,0.0034,0.0013,0.0
39,20220921,6405,1286,1471,368621,0.3802998543981985,93,3874,14,32,31,14,0,0.0145,0.6048,0.0022,0.005,0.0048,0.0022,0.0
39,20220922,5179,1122,1262,304894,0.4001009520680559,121,3102,3,65,42,14,3,0.0234,0.599,0.0006,0.0126,0.0081,0.0027,0.0006
100,20220916,31,6,11,684,0.47538755629129115,0,19,0,0,0,0,0,0.0,0.6129,0.0,0.0,0.0,0.0,0.0
100,20220917,15,5,6,333,0.7605161067118893,0,11,0,0,0,0,0,0.0,0.7333,0.0,0.0,0.0,0.0,0.0
100,20220918,11,3,4,206,0.596288814644565,0,8,0,0,0,0,0,0.0,0.7273,0.0,0.0,0.0,0.0,0.0
100,20220919,15,5,6,191,0.5969799258509596,0,11,0,0,0,0,0,0.0,0.7333,0.0,0.0,0.0,0.0,0.0
100,20220920,12,4,4,33,0.1843777861563892,0,0,0,0,0,0,0,0.0,0.0,0.0,0.0,0.0,0.0,0.0
100,20220921,15,3,5,96,0.5459319523752142,0,6,0,0,0,0,0,0.0,0.4,0.0,0.0,0.0,0.0,0.0
100,20220922,5,2,2,13,0.03925137922204893,0,0,0,0,0,0,0,0.0,0.0,0.0,0.0,0.0,0.0,0.0
101,20220915,12,3,4,57,0.06886984770670176,0,3,0,0,0,0,0,0.0,0.25,0.0,0.0,0.0,0.0,0.0
101,20220916,86,15,32,2220,0.6926373380529302,0,53,0,0,0,0,0,0.0,0.6163,0.0,0.0,0.0,0.0,0.0
101,20220917,124,25,53,2000,0.6895226688980275,0,67,0,0,0,0,0,0.0,0.5403,0.0,0.0,0.0,0.0,0.0
101,20220918,59,15,21,1289,0.7175292058647346,0,42,0,0,0,0,0,0.0,0.7119,0.0,0.0,0.0,0.0,0.0
101,20220919,48,12,19,508,0.6755529301082476,0,26,0,0,0,0,0,0.0,0.5417,0.0,0.0,0.0,0.0,0.0
101,20220920,80,18,28,1062,0.6996121051054588,0,42,0,2,0,0,0,0.0,0.525,0.0,0.025,0.0,0.0,0.0
101,20220921,68,15,27,815,0.6468635205400843,0,32,0,0,0,0,0,0.0,0.4706,0.0,0.0,0.0,0.0,0.0
101,20220922,46,12,23,1186,0.6040296702357897,3,27,0,3,0,0,0,0.0652,0.587,0.0,0.0652,0.0,0.0,0.0
102,20220915,2,1,2,66,0.5608531613217307,0,1,0,0,0,0,0,0.0,0.5,0.0,0.0,0.0,0.0,0.0
102,20220916,28,10,16,474,0.522713414208205,2,11,0,0,0,0,0,0.0714,0.3929,0.0,0.0,0.0,0.0,0.0
102,20220917,11,5,7,107,0.41366105279993926,0,4,0,0,0,0,0,0.0,0.3636,0.0,0.0,0.0,0.0,0.0
102,20220918,7,3,5,145,0.7664455668471977,0,6,0,0,0,0,0,0.0,0.8571,0.0,0.0,0.0,0.0,0.0
102,20220919,9,4,5,257,0.5825101495397058,0,5,0,0,0,0,0,0.0,0.5556,0.0,0.0,0.0,0.0,0.0
102,20220920,2,2,2,23,0.6825594839651921,0,2,0,0,0,0,0,0.0,1.0,0.0,0.0,0.0,0.0,0.0
102,20220921,8,3,5,134,0.6469884374677661,0,7,0,0,0,0,0,0.0,0.875,0.0,0.0,0.0,0.0,0.0
102,20220922,8,4,4,154,0.6541275674256841,0,6,0,0,0,0,0,0.0,0.75,0.0,0.0,0.0,0.0,0.0
103,20220916,9,1,3,75,0.448713511018807,0,3,0,0,0,0,0,0.0,0.3333,0.0,0.0,0.0,0.0,0.0
103,20220917,12,1,4,105,0.49518287758163143,3,6,0,0,0,0,0,0.25,0.5,0.0,0.0,0.0,0.0,0.0
103,20220918,9,2,3,78,0.5171933906678509,0,9,0,0,0,0,0,0.0,1.0,0.0,0.0,0.0,0.0,0.0
103,20220919,3,1,1,48,1.0,0,3,0,0,0,0,0,0.0,1.0,0.0,0.0,0.0,0.0,0.0
103,20220920,3,1,1,9,0.17307026652821045,0,0,0,0,0,0,0,0.0,0.0,0.0,0.0,0.0,0.0,0.0
103,20220922,6,1,2,81,0.7854243308385134,0,6,0,0,0,0,0,0.0,1.0,0.0,0.0,0.0,0.0,0.0
104,20220916,12,1,4,210,0.8469529085872575,0,9,0,0,0,0,0,0.0,0.75,0.0,0.0,0.0,0.0,0.0
104,20220917,3,1,1,57,1.0,0,3,0,0,0,0,0,0.0,1.0,0.0,0.0,0.0,0.0,0.0
104,20220918,12,2,4,135,0.4626086984465682,0,6,0,0,0,0,0,0.0,0.5,0.0,0.0,0.0,0.0,0.0
104,20220919,6,1,2,84,0.6662049861495846,0,3,0,0,0,0,0,0.0,0.5,0.0,0.0,0.0,0.0,0.0
104,20220920,3,1,1,132,1.0,0,3,0,0,0,0,0,0.0,1.0,0.0,0.0,0.0,0.0,0.0
104,20220921,9,2,3,285,0.9436749769159741,3,9,0,0,0,0,0,0.3333,1.0,0.0,0.0,0.0,0.0,0.0
105,20220915,9,2,3,75,0.36062693007260427,0,6,0,0,0,0,0,0.0,0.6667,0.0,0.0,0.0,0.0,0.0
105,20220916,81,6,27,1395,0.47518175323456935,0,36,0,0,0,0,0,0.0,0.4444,0.0,0.0,0.0,0.0,0.0
105,20220917,42,7,14,759,0.521753418923438,0,21,0,0,0,0,0,0.0,0.5,0.0,0.0,0.0,0.0,0.0
105,20220918,47,8,16,839,0.560601410860238,0,29,0,0,0,0,0,0.0,0.617,0.0,0.0,0.0,0.0,0.0
105,20220919,67,9,27,623,0.5292794043371886,0,30,0,0,0,0,0,0.0,0.4478,0.0,0.0,0.0,0.0,0.0
105,20220920,28,6,14,375,0.619086417638023,0,20,0,0,0,0,0,0.0,0.7143,0.0,0.0,0.0,0.0,0.0
105,20220921,39,8,14,645,0.5949915752268942,0,24,0,0,0,0,0,0.0,0.6154,0.0,0.0,0.0,0.0,0.0
105,20220922,30,6,10,513,0.5160954255716588,0,15,0,0,0,0,0,0.0,0.5,0.0,0.0,0.0,0.0,0.0
108,20220915,20,6,7,274,0.3670764534687379,3,9,3,0,0,0,0,0.15,0.45,0.15,0.0,0.0,0.0,0.0
108,20220916,141,26,51,2574,0.6678801997906205,9,88,0,0,0,0,0,0.0638,0.6241,0.0,0.0,0.0,0.0,0.0
108,20220917,80,18,30,1653,0.6307788080666128,6,50,0,6,0,0,0,0.075,0.625,0.0,0.075,0.0,0.0,0.0
108,20220918,71,17,25,1638,0.6785570739362586,3,42,0,0,0,0,0,0.0423,0.5915,0.0,0.0,0.0,0.0,0.0
108,20220919,100,20,36,2400,0.7622203045851725,0,70,0,0,0,0,0,0.0,0.7,0.0,0.0,0.0,0.0,0.0
108,20220920,79,21,26,1916,0.7614680781329191,7,59,0,2,0,0,0,0.0886,0.7468,0.0,0.0253,0.0,0.0,0.0
108,20220921,61,10,23,634,0.6225671962128837,3,30,0,3,0,0,0,0.0492,0.4918,0.0,0.0492,0.0,0.0,0.0
108,20220922,68,14,23,1408,0.8035405182857613,0,49,0,0,0,0,0,0.0,0.7206,0.0,0.0,0.0,0.0,0.0
109,20220915,76,28,30,1394,0.29217771496176026,4,23,0,0,0,0,0,0.0526,0.3026,0.0,0.0,0.0,0.0,0.0
109,20220916,680,166,229,17801,0.3560717656010013,25,329,2,12,0,3,0,0.0368,0.4838,0.0029,0.0176,0.0,0.0044,0.0
109,20220917,889,181,286,22041,0.3790066089070943,28,442,6,9,7,0,0,0.0315,0.4972,0.0067,0.0101,0.0079,0.0,0.0
109,20220918,744,180,260,16971,0.38791288943851976,23,370,5,4,6,2,0,0.0309,0.4973,0.0067,0.0054,0.0081,0.0027,0.0
109,20220919,502,137,172,11598,0.3183811507108591,18,218,6,12,6,0,0,0.0359,0.4343,0.012,0.0239,0.012,0.0,0.0
109,20220920,492,142,165,10141,0.3007300038263618,17,240,0,2,3,3,0,0.0346,0.4878,0.0,0.0041,0.0061,0.0061,0.0
109,20220921,626,155,213,19660,0.41277458725228416,35,356,0,20,5,3,0,0.0559,0.5687,0.0,0.0319,0.008,0.0048,0.0
109,20220922,486,121,179,11641,0.3862040171096959,16,223,0,0,3,0,0,0.0329,0.4588,0.0,0.0,0.0062,0.0,0.0
110,20220915,9,4,4,982,0.7069879108095668,0,7,0,0,0,0,0,0.0,0.7778,0.0,0.0,0.0,0.0,0.0
110,20220916,81,16,33,1357,0.4551434597033929,2,40,0,0,0,0,0,0.0247,0.4938,0.0,0.0,0.0,0.0,0.0
110,20220917,83,19,37,1408,0.4181298519486859,0,42,0,3,0,0,0,0.0,0.506,0.0,0.0361,0.0,0.0,0.0
110,20220918,45,15,22,591,0.31647246844076155,0,17,0,0,0,0,0,0.0,0.3778,0.0,0.0,0.0,0.0,0.0
110,20220919,39,12,18,327,0.3826411199198649,1,16,0,2,1,0,0,0.0256,0.4103,0.0,0.0513,0.0256,0.0,0.0
110,20220920,36,13,13,973,0.43882017546011154,3,20,0,0,0,0,0,0.0833,0.5556,0.0,0.0,0.0,0.0,0.0
110,20220921,32,10,14,349,0.3507304836464172,3,13,0,0,0,0,0,0.0938,0.4062,0.0,0.0,0.0,0.0,0.0
110,20220922,36,12,14,416,0.3231772894123017,3,17,0,0,0,0,0,0.0833,0.4722,0.0,0.0,0.0,0.0,0.0
111,20220915,5,3,3,88,0.33627700255112736,0,3,0,0,0,0,0,0.0,0.6,0.0,0.0,0.0,0.0,0.0
111,20220916,51,18,22,900,0.5830294495773708,0,33,0,0,0,0,0,0.0,0.6471,0.0,0.0,0.0,0.0,0.0
111,20220917,69,20,28,1375,0.5052858303355852,0,40,0,0,0,0,0,0.0,0.5797,0.0,0.0,0.0,0.0,0.0
111,20220918,91,24,33,2144,0.7232512811820185,0,63,0,0,0,0,0,0.0,0.6923,0.0,0.0,0.0,0.0,0.0
111,20220919,40,11,15,608,0.4918893889945199,0,21,0,3,0,0,0,0.0,0.525,0.0,0.075,0.0,0.0,0.0
111,20220920,26,7,10,981,0.4876378833348489,0,15,0,0,0,3,0,0.0,0.5769,0.0,0.0,0.0,0.1154,0.0
111,20220921,38,9,15,406,0.1931471132846408,6,14,3,0,0,0,0,0.1579,0.3684,0.0789,0.0,0.0,0.0,0.0
111,20220922,34,7,13,893,0.39286817064101426,0,19,0,0,0,0,0,0.0,0.5588,0.0,0.0,0.0,0.0,0.0
114,20220915,21,7,7,408,0.5217846639105093,0,9,0,0,0,0,0,0.0,0.4286,0.0,0.0,0.0,0.0,0.0
114,20220916,245,58,100,5757,0.5769778197784079,7,142,0,0,0,3,0,0.0286,0.5796,0.0,0.0,0.0,0.0122,0.0
114,20220917,336,73,124,7659,0.6277163278355238,13,241,0,0,0,0,0,0.0387,0.7173,0.0,0.0,0.0,0.0,0.0
114,20220918,281,79,101,4665,0.5979003087692231,7,159,0,0,3,0,0,0.0249,0.5658,0.0,0.0,0.0107,0.0,0.0
114,20220919,202,55,75,3525,0.5290527232811703,0,103,0,0,0,0,0,0.0,0.5099,0.0,0.0,0.0,0.0,0.0
114,20220920,185,49,71,2730,0.4386564662253919,0,82,0,0,0,0,0,0.0,0.4432,0.0,0.0,0.0,0.0,0.0
114,20220921,159,40,54,2540,0.5800714103991769,0,93,0,0,1,0,0,0.0,0.5849,0.0,0.0,0.0063,0.0,0.0
114,20220922,207,48,69,3195,0.657509135961957,1,126,0,0,0,0,0,0.0048,0.6087,0.0,0.0,0.0,0.0,0.0
115,20220915,15,5,7,68,0.3586547349582658,0,3,0,0,0,0,0,0.0,0.2,0.0,0.0,0.0,0.0,0.0
115,20220916,176,49,75,1882,0.32157379608124004,3,52,0,0,0,0,0,0.017,0.2955,0.0,0.0,0.0,0.0,0.0
115,20220917,147,38,60,2795,0.3721269985912678,3,65,0,0,0,0,0,0.0204,0.4422,0.0,0.0,0.0,0.0,0.0
115,20220918,120,29,51,1759,0.4111416382052211,0,45,0,0,0,0,0,0.0,0.375,0.0,0.0,0.0,0.0,0.0
115,20220919,104,24,35,1620,0.5215758051267549,0,52,0,0,0,0,0,0.0,0.5,0.0,0.0,0.0,0.0,0.0
115,20220920,68,24,29,596,0.3472484325186028,1,22,0,0,0,0,0,0.0147,0.3235,0.0,0.0,0.0,0.0,0.0
115,20220921,63,20,22,842,0.5204925517420388,3,36,0,0,0,0,0,0.0476,0.5714,0.0,0.0,0.0,0.0,0.0
115,20220922,42,13,19,467,0.38291877518401,0,22,0,0,0,0,0,0.0,0.5238,0.0,0.0,0.0,0.0,0.0
116,20220916,42,7,14,936,0.5028940942081406,0,21,0,0,0,0,0,0.0,0.5,0.0,0.0,0.0,0.0,0.0
116,20220917,50,9,17,315,0.38699892808352837,0,17,0,0,0,0,0,0.0,0.34,0.0,0.0,0.0,0.0,0.0
116,20220918,45,7,15,750,0.4935333787856917,0,27,0,0,0,0,0,0.0,0.6,0.0,0.0,0.0,0.0,0.0
116,20220919,21,6,6,201,0.3910183922909326,0,6,0,0,0,0,0,0.0,0.2857,0.0,0.0,0.0,0.0,0.0
116,20220920,9,2,3,126,0.19939532504169424,0,3,0,0,0,0,0,0.0,0.3333,0.0,0.0,0.0,0.0,0.0
116,20220921,3,1,1,9,0.2951013181192209,0,0,0,0,0,0,0,0.0,0.0,0.0,0.0,0.0,0.0,0.0
116,20220922,6,2,2,126,0.533131389625142,0,3,0,0,0,0,0,0.0,0.5,0.0,0.0,0.0,0.0,0.0
117,20220915,3,1,1,15,0.020232020814703013,0,0,0,0,0,0,0,0.0,0.0,0.0,0.0,0.0,0.0,0.0
117,20220916,19,5,7,737,0.6798359323301381,0,13,0,0,0,0,0,0.0,0.6842,0.0,0.0,0.0,0.0,0.0
117,20220917,17,5,6,960,0.6961391319684791,0,14,0,0,0,0,0,0.0,0.8235,0.0,0.0,0.0,0.0,0.0
117,20220918,42,11,15,1239,0.5926388027948981,0,25,0,3,0,0,0,0.0,0.5952,0.0,0.0714,0.0,0.0,0.0
117,20220919,11,4,4,243,0.4408671770183348,0,8,0,0,0,0,0,0.0,0.7273,0.0,0.0,0.0,0.0,0.0
117,20220920,18,5,7,430,0.8549266003553121,0,15,0,0,0,0,0,0.0,0.8333,0.0,0.0,0.0,0.0,0.0
117,20220921,23,4,8,742,0.4346970184084507,3,14,0,0,0,0,0,0.1304,0.6087,0.0,0.0,0.0,0.0,0.0
117,20220922,18,4,6,426,0.6604286223669114,0,15,3,0,0,0,0,0.0,0.8333,0.1667,0.0,0.0,0.0,0.0
118,20220915,15,5,6,465,0.5761681904796535,0,9,0,0,0,0,0,0.0,0.6,0.0,0.0,0.0,0.0,0.0
118,20220916,233,55,80,4795,0.3989811803030845,14,107,0,0,0,0,0,0.0601,0.4592,0.0,0.0,0.0,0.0,0.0
118,20220917,238,49,86,5347,0.5432588425255961,14,127,0,3,0,0,0,0.0588,0.5336,0.0,0.0126,0.0,0.0,0.0
118,20220918,190,46,75,3626,0.36532520939889285,5,86,0,2,3,0,0,0.0263,0.4526,0.0,0.0105,0.0158,0.0,0.0
118,20220919,117,29,38,2388,0.4373187026782822,3,43,0,0,0,0,0,0.0256,0.3675,0.0,0.0,0.0,0.0,0.0
118,20220920,111,28,45,1878,0.5205179396679664,5,60,0,0,0,0,0,0.045,0.5405,0.0,0.0,0.0,0.0,0.0
118,20220921,102,31,36,2801,0.6020022375859313,4,62,0,0,3,0,0,0.0392,0.6078,0.0,0.0,0.0294,0.0,0.0
118,20220922,58,18,20,1105,0.4023158805553413,0,32,0,0,0,0,0,0.0,0.5517,0.0,0.0,0.0,0.0,0.0
119,20220917,6,2,2,213,1.0,0,6,0,0,0,0,0,0.0,1.0,0.0,0.0,0.0,0.0,0.0
119,20220919,3,1,1,6,0.050977493436647724,0,0,0,0,0,0,0,0.0,0.0,0.0,0.0,0.0,0.0,0.0
119,20220920,3,1,1,6,0.17045938805079688,0,0,0,0,0,0,0,0.0,0.0,0.0,0.0,0.0,0.0,0.0
120,20220916,1,1,1,18,1.0,0,1,0,0,0,0,0,0.0,1.0,0.0,0.0,0.0,0.0,0.0
120,20220917,5,3,3,60,0.6443827557212332,0,3,0,0,0,0,0,0.0,0.6,0.0,0.0,0.0,0.0,0.0
120,20220918,19,5,7,149,0.549398302048552,0,9,0,0,0,0,0,0.0,0.4737,0.0,0.0,0.0,0.0,0.0
120,20220919,22,4,7,283,0.9113095019831696,0,18,0,0,0,0,0,0.0,0.8182,0.0,0.0,0.0,0.0,0.0
120,20220920,3,1,1,60,1.0,0,3,0,0,0,0,0,0.0,1.0,0.0,0.0,0.0,0.0,0.0
120,20220921,7,3,3,50,0.5585363061983559,0,3,0,0,0,0,0,0.0,0.4286,0.0,0.0,0.0,0.0,0.0
120,20220922,4,2,2,45,0.8167675598682453,0,3,0,0,0,0,0,0.0,0.75,0.0,0.0,0.0,0.0,0.0
121,20220915,58,15,21,584,0.26831739251485043,0,7,0,0,0,0,0,0.0,0.1207,0.0,0.0,0.0,0.0,0.0
121,20220916,535,93,169,6036,0.43727274646113956,6,204,2,0,0,0,0,0.0112,0.3813,0.0037,0.0,0.0,0.0,0.0
121,20220917,497,101,174,4681,0.39186040559112434,2,168,0,0,2,0,3,0.004,0.338,0.0,0.0,0.004,0.0,0.006
121,20220918,364,91,124,4881,0.4331002661974677,3,143,0,0,3,2,0,0.0082,0.3929,0.0,0.0,0.0082,0.0055,0.0
121,20220919,359,79,119,4820,0.38245404789752885,5,103,0,0,0,0,0,0.0139,0.2869,0.0,0.0,0.0,0.0,0.0
121,20220920,310,64,110,2483,0.42907866852369736,3,94,0,0,0,0,0,0.0097,0.3032,0.0,0.0,0.0,0.0,0.0
121,20220921,356,74,119,3842,0.40834979059302606,0,118,0,3,0,0,0,0.0,0.3315,0.0,0.0084,0.0,0.0,0.0
121,20220922,234,59,83,2304,0.47026733949657556,0,103,0,0,0,0,0,0.0,0.4402,0.0,0.0,0.0,0.0,0.0
123,20220915,268,76,93,18292,0.434188865162764,5,178,0,0,0,1,0,0.0187,0.6642,0.0,0.0,0.0,0.0037,0.0
123,20220916,3449,506,997,219392,0.4800912792593992,54,2206,10,13,18,3,1,0.0157,0.6396,0.0029,0.0038,0.0052,0.0009,0.0003
123,20220917,3623,556,928,227026,0.48206668706557465,75,2347,8,24,26,14,3,0.0207,0.6478,0.0022,0.0066,0.0072,0.0039,0.0008
123,20220918,3274,547,861,198402,0.46930608307498506,96,2068,5,29,13,12,0,0.0293,0.6316,0.0015,0.0089,0.004,0.0037,0.0
123,20220919,3067,438,811,224522,0.4903082467743629,31,2022,0,13,7,8,0,0.0101,0.6593,0.0,0.0042,0.0023,0.0026,0.0
123,20220920,2106,370,588,141483,0.46076073104639537,44,1299,2,13,11,5,0,0.0209,0.6168,0.0009,0.0062,0.0052,0.0024,0.0
123,20220921,1798,341,525,119574,0.46512544015275537,41,1110,3,15,19,5,0,0.0228,0.6174,0.0017,0.0083,0.0106,0.0028,0.0
123,20220922,1515,321,472,104009,0.47256733599966305,57,932,0,35,24,6,0,0.0376,0.6152,0.0,0.0231,0.0158,0.004,0.0
125,20220915,55,9,18,1258,0.6314398365248476,0,36,0,0,0,0,0,0.0,0.6545,0.0,0.0,0.0,0.0,0.0
125,20220916,396,65,133,7804,0.47806590710123925,6,224,0,0,0,0,0,0.0152,0.5657,0.0,0.0,0.0,0.0,0.0
125,20220917,254,54,91,4902,0.5555579888235038,12,132,4,3,3,3,0,0.0472,0.5197,0.0157,0.0118,0.0118,0.0118,0.0
125,20220918,432,63,149,7848,0.6116362566181601,11,253,0,2,0,0,0,0.0255,0.5856,0.0,0.0046,0.0,0.0,0.0
125,20220919,372,51,118,5613,0.5824478835994522,2,204,0,0,0,0,0,0.0054,0.5484,0.0,0.0,0.0,0.0,0.0
125,20220920,307,59,106,6031,0.6399486480942657,3,185,0,0,0,0,0,0.0098,0.6026,0.0,0.0,0.0,0.0,0.0
125,20220921,492,56,161,7363,0.5766818948491443,2,267,0,0,0,3,6,0.0041,0.5427,0.0,0.0,0.0,0.0061,0.0122
125,20220922,234,50,83,3739,0.512574975462146,3,113,0,0,0,0,0,0.0128,0.4829,0.0,0.0,0.0,0.0,0.0
126,20220915,27,11,7,783,0.5498474723667796,0,22,0,0,0,0,0,0.0,0.8148,0.0,0.0,0.0,0.0,0.0
126,20220916,366,86,127,7697,0.7056843386621963,8,273,0,3,2,0,0,0.0219,0.7459,0.0,0.0082,0.0055,0.0,0.0
126,20220917,320,79,122,9967,0.6664612492735736,14,225,0,2,7,0,0,0.0438,0.7031,0.0,0.0062,0.0219,0.0,0.0
126,20220918,358,95,119,7923,0.6098672784704893,5,237,0,0,0,0,0,0.014,0.662,0.0,0.0,0.0,0.0,0.0
126,20220919,215,55,75,6741,0.745127556411577,3,160,0,0,3,0,0,0.014,0.7442,0.0,0.0,0.014,0.0,0.0
126,20220920,254,54,87,5671,0.6385738238316614,6,162,0,0,2,0,0,0.0236,0.6378,0.0,0.0,0.0079,0.0,0.0
126,20220921,238,41,86,6809,0.604852712028894,1,152,0,0,1,0,0,0.0042,0.6387,0.0,0.0,0.0042,0.0,0.0
126,20220922,210,49,74,3685,0.6621886350348483,2,136,0,0,1,3,0,0.0095,0.6476,0.0,0.0,0.0048,0.0143,0.0
127,20220915,4,2,2,198,0.4664530285105832,0,3,0,0,0,0,0,0.0,0.75,0.0,0.0,0.0,0.0,0.0
127,20220916,46,18,17,1027,0.6516568441193383,3,36,0,0,0,0,0,0.0652,0.7826,0.0,0.0,0.0,0.0,0.0
127,20220917,33,11,13,801,0.48132711362594643,3,16,0,0,0,0,0,0.0909,0.4848,0.0,0.0,0.0,0.0,0.0
127,20220918,42,11,18,855,0.6355943752561682,0,30,0,0,0,0,0,0.0,0.7143,0.0,0.0,0.0,0.0,0.0
127,20220919,15,3,5,528,0.504929661138157,0,12,0,0,0,0,0,0.0,0.8,0.0,0.0,0.0,0.0,0.0
127,20220920,18,5,8,324,0.49606727152357916,0,9,0,0,0,0,0,0.0,0.5,0.0,0.0,0.0,0.0,0.0
127,20220921,18,4,7,314,0.5910680423496673,0,11,0,0,0,0,0,0.0,0.6111,0.0,0.0,0.0,0.0,0.0
127,20220922,31,7,11,537,0.4540411207213649,0,17,0,0,0,0,0,0.0,0.5484,0.0,0.0,0.0,0.0,0.0
128,20220915,15,5,5,624,0.6021798733811423,0,9,0,0,0,0,0,0.0,0.6,0.0,0.0,0.0,0.0,0.0
128,20220916,367,68,118,15944,0.5485768424466324,5,240,0,0,0,0,0,0.0136,0.654,0.0,0.0,0.0,0.0,0.0
128,20220917,282,62,98,11983,0.523634749362886,11,166,0,3,0,0,0,0.039,0.5887,0.0,0.0106,0.0,0.0,0.0
128,20220918,290,54,103,8089,0.5568371339462965,9,177,3,0,0,0,0,0.031,0.6103,0.0103,0.0,0.0,0.0,0.0
128,20220919,187,50,66,8943,0.5233022241074619,0,110,0,0,0,0,0,0.0,0.5882,0.0,0.0,0.0,0.0,0.0
128,20220920,256,57,88,11030,0.5290056278872879,18,161,0,0,0,0,0,0.0703,0.6289,0.0,0.0,0.0,0.0,0.0
128,20220921,158,41,58,7189,0.5198730456638485,0,89,0,0,0,0,0,0.0,0.5633,0.0,0.0,0.0,0.0,0.0
128,20220922,139,37,49,5921,0.5158370292174935,2,79,0,0,2,0,0,0.0144,0.5683,0.0,0.0,0.0144,0.0,0.0
129,20220915,3,1,1,18,0.16636167027116952,0,0,0,0,0,0,0,0.0,0.0,0.0,0.0,0.0,0.0,0.0
129,20220916,52,10,17,1353,0.5253826674092955,0,34,0,0,0,0,0,0.0,0.6538,0.0,0.0,0.0,0.0,0.0
129,20220917,45,10,16,1071,0.7484504751226315,0,39,0,0,0,0,0,0.0,0.8667,0.0,0.0,0.0,0.0,0.0
129,20220918,39,8,14,876,0.5902936623954671,3,28,0,0,0,0,0,0.0769,0.7179,0.0,0.0,0.0,0.0,0.0
129,20220919,12,3,4,123,0.1961837387024317,0,3,0,0,0,0,0,0.0,0.25,0.0,0.0,0.0,0.0,0.0
129,20220920,16,6,6,253,0.5480280163321831,0,13,0,0,0,0,0,0.0,0.8125,0.0,0.0,0.0,0.0,0.0
129,20220921,30,5,10,543,0.5465133969099922,0,18,0,0,0,0,0,0.0,0.6,0.0,0.0,0.0,0.0,0.0
129,20220922,21,4,7,690,0.6089613141598503,0,12,0,0,0,0,0,0.0,0.5714,0.0,0.0,0.0,0.0,0.0
130,20220915,1,1,1,2,0.023432923257176334,0,1,0,0,0,0,0,0.0,1.0,0.0,0.0,0.0,0.0,0.0
130,20220916,22,4,9,438,0.8105209356612287,0,15,0,0,0,0,0,0.0,0.6818,0.0,0.0,0.0,0.0,0.0
130,20220917,34,6,14,904,0.8190079472185469,2,29,0,0,2,0,0,0.0588,0.8529,0.0,0.0,0.0588,0.0,0.0
130,20220918,27,3,9,456,0.645266439909297,0,18,0,0,0,0,0,0.0,0.6667,0.0,0.0,0.0,0.0,0.0
130,20220919,18,3,6,138,0.4693658651579444,0,6,0,0,0,0,0,0.0,0.3333,0.0,0.0,0.0,0.0,0.0
130,20220920,9,2,3,339,0.6997354497354498,0,6,0,0,0,0,0,0.0,0.6667,0.0,0.0,0.0,0.0,0.0
130,20220922,10,4,4,165,0.5779747707162505,0,5,0,0,0,0,0,0.0,0.5,0.0,0.0,0.0,0.0,0.0
131,20220915,3,1,1,18,0.15748031496062992,0,0,0,0,0,0,0,0.0,0.0,0.0,0.0,0.0,0.0,0.0
131,20220916,13,4,5,464,0.6348600309259051,0,11,0,0,0,0,0,0.0,0.8462,0.0,0.0,0.0,0.0,0.0
131,20220917,4,2,2,10,0.3314777983702214,0,0,0,0,0,0,0,0.0,0.0,0.0,0.0,0.0,0.0,0.0
131,20220918,12,3,4,243,0.8444056016579068,3,12,0,0,0,0,0,0.25,1.0,0.0,0.0,0.0,0.0,0.0
131,20220919,14,5,5,1069,0.792132601071925,0,11,0,0,0,0,0,0.0,0.7857,0.0,0.0,0.0,0.0,0.0
131,20220920,24,5,8,282,0.5346124718311076,3,12,0,0,0,0,0,0.125,0.5,0.0,0.0,0.0,0.0,0.0
131,20220921,11,4,4,387,0.8632059085622802,0,11,0,0,0,0,0,0.0,1.0,0.0,0.0,0.0,0.0,0.0
131,20220922,9,3,3,603,0.6904010316537315,0,6,0,0,0,0,0,0.0,0.6667,0.0,0.0,0.0,0.0,0.0
133,20220915,13,4,3,200,0.4960815727690267,3,9,0,0,0,0,0,0.2308,0.6923,0.0,0.0,0.0,0.0,0.0
133,20220916,206,16,69,5662,0.7813239246217512,6,169,0,0,0,3,0,0.0291,0.8204,0.0,0.0,0.0,0.0146,0.0
133,20220917,262,24,86,6310,0.7424808907462582,0,200,0,0,0,0,0,0.0,0.7634,0.0,0.0,0.0,0.0,0.0
133,20220918,167,20,56,3852,0.751280632347138,3,127,0,2,0,0,0,0.018,0.7605,0.0,0.012,0.0,0.0,0.0
133,20220919,130,24,41,1776,0.5843386804497933,0,91,0,0,0,0,0,0.0,0.7,0.0,0.0,0.0,0.0,0.0
133,20220920,135,16,47,3326,0.6753351600613872,0,93,0,0,0,0,0,0.0,0.6889,0.0,0.0,0.0,0.0,0.0
133,20220921,76,17,27,1526,0.6646638646540404,0,50,0,2,2,0,0,0.0,0.6579,0.0,0.0263,0.0263,0.0,0.0
133,20220922,76,17,26,1488,0.4262434115771099,0,50,0,0,0,0,0,0.0,0.6579,0.0,0.0,0.0,0.0,0.0
134,20220915,22,10,9,160,0.721374197015701,0,8,0,0,0,0,0,0.0,0.3636,0.0,0.0,0.0,0.0,0.0
134,20220916,183,47,90,1726,0.5938000961475306,7,73,0,3,0,3,0,0.0383,0.3989,0.0,0.0164,0.0,0.0164,0.0
134,20220917,136,46,60,2059,0.5631310140395165,9,65,3,0,0,0,0,0.0662,0.4779,0.0221,0.0,0.0,0.0,0.0
134,20220918,164,53,72,2566,0.6210235297356769,5,80,0,0,0,0,0,0.0305,0.4878,0.0,0.0,0.0,0.0,0.0
134,20220919,131,39,56,1771,0.6519107113275571,0,67,0,0,0,0,0,0.0,0.5115,0.0,0.0,0.0,0.0,0.0
134,20220920,75,26,34,825,0.6342327969195668,0,35,0,0,3,0,0,0.0,0.4667,0.0,0.0,0.04,0.0,0.0
134,20220921,44,17,21,826,0.7014075162399747,1,23,0,0,3,0,0,0.0227,0.5227,0.0,0.0,0.0682,0.0,0.0
134,20220922,79,25,38,560,0.5789432068144215,1,30,0,0,0,0,0,0.0127,0.3797,0.0,0.0,0.0,0.0,0.0
135,20220915,25,4,8,132,0.9489157019403228,0,9,0,0,0,0,0,0.0,0.36,0.0,0.0,0.0,0.0,0.0
135,20220916,80,16,21,486,0.6090584291774629,0,30,0,0,0,0,0,0.0,0.375,0.0,0.0,0.0,0.0,0.0
135,20220917,47,21,27,470,0.5683616522039867,2,17,2,0,0,0,0,0.0426,0.3617,0.0426,0.0,0.0,0.0,0.0
135,20220918,70,17,31,738,0.5974280846004928,0,42,3,0,0,0,0,0.0,0.6,0.0429,0.0,0.0,0.0,0.0
135,20220919,36,13,17,181,0.30281789492686184,2,8,0,1,0,0,0,0.0556,0.2222,0.0,0.0278,0.0,0.0,0.0
135,20220920,41,17,20,408,0.5924243084036482,4,15,0,0,0,0,0,0.0976,0.3659,0.0,0.0,0.0,0.0,0.0
135,20220921,32,13,17,503,0.9098928951995544,1,28,2,0,0,0,0,0.0312,0.875,0.0625,0.0,0.0,0.0,0.0
135,20220922,32,12,14,387,0.5266968108148049,5,15,0,0,0,0,2,0.1562,0.4688,0.0,0.0,0.0,0.0,0.0625
136,20220915,274,102,101,14859,0.5012463572906835,6,167,0,0,2,3,0,0.0219,0.6095,0.0,0.0,0.0073,0.0109,0.0
136,20220916,3266,742,906,134868,0.5383361670524409,78,2170,4,14,23,6,2,0.0239,0.6644,0.0012,0.0043,0.007,0.0018,0.0006
136,20220917,3873,803,1016,163147,0.5491567543369564,86,2672,12,8,34,5,3,0.0222,0.6899,0.0031,0.0021,0.0088,0.0013,0.0008
136,20220918,3725,784,1015,161309,0.5230863514266295,97,2467,10,27,25,3,11,0.026,0.6623,0.0027,0.0072,0.0067,0.0008,0.003
136,20220919,2587,625,787,124525,0.5432250421789793,47,1704,6,13,16,7,0,0.0182,0.6587,0.0023,0.005,0.0062,0.0027,0.0
136,20220920,2416,540,717,107728,0.5438763439831704,74,1596,7,20,16,1,3,0.0306,0.6606,0.0029,0.0083,0.0066,0.0004,0.0012
136,20220921,1698,466,580,79432,0.55112714015616,52,1148,1,6,10,3,2,0.0306,0.6761,0.0006,0.0035,0.0059,0.0018,0.0012
136,20220922,1500,414,491,62253,0.46858943272953746,44,908,0,9,13,0,2,0.0293,0.6053,0.0,0.006,0.0087,0.0,0.0013
139,20220915,24,7,10,846,0.49465813889863225,0,15,0,0,0,0,0,0.0,0.625,0.0,0.0,0.0,0.0,0.0
139,20220916,164,28,60,6207,0.5124158239349718,0,113,0,0,0,0,0,0.0,0.689,0.0,0.0,0.0,0.0,0.0
139,20220917,136,30,50,6822,0.5269242623659243,3,103,0,0,0,0,0,0.0221,0.7574,0.0,0.0,0.0,0.0,0.0
139,20220918,186,30,68,8220,0.5731522639527006,18,129,0,3,6,0,0,0.0968,0.6935,0.0,0.0161,0.0323,0.0,0.0
139,20220919,88,17,33,4305,0.5193998387566158,0,60,0,0,0,0,0,0.0,0.6818,0.0,0.0,0.0,0.0,0.0
139,20220920,104,18,35,5203,0.46382477730393595,1,82,0,1,1,0,0,0.0096,0.7885,0.0,0.0096,0.0096,0.0,0.0
139,20220921,57,12,19,2680,0.3816560221255461,0,42,0,0,0,0,0,0.0,0.7368,0.0,0.0,0.0,0.0,0.0
139,20220922,63,14,23,3009,0.445135108836456,3,35,0,3,3,0,0,0.0476,0.5556,0.0,0.0476,0.0476,0.0,0.0
140,20220915,3,1,1,15,0.24590567058476367,0,0,0,0,0,0,0,0.0,0.0,0.0,0.0,0.0,0.0,0.0
140,20220916,64,15,28,2190,0.43157889207495637,3,41,0,0,3,1,0,0.0469,0.6406,0.0,0.0,0.0469,0.0156,0.0
140,20220917,53,14,20,2029,0.4086516864600325,0,38,0,0,0,0,0,0.0,0.717,0.0,0.0,0.0,0.0,0.0
140,20220918,24,7,10,1285,0.39792713954067366,0,18,0,0,0,0,0,0.0,0.75,0.0,0.0,0.0,0.0,0.0
140,20220919,28,8,10,664,0.46473453355666366,0,17,0,0,0,0,0,0.0,0.6071,0.0,0.0,0.0,0.0,0.0
140,20220920,48,12,18,2021,0.587533279039335,3,29,0,0,3,0,0,0.0625,0.6042,0.0,0.0,0.0625,0.0,0.0
140,20220921,26,7,15,700,0.6383704771366626,0,16,0,0,0,0,0,0.0,0.6154,0.0,0.0,0.0,0.0,0.0
140,20220922,18,9,9,342,0.5682429497583334,0,12,0,0,0,0,0,0.0,0.6667,0.0,0.0,0.0,0.0,0.0
141,20220915,58,7,20,795,0.3233695209061501,0,13,0,0,0,0,0,0.0,0.2241,0.0,0.0,0.0,0.0,0.0
141,20220916,398,27,132,4950,0.24836079158970056,5,94,0,0,0,0,0,0.0126,0.2362,0.0,0.0,0.0,0.0,0.0
141,20220917,347,24,117,3261,0.23227699313261427,2,81,0,0,0,0,0,0.0058,0.2334,0.0,0.0,0.0,0.0,0.0
141,20220918,283,20,97,3301,0.1848343302763472,0,59,0,3,0,1,0,0.0,0.2085,0.0,0.0106,0.0,0.0035,0.0
141,20220919,215,14,74,1462,0.17871246534088306,0,27,0,0,0,0,0,0.0,0.1256,0.0,0.0,0.0,0.0,0.0
141,20220920,103,13,38,1199,0.27982960351315983,0,29,0,0,0,0,0,0.0,0.2816,0.0,0.0,0.0,0.0,0.0
141,20220921,172,10,62,1629,0.17884472690767694,0,37,0,0,0,0,0,0.0,0.2151,0.0,0.0,0.0,0.0,0.0
141,20220922,169,16,57,1621,0.18466320290698063,0,51,0,0,0,0,0,0.0,0.3018,0.0,0.0,0.0,0.0,0.0
142,20220915,3,2,2,19,0.24495991283968965,0,3,0,0,0,0,0,0.0,1.0,0.0,0.0,0.0,0.0,0.0
142,20220916,34,7,14,404,0.5499445575676403,0,17,0,0,0,0,0,0.0,0.5,0.0,0.0,0.0,0.0,0.0
142,20220917,34,12,13,555,0.49588640999542494,0,16,0,0,0,0,0,0.0,0.4706,0.0,0.0,0.0,0.0,0.0
142,20220918,18,6,7,687,0.5838626133865833,3,12,0,0,0,0,0,0.1667,0.6667,0.0,0.0,0.0,0.0,0.0
142,20220919,31,9,15,533,0.5317783411040475,0,16,0,2,0,0,0,0.0,0.5161,0.0,0.0645,0.0,0.0,0.0
142,20220920,24,9,10,283,0.38843406831959193,0,8,0,0,0,0,0,0.0,0.3333,0.0,0.0,0.0,0.0,0.0
142,20220921,30,12,13,1024,0.7578231117107419,0,20,0,0,0,0,0,0.0,0.6667,0.0,0.0,0.0,0.0,0.0
142,20220922,33,8,16,719,0.6747798267749187,0,19,0,0,0,0,0,0.0,0.5758,0.0,0.0,0.0,0.0,0.0
143,20220916,14,2,5,223,0.8505933282197281,0,12,0,0,0,0,0,0.0,0.8571,0.0,0.0,0.0,0.0,0.0
143,20220918,7,2,2,48,0.36856364264670854,0,3,0,0,0,0,0,0.0,0.4286,0.0,0.0,0.0,0.0,0.0
143,20220919,8,2,4,44,0.4754747302621034,0,1,0,0,0,0,0,0.0,0.125,0.0,0.0,0.0,0.0,0.0
143,20220920,6,1,2,39,0.56360010404925,0,3,0,0,0,0,0,0.0,0.5,0.0,0.0,0.0,0.0,0.0
143,20220922,12,1,4,132,0.7763157894736841,0,9,0,0,0,0,0,0.0,0.75,0.0,0.0,0.0,0.0,0.0
144,20220915,6,2,2,30,0.03992696160283359,0,0,0,0,0,0,0,0.0,0.0,0.0,0.0,0.0,0.0,0.0
144,20220916,32,8,12,706,0.3742805917132993,0,9,0,0,0,0,0,0.0,0.2812,0.0,0.0,0.0,0.0,0.0
144,20220917,49,10,15,2775,0.5410118784480883,0,28,0,0,0,0,0,0.0,0.5714,0.0,0.0,0.0,0.0,0.0
144,20220918,6,3,3,189,0.13535965367165906,0,3,0,0,0,0,0,0.0,0.5,0.0,0.0,0.0,0.0,0.0
144,20220919,13,4,6,114,0.4280779825310424,0,5,0,0,0,0,0,0.0,0.3846,0.0,0.0,0.0,0.0,0.0
144,20220920,11,4,4,745,0.4531334193738715,0,9,0,0,0,0,0,0.0,0.8182,0.0,0.0,0.0,0.0,0.0
144,20220921,16,5,6,360,0.6389333906900517,0,13,0,0,0,0,0,0.0,0.8125,0.0,0.0,0.0,0.0,0.0
144,20220922,24,7,10,429,0.40787731817838485,0,13,0,0,3,3,0,0.0,0.5417,0.0,0.0,0.125,0.125,0.0
147,20220915,11,5,5,495,0.7629694002935823,0,10,0,0,0,0,0,0.0,0.9091,0.0,0.0,0.0,0.0,0.0
147,20220916,357,79,112,16176,0.5558680752289502,3,219,0,0,0,3,0,0.0084,0.6134,0.0,0.0,0.0,0.0084,0.0
147,20220917,334,73,118,15122,0.5308193994709378,0,194,0,0,0,3,0,0.0,0.5808,0.0,0.0,0.0,0.009,0.0
147,20220918,331,68,112,15514,0.4737734589747906,6,212,0,0,0,0,0,0.0181,0.6405,0.0,0.0,0.0,0.0,0.0
147,20220919,268,69,93,11120,0.5305774260067807,3,158,0,0,0,2,0,0.0112,0.5896,0.0,0.0,0.0,0.0075,0.0
147,20220920,270,72,96,10552,0.5007106726967515,3,147,4,0,3,0,0,0.0111,0.5444,0.0148,0.0,0.0111,0.0,0.0
147,20220921,224,59,79,10956,0.5501086771885352,0,133,0,0,1,0,0,0.0,0.5938,0.0,0.0,0.0045,0.0,0.0
147,20220922,154,38,54,6220,0.4130382997221762,0,66,0,0,1,1,0,0.0,0.4286,0.0,0.0,0.0065,0.0065,0.0
148,20220915,21,8,7,1507,0.676706734503429,0,15,0,0,0,0,0,0.0,0.7143,0.0,0.0,0.0,0.0,0.0
148,20220916,267,61,101,10108,0.48335591079420726,9,173,0,3,3,0,0,0.0337,0.6479,0.0,0.0112,0.0112,0.0,0.0
148,20220917,217,51,80,7883,0.5228443701161082,0,145,0,0,0,0,0,0.0,0.6682,0.0,0.0,0.0,0.0,0.0
148,20220918,175,41,62,6979,0.4898224370451967,0,112,3,0,0,0,0,0.0,0.64,0.0171,0.0,0.0,0.0,0.0
148,20220919,145,34,58,6516,0.6149234586644866,3,105,0,0,0,0,0,0.0207,0.7241,0.0,0.0,0.0,0.0,0.0
148,20220920,127,38,47,5179,0.5487637008069914,3,75,0,0,0,0,0,0.0236,0.5906,0.0,0.0,0.0,0.0,0.0
148,20220921,126,30,48,5753,0.45220019674632606,6,74,0,3,0,0,0,0.0476,0.5873,0.0,0.0238,0.0,0.0,0.0
148,20220922,109,32,40,3898,0.458270849745389,1,69,0,0,3,0,0,0.0092,0.633,0.0,0.0,0.0275,0.0,0.0
150,20220915,6,1,2,18,0.19417475728155342,0,0,0,0,0,0,0,0.0,0.0,0.0,0.0,0.0,0.0,0.0
150,20220916,15,4,5,759,0.8453706652274016,0,12,0,0,0,0,0,0.0,0.8,0.0,0.0,0.0,0.0,0.0
150,20220917,24,6,8,419,0.49288195311016153,0,16,0,0,0,0,0,0.0,0.6667,0.0,0.0,0.0,0.0,0.0
150,20220918,47,8,17,1302,0.4556123605364768,0,24,0,0,0,0,0,0.0,0.5106,0.0,0.0,0.0,0.0,0.0
150,20220919,58,6,23,1592,0.655711514096755,3,42,0,0,0,0,0,0.0517,0.7241,0.0,0.0,0.0,0.0,0.0
150,20220920,36,5,13,1375,0.5685830438665824,0,17,0,0,0,0,0,0.0,0.4722,0.0,0.0,0.0,0.0,0.0
150,20220921,39,6,14,464,0.4559820620314492,0,21,0,0,0,0,0,0.0,0.5385,0.0,0.0,0.0,0.0,0.0
150,20220922,14,3,5,97,0.19065469932035148,0,3,0,0,0,0,0,0.0,0.2143,0.0,0.0,0.0,0.0,0.0
153,20220915,53,14,15,1072,0.46689998114799214,0,18,0,0,0,0,0,0.0,0.3396,0.0,0.0,0.0,0.0,0.0
153,20220916,902,141,261,24755,0.5517631031001754,5,507,3,0,0,5,0,0.0055,0.5621,0.0033,0.0,0.0,0.0055,0.0
153,20220917,742,144,210,18754,0.5555821122655766,9,405,0,3,0,0,0,0.0121,0.5458,0.0,0.004,0.0,0.0,0.0
153,20220918,733,139,231,15286,0.5231376708979812,14,399,2,3,1,0,0,0.0191,0.5443,0.0027,0.0041,0.0014,0.0,0.0
153,20220919,600,127,185,15086,0.5112996185238696,3,314,0,1,0,12,0,0.005,0.5233,0.0,0.0017,0.0,0.02,0.0
153,20220920,453,107,148,8143,0.5130729890020771,7,212,0,2,4,0,0,0.0155,0.468,0.0,0.0044,0.0088,0.0,0.0
153,20220921,339,78,119,8777,0.5585538136757852,2,190,0,3,0,3,0,0.0059,0.5605,0.0,0.0088,0.0,0.0088,0.0
153,20220922,377,82,130,10710,0.5534893756447523,4,221,0,0,0,3,0,0.0106,0.5862,0.0,0.0,0.0,0.008,0.0
154,20220915,34,12,12,696,0.27451435905174765,0,15,0,0,0,0,0,0.0,0.4412,0.0,0.0,0.0,0.0,0.0
154,20220916,362,89,121,9350,0.4796909499420736,3,188,1,0,3,0,0,0.0083,0.5193,0.0028,0.0,0.0083,0.0,0.0
154,20220917,394,80,129,11233,0.49957703239007223,15,226,0,2,1,0,0,0.0381,0.5736,0.0,0.0051,0.0025,0.0,0.0
154,20220918,463,82,140,11367,0.43648967225708946,3,274,0,0,0,0,0,0.0065,0.5918,0.0,0.0,0.0,0.0,0.0
154,20220919,301,61,97,8315,0.41691658298608186,8,146,0,3,3,0,0,0.0266,0.485,0.0,0.01,0.01,0.0,0.0
154,20220920,252,54,86,9293,0.4454253271015364,0,126,0,0,0,0,0,0.0,0.5,0.0,0.0,0.0,0.0,0.0
154,20220921,304,50,106,8244,0.335473075894021,12,136,0,3,1,0,0,0.0395,0.4474,0.0,0.0099,0.0033,0.0,0.0
154,20220922,247,45,76,5362,0.4443117800804776,2,110,0,0,0,0,6,0.0081,0.4453,0.0,0.0,0.0,0.0,0.0243
155,20220915,11,4,4,216,0.12796072412548415,0,5,0,0,0,0,0,0.0,0.4545,0.0,0.0,0.0,0.0,0.0
155,20220916,274,58,82,12619,0.3352071631476751,0,181,0,3,3,0,0,0.0,0.6606,0.0,0.0109,0.0109,0.0,0.0
155,20220917,249,56,81,8335,0.3480418989464508,6,162,0,0,0,3,0,0.0241,0.6506,0.0,0.0,0.0,0.012,0.0
155,20220918,240,56,75,5100,0.23213676215858978,1,115,0,1,3,0,0,0.0042,0.4792,0.0,0.0042,0.0125,0.0,0.0
155,20220919,192,51,59,7049,0.26910652966846976,5,116,0,0,0,0,0,0.026,0.6042,0.0,0.0,0.0,0.0,0.0
155,20220920,138,35,49,5644,0.2519173662022584,3,87,0,0,0,0,0,0.0217,0.6304,0.0,0.0,0.0,0.0,0.0
155,20220921,128,33,45,4511,0.2756207247147219,0,93,0,0,0,0,0,0.0,0.7266,0.0,0.0,0.0,0.0,0.0
155,20220922,89,24,28,3417,0.23532915108500954,0,50,0,0,0,0,0,0.0,0.5618,0.0,0.0,0.0,0.0,0.0
156,20220915,5,2,2,18,0.26067268320551473,0,0,0,0,0,0,0,0.0,0.0,0.0,0.0,0.0,0.0,0.0
156,20220916,95,26,33,2494,0.6301285365228423,0,63,0,0,0,0,0,0.0,0.6632,0.0,0.0,0.0,0.0,0.0
156,20220917,80,19,32,1706,0.5467448634496587,0,41,0,0,0,0,0,0.0,0.5125,0.0,0.0,0.0,0.0,0.0
156,20220918,119,27,48,2296,0.5172981835242118,0,68,0,0,0,0,0,0.0,0.5714,0.0,0.0,0.0,0.0,0.0
156,20220919,82,21,33,2230,0.5350383981653435,0,49,0,0,0,0,0,0.0,0.5976,0.0,0.0,0.0,0.0,0.0
156,20220920,106,19,39,1981,0.5310273182067634,0,47,0,0,0,0,0,0.0,0.4434,0.0,0.0,0.0,0.0,0.0
156,20220921,51,14,21,775,0.6954816764910325,4,32,0,0,3,0,0,0.0784,0.6275,0.0,0.0,0.0588,0.0,0.0
156,20220922,67,13,22,1408,0.5350876794250029,5,37,0,2,0,0,0,0.0746,0.5522,0.0,0.0299,0.0,0.0,0.0
157,20220915,25,10,11,562,0.6097383592003583,0,23,0,0,0,0,0,0.0,0.92,0.0,0.0,0.0,0.0,0.0
157,20220916,282,44,92,7005,0.6272428503725304,3,169,0,3,0,0,0,0.0106,0.5993,0.0,0.0106,0.0,0.0,0.0
157,20220917,254,52,79,4528,0.47924772042846636,3,129,0,0,0,0,0,0.0118,0.5079,0.0,0.0,0.0,0.0,0.0
157,20220918,300,59,102,6392,0.5945493317149796,0,177,0,0,0,3,0,0.0,0.59,0.0,0.0,0.0,0.01,0.0
157,20220919,269,58,101,5498,0.5195340808821016,0,134,0,0,0,0,0,0.0,0.4981,0.0,0.0,0.0,0.0,0.0
157,20220920,177,45,68,3103,0.589155539147457,0,102,0,0,0,0,0,0.0,0.5763,0.0,0.0,0.0,0.0,0.0
157,20220921,162,46,54,3192,0.5468232108249578,6,84,2,3,0,0,0,0.037,0.5185,0.0123,0.0185,0.0,0.0,0.0
157,20220922,98,28,36,1528,0.47315438314439423,0,42,0,0,0,0,0,0.0,0.4286,0.0,0.0,0.0,0.0,0.0
158,20220915,38,11,12,2866,0.6759379259426328,0,29,0,0,0,0,0,0.0,0.7632,0.0,0.0,0.0,0.0,0.0
158,20220916,169,44,60,4984,0.4748793464556906,3,89,0,0,0,0,0,0.0178,0.5266,0.0,0.0,0.0,0.0,0.0
158,20220917,162,36,59,4942,0.4509541627854316,3,91,0,0,3,0,0,0.0185,0.5617,0.0,0.0,0.0185,0.0,0.0
158,20220918,155,46,56,3810,0.5115978467913815,0,92,0,0,3,3,0,0.0,0.5935,0.0,0.0,0.0194,0.0194,0.0
158,20220919,165,38,56,3949,0.47639653766028595,0,82,0,0,0,3,0,0.0,0.497,0.0,0.0,0.0,0.0182,0.0
158,20220920,215,39,71,6188,0.6043944927383762,0,144,0,0,0,3,0,0.0,0.6698,0.0,0.0,0.0,0.014,0.0
158,20220921,143,27,46,4006,0.6188038155487908,0,95,3,0,0,0,0,0.0,0.6643,0.021,0.0,0.0,0.0,0.0
158,20220922,113,25,40,3698,0.6208272987761873,3,77,0,3,0,0,0,0.0265,0.6814,0.0,0.0265,0.0,0.0,0.0
160,20220915,16,5,6,1084,0.8203432517022876,0,14,0,0,0,0,0,0.0,0.875,0.0,0.0,0.0,0.0,0.0
160,20220916,83,9,29,3208,0.47986346701475274,8,64,0,6,3,0,0,0.0964,0.7711,0.0,0.0723,0.0361,0.0,0.0
160,20220917,27,5,9,1587,0.470618780652083,3,21,0,0,0,0,0,0.1111,0.7778,0.0,0.0,0.0,0.0,0.0
160,20220918,56,10,19,2648,0.464914540404437,0,33,0,0,0,0,0,0.0,0.5893,0.0,0.0,0.0,0.0,0.0
160,20220919,40,9,14,1713,0.7629325356007732,6,32,0,0,3,0,0,0.15,0.8,0.0,0.0,0.075,0.0,0.0
160,20220920,52,10,19,3609,0.5811718800420396,2,40,0,0,0,2,0,0.0385,0.7692,0.0,0.0,0.0,0.0385,0.0
160,20220921,57,7,24,2665,0.28216262114177443,0,27,0,0,0,0,0,0.0,0.4737,0.0,0.0,0.0,0.0,0.0
160,20220922,28,5,11,931,0.36574043728212796,2,18,2,0,0,0,0,0.0714,0.6429,0.0714,0.0,0.0,0.0,0.0
161,20220915,2,1,1,56,1.0,0,2,0,0,0,0,0,0.0,1.0,0.0,0.0,0.0,0.0,0.0
161,20220916,46,10,17,1188,0.6229075671086427,0,32,0,0,0,3,0,0.0,0.6957,0.0,0.0,0.0,0.0652,0.0
161,20220917,79,16,31,2294,0.6570859993114891,0,51,0,0,0,0,0,0.0,0.6456,0.0,0.0,0.0,0.0,0.0
161,20220918,62,14,24,1465,0.6113065340915599,6,45,0,0,0,0,0,0.0968,0.7258,0.0,0.0,0.0,0.0,0.0
161,20220919,40,12,15,649,0.5766501773330436,0,21,0,0,3,0,0,0.0,0.525,0.0,0.0,0.075,0.0,0.0
161,20220920,36,5,12,726,0.2872546619130036,0,24,0,0,0,0,0,0.0,0.6667,0.0,0.0,0.0,0.0,0.0
161,20220921,39,5,13,2084,0.2781035092382205,0,20,0,0,0,0,0,0.0,0.5128,0.0,0.0,0.0,0.0,0.0
161,20220922,45,9,16,771,0.5649455660496597,0,32,0,0,0,0,0,0.0,0.7111,0.0,0.0,0.0,0.0,0.0
162,20220915,4,2,2,57,0.7979069965506962,0,4,0,0,0,0,0,0.0,1.0,0.0,0.0,0.0,0.0,0.0
162,20220916,50,9,18,814,0.5970761494950354,0,29,0,0,0,0,0,0.0,0.58,0.0,0.0,0.0,0.0,0.0
162,20220917,32,12,13,515,0.5140210860577681,0,13,0,0,0,0,0,0.0,0.4062,0.0,0.0,0.0,0.0,0.0
162,20220918,19,6,11,557,0.37359897512983553,0,6,0,0,0,0,0,0.0,0.3158,0.0,0.0,0.0,0.0,0.0
162,20220919,17,6,6,133,0.261224447938675,0,7,0,0,0,0,0,0.0,0.4118,0.0,0.0,0.0,0.0,0.0
162,20220920,21,6,12,499,0.4767300220595271,0,8,0,0,0,0,0,0.0,0.381,0.0,0.0,0.0,0.0,0.0
162,20220921,25,9,9,559,0.5604021861425718,0,19,0,0,0,0,0,0.0,0.76,0.0,0.0,0.0,0.0,0.0
162,20220922,12,6,6,661,0.5885672729377448,3,5,0,0,0,0,0,0.25,0.4167,0.0,0.0,0.0,0.0,0.0
163,20220916,27,6,11,593,0.6660197578450806,0,16,0,0,0,0,0,0.0,0.5926,0.0,0.0,0.0,0.0,0.0
163,20220917,17,5,7,389,0.5849576195633112,0,11,0,0,0,0,0,0.0,0.6471,0.0,0.0,0.0,0.0,0.0
163,20220918,24,5,10,945,0.8170190731979375,0,18,0,0,0,0,0,0.0,0.75,0.0,0.0,0.0,0.0,0.0
163,20220919,56,8,19,1458,0.5844930887857386,3,35,0,0,0,0,0,0.0536,0.625,0.0,0.0,0.0,0.0,0.0
163,20220920,156,10,53,2389,0.7564723084658128,0,104,0,0,0,0,0,0.0,0.6667,0.0,0.0,0.0,0.0,0.0
163,20220921,39,6,13,522,0.5209271989336292,3,18,0,0,0,0,0,0.0769,0.4615,0.0,0.0,0.0,0.0,0.0
163,20220922,19,6,7,389,0.48476757697620093,0,10,0,3,0,0,0,0.0,0.5263,0.0,0.1579,0.0,0.0,0.0
167,20220915,54,18,20,2360,0.4673491547104099,0,35,0,0,0,0,0,0.0,0.6481,0.0,0.0,0.0,0.0,0.0
167,20220916,766,132,249,21883,0.5230993075294568,19,479,3,0,3,3,6,0.0248,0.6253,0.0039,0.0,0.0039,0.0039,0.0078
167,20220917,652,138,223,19208,0.5133342871883801,16,405,6,4,11,0,3,0.0245,0.6212,0.0092,0.0061,0.0169,0.0,0.0046
167,20220918,772,147,251,20403,0.49441441466325564,18,453,0,4,13,1,0,0.0233,0.5868,0.0,0.0052,0.0168,0.0013,0.0
167,20220919,570,117,184,18507,0.5487089498165425,13,359,3,4,0,0,0,0.0228,0.6298,0.0053,0.007,0.0,0.0,0.0
167,20220920,564,117,186,18008,0.5097003018146361,3,363,0,0,0,0,0,0.0053,0.6436,0.0,0.0,0.0,0.0,0.0
167,20220921,381,82,124,9036,0.4789563857125425,2,211,0,0,2,0,0,0.0052,0.5538,0.0,0.0,0.0052,0.0,0.0
167,20220922,352,76,121,8443,0.4654786086523358,0,193,0,0,0,0,0,0.0,0.5483,0.0,0.0,0.0,0.0,0.0
168,20220915,3,1,1,21,0.14227642276422764,0,0,0,0,0,0,0,0.0,0.0,0.0,0.0,0.0,0.0,0.0
168,20220916,145,37,40,3384,0.5042511863004931,3,95,0,3,0,0,0,0.0207,0.6552,0.0,0.0207,0.0,0.0,0.0
168,20220917,210,40,66,5483,0.44263494125342545,9,126,0,3,3,0,0,0.0429,0.6,0.0,0.0143,0.0143,0.0,0.0
168,20220918,164,32,59,4263,0.5599962355074138,5,108,0,3,0,0,0,0.0305,0.6585,0.0,0.0183,0.0,0.0,0.0
168,20220919,75,22,24,1298,0.42600450819182706,0,42,0,0,0,0,0,0.0,0.56,0.0,0.0,0.0,0.0,0.0
168,20220920,93,24,32,2321,0.4384192030736963,0,46,0,0,0,0,0,0.0,0.4946,0.0,0.0,0.0,0.0,0.0
168,20220921,79,20,27,2217,0.5145973373726286,2,49,0,0,0,0,0,0.0253,0.6203,0.0,0.0,0.0,0.0,0.0
168,20220922,60,16,21,1073,0.3045104035226966,6,27,0,0,3,0,0,0.1,0.45,0.0,0.0,0.05,0.0,0.0
169,20220915,2,1,1,36,0.8852604141051493,0,2,0,0,0,0,0,0.0,1.0,0.0,0.0,0.0,0.0,0.0
169,20220916,32,7,11,500,0.7343162258324224,0,21,0,0,0,0,0,0.0,0.6562,0.0,0.0,0.0,0.0,0.0
169,20220917,80,15,25,716,0.4996108261978398,0,32,0,0,0,0,0,0.0,0.4,0.0,0.0,0.0,0.0,0.0
169,20220918,66,16,25,1343,0.6781760458606672,0,49,0,0,3,0,0,0.0,0.7424,0.0,0.0,0.0455,0.0,0.0
169,20220919,35,9,12,536,0.7477585278623016,2,29,0,0,0,0,0,0.0571,0.8286,0.0,0.0,0.0,0.0,0.0
169,20220920,26,6,9,178,0.3487164628428461,0,6,0,0,0,0,0,0.0,0.2308,0.0,0.0,0.0,0.0,0.0
169,20220921,10,4,4,91,0.5249262820282146,0,4,0,0,0,0,0,0.0,0.4,0.0,0.0,0.0,0.0,0.0
169,20220922,20,6,7,1273,0.7511111111111111,0,14,0,0,0,3,0,0.0,0.7,0.0,0.0,0.0,0.15,0.0
170,20220915,41,14,15,724,0.3520198576389416,0,20,0,0,0,0,0,0.0,0.4878,0.0,0.0,0.0,0.0,0.0
170,20220916,262,73,104,7841,0.47282226535036137,5,148,0,5,0,3,0,0.0191,0.5649,0.0,0.0191,0.0,0.0115,0.0
170,20220917,366,84,127,10722,0.38390421710435446,3,180,0,3,0,4,0,0.0082,0.4918,0.0,0.0082,0.0,0.0109,0.0
170,20220918,304,60,107,7508,0.44735817070366,0,155,1,0,3,0,0,0.0,0.5099,0.0033,0.0,0.0099,0.0,0.0
170,20220919,201,57,70,8123,0.49498517270331577,3,103,0,0,0,0,0,0.0149,0.5124,0.0,0.0,0.0,0.0,0.0
170,20220920,244,62,93,6705,0.4065141971191813,0,120,0,0,0,0,0,0.0,0.4918,0.0,0.0,0.0,0.0,0.0
170,20220921,185,53,70,4561,0.4285592071482875,6,83,0,3,0,0,0,0.0324,0.4486,0.0,0.0162,0.0,0.0,0.0
170,20220922,159,46,62,4142,0.3950948790133526,8,89,0,1,0,0,0,0.0503,0.5597,0.0,0.0063,0.0,0.0,0.0
179,20220915,34,13,14,884,0.40017189253523616,0,21,0,0,0,0,0,0.0,0.6176,0.0,0.0,0.0,0.0,0.0
179,20220916,314,70,105,8154,0.4613162052923251,0,172,0,0,0,0,0,0.0,0.5478,0.0,0.0,0.0,0.0,0.0
179,20220917,297,64,96,4748,0.48187339171910976,2,158,0,0,0,0,0,0.0067,0.532,0.0,0.0,0.0,0.0,0.0
179,20220918,377,74,113,10113,0.5195796648688985,3,249,0,0,0,0,0,0.008,0.6605,0.0,0.0,0.0,0.0,0.0
179,20220919,351,68,97,8055,0.4459720491405182,0,186,0,0,0,6,0,0.0,0.5299,0.0,0.0,0.0,0.0171,0.0
179,20220920,386,76,113,9746,0.4807476932333743,3,203,0,0,3,0,0,0.0078,0.5259,0.0,0.0,0.0078,0.0,0.0
179,20220921,229,58,73,5246,0.3538264712049758,0,118,0,0,0,0,0,0.0,0.5153,0.0,0.0,0.0,0.0,0.0
179,20220922,285,61,100,6236,0.3905527281908451,0,126,0,0,1,0,0,0.0,0.4421,0.0,0.0,0.0035,0.0,0.0
183,20220915,4,2,2,157,1.0,0,4,0,0,0,0,0,0.0,1.0,0.0,0.0,0.0,0.0,0.0
183,20220916,66,16,26,1444,0.6513359672090858,0,42,0,0,0,0,0,0.0,0.6364,0.0,0.0,0.0,0.0,0.0
183,20220917,63,15,26,800,0.3974587911009917,0,23,1,0,0,0,0,0.0,0.3651,0.0159,0.0,0.0,0.0,0.0
183,20220918,42,15,18,1110,0.559004757670572,0,27,0,0,0,0,0,0.0,0.6429,0.0,0.0,0.0,0.0,0.0
183,20220919,67,16,27,2049,0.5217748835084347,0,44,0,0,0,0,0,0.0,0.6567,0.0,0.0,0.0,0.0,0.0
183,20220920,40,14,17,1014,0.7486587800982044,0,30,0,0,0,0,0,0.0,0.75,0.0,0.0,0.0,0.0,0.0
183,20220921,48,13,17,1869,0.5544069442346018,0,36,0,0,0,0,0,0.0,0.75,0.0,0.0,0.0,0.0,0.0
183,20220922,32,10,12,1230,0.6753548513185054,0,21,0,0,0,0,0,0.0,0.6562,0.0,0.0,0.0,0.0,0.0
184,20220919,1,1,1,68,1.0,0,1,0,0,0,0,0,0.0,1.0,0.0,0.0,0.0,0.0,0.0
185,20220916,2,1,1,60,1.0,0,2,0,0,0,0,0,0.0,1.0,0.0,0.0,0.0,0.0,0.0
185,20220921,4,1,2,66,0.8367759317467445,0,4,0,0,0,0,0,0.0,1.0,0.0,0.0,0.0,0.0,0.0
185,20220922,2,1,1,8,0.224517287831163,0,0,0,0,0,0,0,0.0,0.0,0.0,0.0,0.0,0.0,0.0
186,20220915,3,1,1,369,1.0,0,3,0,0,0,0,0,0.0,1.0,0.0,0.0,0.0,0.0,0.0
186,20220918,11,4,4,137,0.5657021222929216,0,8,0,0,0,0,0,0.0,0.7273,0.0,0.0,0.0,0.0,0.0
186,20220919,3,1,1,42,0.8955414827608265,0,3,0,0,0,0,0,0.0,1.0,0.0,0.0,0.0,0.0,0.0
186,20220921,4,2,2,47,0.7641242937853108,0,4,0,0,0,0,0,0.0,1.0,0.0,0.0,0.0,0.0,0.0
186,20220922,3,1,1,30,0.11916110581506197,0,3,0,0,0,0,0,0.0,1.0,0.0,0.0,0.0,0.0,0.0
187,20220916,9,4,4,135,0.5694719753843291,0,5,0,0,0,0,0,0.0,0.5556,0.0,0.0,0.0,0.0,0.0
187,20220917,6,3,3,44,0.6157961866789566,0,3,0,0,0,0,0,0.0,0.5,0.0,0.0,0.0,0.0,0.0
187,20220918,13,4,5,560,0.3823906053872754,0,9,0,0,0,0,0,0.0,0.6923,0.0,0.0,0.0,0.0,0.0
187,20220919,7,3,3,60,0.4140623960016363,0,4,0,0,0,0,0,0.0,0.5714,0.0,0.0,0.0,0.0,0.0
187,20220920,8,3,4,86,0.7674512987012987,0,3,0,0,0,0,0,0.0,0.375,0.0,0.0,0.0,0.0,0.0
187,20220921,1,1,1,40,1.0,0,1,0,0,0,0,0,0.0,1.0,0.0,0.0,0.0,0.0,0.0
187,20220922,1,1,1,1,0.13031013812874645,0,0,0,0,0,0,0,0.0,0.0,0.0,0.0,0.0,0.0,0.0
188,20220915,41,8,19,1134,0.307561012445608,0,18,0,0,0,0,0,0.0,0.439,0.0,0.0,0.0,0.0,0.0
188,20220916,554,51,226,11703,0.40230059885769964,6,277,0,0,1,16,0,0.0108,0.5,0.0,0.0,0.0018,0.0289,0.0
188,20220917,229,43,82,5606,0.5418421531621957,0,151,0,0,3,3,0,0.0,0.6594,0.0,0.0,0.0131,0.0131,0.0
188,20220918,205,45,71,4419,0.4659774418207387,0,109,0,0,1,2,0,0.0,0.5317,0.0,0.0,0.0049,0.0098,0.0
188,20220919,149,32,69,4574,0.5151127015257249,3,78,0,0,1,0,0,0.0201,0.5235,0.0,0.0,0.0067,0.0,0.0
188,20220920,87,26,39,1974,0.4726039687220498,0,42,0,0,0,0,0,0.0,0.4828,0.0,0.0,0.0,0.0,0.0
188,20220921,93,29,47,2890,0.4811438125991457,0,47,0,0,0,0,0,0.0,0.5054,0.0,0.0,0.0,0.0,0.0
188,20220922,102,21,48,1788,0.525545415583672,0,54,0,0,0,0,0,0.0,0.5294,0.0,0.0,0.0,0.0,0.0
189,20220915,25,10,12,1176,0.4560763957108645,1,14,0,1,0,3,0,0.04,0.56,0.0,0.04,0.0,0.12,0.0
189,20220916,235,49,94,6072,0.5226416794906024,5,125,0,1,1,0,0,0.0213,0.5319,0.0,0.0043,0.0043,0.0,0.0
189,20220917,175,50,71,5712,0.49334447298183653,8,90,1,1,2,3,0,0.0457,0.5143,0.0057,0.0057,0.0114,0.0171,0.0
189,20220918,196,50,75,5848,0.5174997191785605,7,117,0,0,3,0,0,0.0357,0.5969,0.0,0.0,0.0153,0.0,0.0
189,20220919,208,39,82,8068,0.5494506164724925,9,134,0,3,0,3,0,0.0433,0.6442,0.0,0.0144,0.0,0.0144,0.0
189,20220920,208,37,80,9015,0.5090924368837743,3,142,0,0,0,0,0,0.0144,0.6827,0.0,0.0,0.0,0.0,0.0
189,20220921,162,36,67,3419,0.5251189930686654,3,103,0,6,0,0,0,0.0185,0.6358,0.0,0.037,0.0,0.0,0.0
189,20220922,109,27,40,2498,0.42986935611942695,3,44,0,3,3,0,0,0.0275,0.4037,0.0,0.0275,0.0275,0.0,0.0
190,20220915,11,6,6,809,0.7701140396015723,0,9,0,0,0,0,0,0.0,0.8182,0.0,0.0,0.0,0.0,0.0
190,20220916,195,35,83,15221,0.506652142053041,3,124,0,0,5,0,0,0.0154,0.6359,0.0,0.0,0.0256,0.0,0.0
190,20220917,196,35,74,9275,0.45972379615687486,3,129,0,0,0,0,3,0.0153,0.6582,0.0,0.0,0.0,0.0,0.0153
190,20220918,123,30,51,7132,0.549153170221029,2,73,0,0,0,0,0,0.0163,0.5935,0.0,0.0,0.0,0.0,0.0
190,20220919,139,31,54,7703,0.49363772845335613,5,82,3,0,0,0,0,0.036,0.5899,0.0216,0.0,0.0,0.0,0.0
190,20220920,108,23,44,4324,0.3768650355757715,6,45,0,0,0,0,0,0.0556,0.4167,0.0,0.0,0.0,0.0,0.0
190,20220921,179,26,67,10751,0.5294575837931297,0,110,0,0,0,0,0,0.0,0.6145,0.0,0.0,0.0,0.0,0.0
190,20220922,84,19,32,4345,0.41938288129669316,3,54,0,0,3,0,0,0.0357,0.6429,0.0,0.0,0.0357,0.0,0.0
191,20220916,13,5,5,139,0.5139579228152873,2,3,0,0,0,0,0,0.1538,0.2308,0.0,0.0,0.0,0.0,0.0
191,20220917,8,3,3,91,0.7748037397333097,0,6,0,0,0,0,0,0.0,0.75,0.0,0.0,0.0,0.0,0.0
191,20220918,23,6,11,348,0.8283374928849774,0,18,0,0,0,0,0,0.0,0.7826,0.0,0.0,0.0,0.0,0.0
191,20220919,12,5,6,134,0.7658831823105624,0,7,0,0,0,0,0,0.0,0.5833,0.0,0.0,0.0,0.0,0.0
191,20220920,3,1,1,15,0.3769033619779889,0,0,0,0,0,0,0,0.0,0.0,0.0,0.0,0.0,0.0,0.0
193,20220915,2,1,1,26,1.0,0,2,0,0,0,0,0,0.0,1.0,0.0,0.0,0.0,0.0,0.0
193,20220916,14,3,4,167,0.800882238334035,0,9,0,0,0,0,0,0.0,0.6429,0.0,0.0,0.0,0.0,0.0
193,20220917,4,2,2,46,0.7850483667461097,0,3,0,0,0,0,0,0.0,0.75,0.0,0.0,0.0,0.0,0.0
193,20220918,37,4,11,482,0.7530271469777675,0,21,0,0,0,0,0,0.0,0.5676,0.0,0.0,0.0,0.0,0.0
193,20220919,6,2,2,66,0.6181102362204725,0,3,0,0,0,0,0,0.0,0.5,0.0,0.0,0.0,0.0,0.0
193,20220921,3,1,1,33,1.0,0,3,0,0,0,0,0,0.0,1.0,0.0,0.0,0.0,0.0,0.0
195,20220915,12,4,4,123,0.6997592209449547,3,6,0,0,0,0,0,0.25,0.5,0.0,0.0,0.0,0.0,0.0
195,20220916,131,14,44,1470,0.7218475221826921,6,88,0,0,0,0,0,0.0458,0.6718,0.0,0.0,0.0,0.0,0.0
195,20220917,147,22,45,2189,0.7671398576304898,0,111,0,0,0,3,0,0.0,0.7551,0.0,0.0,0.0,0.0204,0.0
195,20220918,113,21,36,1993,0.626716409164999,5,70,0,0,2,0,0,0.0442,0.6195,0.0,0.0,0.0177,0.0,0.0
195,20220919,56,14,17,892,0.7503670153036939,3,47,0,0,3,0,0,0.0536,0.8393,0.0,0.0,0.0536,0.0,0.0
195,20220920,88,14,28,714,0.5155228487419139,12,33,0,0,3,0,0,0.1364,0.375,0.0,0.0,0.0341,0.0,0.0
195,20220921,21,4,7,282,0.6839144097782339,0,15,0,0,0,0,0,0.0,0.7143,0.0,0.0,0.0,0.0,0.0
195,20220922,81,13,25,1033,0.49494694006364853,3,23,0,0,0,0,4,0.037,0.284,0.0,0.0,0.0,0.0,0.0494
199,20220915,3,1,1,45,1.0,0,3,0,0,0,0,0,0.0,1.0,0.0,0.0,0.0,0.0,0.0
199,20220916,123,24,40,3927,0.4731194063171743,3,86,0,0,0,0,0,0.0244,0.6992,0.0,0.0,0.0,0.0,0.0
199,20220917,129,30,46,6755,0.5515438478757912,4,78,0,0,4,0,0,0.031,0.6047,0.0,0.0,0.031,0.0,0.0
199,20220918,154,27,51,6916,0.5342012994015479,0,101,0,0,2,0,0,0.0,0.6558,0.0,0.0,0.013,0.0,0.0
199,20220919,105,17,38,5952,0.45072374180467584,3,62,0,0,3,0,0,0.0286,0.5905,0.0,0.0,0.0286,0.0,0.0
199,20220920,93,21,33,3030,0.3699000287376627,1,53,0,0,0,0,0,0.0108,0.5699,0.0,0.0,0.0,0.0,0.0
199,20220921,131,21,43,5398,0.33995402544488257,0,78,3,0,0,0,0,0.0,0.5954,0.0229,0.0,0.0,0.0,0.0
199,20220922,75,13,28,1948,0.34678756387048093,0,35,0,0,0,0,0,0.0,0.4667,0.0,0.0,0.0,0.0,0.0
201,20220915,14,6,6,566,0.3396844186938239,0,8,0,0,0,0,0,0.0,0.5714,0.0,0.0,0.0,0.0,0.0
201,20220916,132,26,45,4019,0.46857099331709484,0,75,0,0,0,0,0,0.0,0.5682,0.0,0.0,0.0,0.0,0.0
201,20220917,90,17,30,2847,0.4759586657165359,0,61,0,0,0,0,0,0.0,0.6778,0.0,0.0,0.0,0.0,0.0
201,20220918,138,23,44,3299,0.544563087215912,0,69,0,0,0,0,0,0.0,0.5,0.0,0.0,0.0,0.0,0.0
201,20220919,92,22,27,3105,0.4805298637975931,0,59,0,0,0,0,0,0.0,0.6413,0.0,0.0,0.0,0.0,0.0
201,20220920,113,25,37,4114,0.5564233660054687,6,68,0,3,3,0,0,0.0531,0.6018,0.0,0.0265,0.0265,0.0,0.0
201,20220921,37,12,13,1304,0.5481658825889131,0,26,0,0,0,0,0,0.0,0.7027,0.0,0.0,0.0,0.0,0.0
201,20220922,74,17,23,1692,0.40469389269154626,3,40,0,0,3,0,0,0.0405,0.5405,0.0,0.0,0.0405,0.0,0.0
203,20220916,18,2,6,678,0.6257887714914058,0,12,0,3,0,0,0,0.0,0.6667,0.0,0.1667,0.0,0.0,0.0
203,20220917,3,1,1,180,1.0,0,3,0,0,0,0,0,0.0,1.0,0.0,0.0,0.0,0.0,0.0
203,20220918,15,2,5,132,0.6289019197205857,0,6,0,0,0,0,0,0.0,0.4,0.0,0.0,0.0,0.0,0.0
203,20220919,9,3,3,72,0.34990506142011546,0,3,0,0,0,0,0,0.0,0.3333,0.0,0.0,0.0,0.0,0.0
203,20220920,3,1,1,882,1.0,0,3,0,0,0,0,0,0.0,1.0,0.0,0.0,0.0,0.0,0.0
203,20220921,6,2,2,12,0.01853109571762363,0,0,0,0,0,0,0,0.0,0.0,0.0,0.0,0.0,0.0,0.0
204,20220915,6,2,2,60,0.043863708679329476,0,3,0,0,0,0,0,0.0,0.5,0.0,0.0,0.0,0.0,0.0
204,20220916,54,12,16,1030,0.316806566329579,0,43,0,0,0,0,0,0.0,0.7963,0.0,0.0,0.0,0.0,0.0
204,20220917,67,16,22,2895,0.5127798601011786,3,48,0,0,0,0,0,0.0448,0.7164,0.0,0.0,0.0,0.0,0.0
204,20220918,52,12,19,2348,0.45636536359316504,0,36,0,0,0,0,0,0.0,0.6923,0.0,0.0,0.0,0.0,0.0
204,20220919,69,15,22,3010,0.41658381438623615,0,45,0,0,3,0,0,0.0,0.6522,0.0,0.0,0.0435,0.0,0.0
204,20220920,171,15,58,6141,0.44981654752582345,0,111,0,0,0,0,0,0.0,0.6491,0.0,0.0,0.0,0.0,0.0
204,20220921,160,17,55,7571,0.43894071944812985,6,103,0,5,0,2,0,0.0375,0.6438,0.0,0.0312,0.0,0.0125,0.0
204,20220922,159,11,53,4862,0.533535653861231,2,101,0,0,0,3,0,0.0126,0.6352,0.0,0.0,0.0,0.0189,0.0
205,20220915,1,1,1,58,0.5357175844678846,0,1,0,0,0,0,0,0.0,1.0,0.0,0.0,0.0,0.0,0.0
205,20220916,45,15,18,1966,0.7255845238539613,3,36,3,3,3,3,0,0.0667,0.8,0.0667,0.0667,0.0667,0.0667,0.0
205,20220917,36,10,12,288,0.21620756375587058,0,6,0,0,0,0,0,0.0,0.1667,0.0,0.0,0.0,0.0,0.0
205,20220918,47,11,19,721,0.5018094243230737,5,24,0,1,0,0,0,0.1064,0.5106,0.0,0.0213,0.0,0.0,0.0
205,20220919,67,15,29,991,0.38647790832227014,0,28,0,0,0,0,0,0.0,0.4179,0.0,0.0,0.0,0.0,0.0
205,20220920,58,12,20,1609,0.57250191650714,6,32,0,0,0,0,0,0.1034,0.5517,0.0,0.0,0.0,0.0,0.0
205,20220921,24,6,10,703,0.4168562851903002,0,10,0,0,0,0,0,0.0,0.4167,0.0,0.0,0.0,0.0,0.0
205,20220922,8,3,3,121,0.30824205814645067,0,3,0,0,0,0,0,0.0,0.375,0.0,0.0,0.0,0.0,0.0
208,20220915,7,2,3,125,0.3742972338518979,3,7,0,0,0,0,0,0.4286,1.0,0.0,0.0,0.0,0.0,0.0
208,20220916,79,24,29,1821,0.6271424303077983,0,60,0,0,0,0,0,0.0,0.7595,0.0,0.0,0.0,0.0,0.0
208,20220917,121,30,47,3857,0.7378389741371917,2,105,0,0,0,0,0,0.0165,0.8678,0.0,0.0,0.0,0.0,0.0
208,20220918,79,28,27,1548,0.4181456846256212,0,45,0,0,2,0,0,0.0,0.5696,0.0,0.0,0.0253,0.0,0.0
208,20220919,64,16,24,1149,0.4479414791601448,0,34,0,0,0,0,0,0.0,0.5312,0.0,0.0,0.0,0.0,0.0
208,20220920,38,13,16,867,0.6061588525423381,0,22,0,0,0,1,2,0.0,0.5789,0.0,0.0,0.0,0.0263,0.0526
208,20220921,38,12,14,528,0.6324607868747794,0,22,3,0,0,0,0,0.0,0.5789,0.0789,0.0,0.0,0.0,0.0
208,20220922,18,6,9,356,0.7099990943651209,3,10,3,0,0,0,0,0.1667,0.5556,0.1667,0.0,0.0,0.0,0.0
209,20220917,2,1,1,4,0.19918334827208445,0,0,0,0,0,0,0,0.0,0.0,0.0,0.0,0.0,0.0,0.0
210,20220916,2,1,1,22,1.0,0,2,0,0,0,0,0,0.0,1.0,0.0,0.0,0.0,0.0,0.0
210,20220917,2,1,1,46,1.0,0,2,0,0,0,0,0,0.0,1.0,0.0,0.0,0.0,0.0,0.0
210,20220919,12,1,6,148,0.8617981364944631,0,8,0,0,0,2,0,0.0,0.6667,0.0,0.0,0.0,0.1667,0.0
210,20220920,2,1,1,4,0.1923076923076923,0,0,0,0,0,0,0,0.0,0.0,0.0,0.0,0.0,0.0,0.0
213,20220915,11,3,4,451,0.605717837045031,0,9,0,0,0,0,0,0.0,0.8182,0.0,0.0,0.0,0.0,0.0
213,20220916,111,23,47,3679,0.6103461758658063,0,74,0,0,0,0,0,0.0,0.6667,0.0,0.0,0.0,0.0,0.0
213,20220917,70,17,29,1743,0.6574261940094215,3,44,0,0,0,0,0,0.0429,0.6286,0.0,0.0,0.0,0.0,0.0
213,20220918,56,16,24,1497,0.5301418750728766,3,27,0,0,0,0,0,0.0536,0.4821,0.0,0.0,0.0,0.0,0.0
213,20220919,68,19,27,2470,0.6419340783778863,0,50,0,0,3,0,0,0.0,0.7353,0.0,0.0,0.0441,0.0,0.0
213,20220920,56,16,21,879,0.6251910683631949,0,35,0,0,0,0,0,0.0,0.625,0.0,0.0,0.0,0.0,0.0
213,20220921,38,12,15,975,0.5989330672387257,0,27,0,0,0,0,0,0.0,0.7105,0.0,0.0,0.0,0.0,0.0
213,20220922,46,13,18,835,0.4580913293203138,0,25,0,0,0,0,0,0.0,0.5435,0.0,0.0,0.0,0.0,0.0
214,20220915,27,8,9,783,0.46174568723902637,0,9,0,0,0,0,0,0.0,0.3333,0.0,0.0,0.0,0.0,0.0
214,20220916,302,58,96,6555,0.5267879165231537,7,171,0,0,4,0,0,0.0232,0.5662,0.0,0.0,0.0132,0.0,0.0
214,20220917,416,73,142,12050,0.5790494084101289,8,294,0,0,0,2,3,0.0192,0.7067,0.0,0.0,0.0,0.0048,0.0072
214,20220918,319,50,108,5758,0.47260692921269015,3,189,0,3,3,0,0,0.0094,0.5925,0.0,0.0094,0.0094,0.0,0.0
214,20220919,298,47,100,7285,0.5360695895822263,3,172,3,0,0,0,0,0.0101,0.5772,0.0101,0.0,0.0,0.0,0.0
214,20220920,224,51,70,6293,0.4540938462217585,3,147,0,0,6,0,0,0.0134,0.6562,0.0,0.0,0.0268,0.0,0.0
214,20220921,199,43,67,5572,0.4624224986492391,3,131,0,0,3,0,0,0.0151,0.6583,0.0,0.0,0.0151,0.0,0.0
214,20220922,167,40,53,6095,0.5254590488430118,6,105,0,0,3,0,0,0.0359,0.6287,0.0,0.0,0.018,0.0,0.0
215,20220915,12,4,4,138,0.23593031649718066,0,3,0,0,0,0,0,0.0,0.25,0.0,0.0,0.0,0.0,0.0
215,20220916,56,13,18,956,0.4470943402116227,0,32,0,0,0,0,0,0.0,0.5714,0.0,0.0,0.0,0.0,0.0
215,20220917,53,14,18,1327,0.38402189963116784,3,30,0,0,0,0,0,0.0566,0.566,0.0,0.0,0.0,0.0,0.0
215,20220918,67,11,23,658,0.10830655490259092,0,24,0,0,0,0,0,0.0,0.3582,0.0,0.0,0.0,0.0,0.0
215,20220919,30,8,11,935,0.49218012485791196,0,14,0,0,0,0,0,0.0,0.4667,0.0,0.0,0.0,0.0,0.0
215,20220920,55,12,20,1885,0.3604333961979795,0,42,0,0,0,0,0,0.0,0.7636,0.0,0.0,0.0,0.0,0.0
215,20220921,33,7,12,948,0.41708197200357683,0,20,0,0,0,0,0,0.0,0.6061,0.0,0.0,0.0,0.0,0.0
215,20220922,26,7,9,788,0.482290430586464,0,20,0,0,0,0,0,0.0,0.7692,0.0,0.0,0.0,0.0,0.0
217,20220916,21,1,7,225,0.3925104022191401,3,6,0,0,3,0,0,0.1429,0.2857,0.0,0.0,0.1429,0.0,0.0
217,20220917,11,4,4,40,0.35337726578607587,2,2,0,0,0,0,0,0.1818,0.1818,0.0,0.0,0.0,0.0,0.0
217,20220918,9,2,3,75,0.5775454319143639,6,6,0,0,0,0,0,0.6667,0.6667,0.0,0.0,0.0,0.0,0.0
217,20220919,10,3,4,196,0.7377324602405407,0,8,0,0,0,0,0,0.0,0.8,0.0,0.0,0.0,0.0,0.0
217,20220920,12,2,4,27,0.2082361874957884,0,0,0,0,0,0,0,0.0,0.0,0.0,0.0,0.0,0.0,0.0
217,20220922,6,2,2,6,0.0424990132069058,0,0,0,0,0,0,0,0.0,0.0,0.0,0.0,0.0,0.0,0.0
220,20220915,28,10,12,330,0.19232918012268058,0,11,0,0,0,0,0,0.0,0.3929,0.0,0.0,0.0,0.0,0.0
220,20220916,200,41,71,2789,0.3997695450008687,0,81,0,0,0,0,3,0.0,0.405,0.0,0.0,0.0,0.0,0.015
220,20220917,199,54,65,1826,0.3013555978208028,0,64,0,0,0,0,0,0.0,0.3216,0.0,0.0,0.0,0.0,0.0
220,20220918,216,60,78,4054,0.34512279249448086,6,98,0,0,3,0,0,0.0278,0.4537,0.0,0.0,0.0139,0.0,0.0
220,20220919,201,41,61,3216,0.45052529684817416,0,85,0,0,0,0,0,0.0,0.4229,0.0,0.0,0.0,0.0,0.0
220,20220920,248,39,77,3194,0.43446038809067755,0,90,0,0,0,0,0,0.0,0.3629,0.0,0.0,0.0,0.0,0.0
220,20220921,114,32,43,1653,0.40044282675326665,0,53,0,0,0,0,0,0.0,0.4649,0.0,0.0,0.0,0.0,0.0
220,20220922,75,25,26,1597,0.35865084510710993,0,41,0,0,0,0,0,0.0,0.5467,0.0,0.0,0.0,0.0,0.0
221,20220916,15,1,5,300,0.28058361391694725,0,9,0,0,0,3,0,0.0,0.6,0.0,0.0,0.0,0.2,0.0
221,20220917,12,1,4,570,0.5331088664421998,0,9,0,0,0,0,0,0.0,0.75,0.0,0.0,0.0,0.0,0.0
221,20220918,12,1,4,429,0.39590347923681257,0,9,0,0,0,0,0,0.0,0.75,0.0,0.0,0.0,0.0,0.0
221,20220919,11,2,4,873,1.0,0,11,0,0,0,0,0,0.0,1.0,0.0,0.0,0.0,0.0,0.0
221,20220920,9,3,6,350,0.9841269841269842,0,7,0,0,0,0,0,0.0,0.7778,0.0,0.0,0.0,0.0,0.0
221,20220921,5,2,2,284,0.7237131621967923,0,3,0,0,0,0,0,0.0,0.6,0.0,0.0,0.0,0.0,0.0
221,20220922,7,2,3,61,0.24343715425621082,0,1,0,0,0,0,0,0.0,0.1429,0.0,0.0,0.0,0.0,0.0
223,20220915,189,50,72,3938,0.5241766295768808,2,112,0,0,0,0,0,0.0106,0.5926,0.0,0.0,0.0,0.0,0.0
223,20220916,1190,184,393,30778,0.5984577885302244,25,769,3,9,14,0,3,0.021,0.6462,0.0025,0.0076,0.0118,0.0,0.0025
223,20220917,1703,155,519,40627,0.6870598806132823,22,1116,3,6,3,3,0,0.0129,0.6553,0.0018,0.0035,0.0018,0.0018,0.0
223,20220918,1003,171,329,33670,0.5939818481806548,18,625,6,13,11,0,2,0.0179,0.6231,0.006,0.013,0.011,0.0,0.002
223,20220919,845,150,290,22568,0.5789179747136363,8,519,3,3,0,0,0,0.0095,0.6142,0.0036,0.0036,0.0,0.0,0.0
223,20220920,894,141,279,20193,0.5755424119824155,13,545,0,6,3,6,0,0.0145,0.6096,0.0,0.0067,0.0034,0.0067,0.0
223,20220921,617,106,220,16496,0.6366672146343855,5,406,2,0,0,0,2,0.0081,0.658,0.0032,0.0,0.0,0.0,0.0032
223,20220922,364,85,144,10217,0.5658264501139201,8,224,2,0,0,0,0,0.022,0.6154,0.0055,0.0,0.0,0.0,0.0
224,20220915,3,2,2,20,1.0,0,1,0,0,0,0,0,0.0,0.3333,0.0,0.0,0.0,0.0,0.0
224,20220916,80,15,31,4065,0.43716072592050437,0,49,1,0,0,3,0,0.0,0.6125,0.0125,0.0,0.0,0.0375,0.0
224,20220917,90,10,37,5656,0.5737122360219629,0,57,1,0,1,0,0,0.0,0.6333,0.0111,0.0,0.0111,0.0,0.0
224,20220918,82,15,23,4172,0.5829147670014635,0,58,0,0,0,0,0,0.0,0.7073,0.0,0.0,0.0,0.0,0.0
224,20220919,87,14,28,2007,0.49173494012977037,0,42,0,0,0,0,0,0.0,0.4828,0.0,0.0,0.0,0.0,0.0
224,20220920,61,11,20,2252,0.44006156379117817,0,42,0,0,0,0,0,0.0,0.6885,0.0,0.0,0.0,0.0,0.0
224,20220921,49,8,36,2699,0.6023087887065289,1,29,0,0,0,0,0,0.0204,0.5918,0.0,0.0,0.0,0.0,0.0
224,20220922,12,3,9,370,0.15855723883245892,0,4,0,0,0,0,0,0.0,0.3333,0.0,0.0,0.0,0.0,0.0
229,20220915,1,1,1,28,0.4944113855879081,0,1,0,0,0,0,0,0.0,1.0,0.0,0.0,0.0,0.0,0.0
229,20220916,2,1,2,8,0.07063019794112972,0,0,0,0,0,0,0,0.0,0.0,0.0,0.0,0.0,0.0,0.0
229,20220919,3,1,1,18,1.0,0,0,0,0,0,0,0,0.0,0.0,0.0,0.0,0.0,0.0,0.0
229,20220921,2,1,1,54,1.0,0,2,0,0,0,0,0,0.0,1.0,0.0,0.0,0.0,0.0,0.0
230,20220915,6,2,2,126,0.5434367127095822,0,3,0,0,0,0,0,0.0,0.5,0.0,0.0,0.0,0.0,0.0
230,20220916,13,4,5,80,0.5777231752423677,0,3,0,0,0,0,0,0.0,0.2308,0.0,0.0,0.0,0.0,0.0
230,20220917,9,3,3,243,0.6775411963432582,0,6,0,0,3,0,0,0.0,0.6667,0.0,0.0,0.3333,0.0,0.0
230,20220919,23,3,9,1035,0.513993217647687,0,15,0,0,0,0,0,0.0,0.6522,0.0,0.0,0.0,0.0,0.0
230,20220920,5,2,3,99,0.23466955579631632,0,1,0,0,0,0,0,0.0,0.2,0.0,0.0,0.0,0.0,0.0
230,20220921,5,2,2,154,0.6346695557963165,0,5,0,0,0,0,0,0.0,1.0,0.0,0.0,0.0,0.0,0.0
230,20220922,3,1,1,24,1.0,0,3,0,0,0,0,0,0.0,1.0,0.0,0.0,0.0,0.0,0.0
231,20220915,5,2,2,195,0.41559987074392807,0,2,0,0,0,0,0,0.0,0.4,0.0,0.0,0.0,0.0,0.0
231,20220916,50,16,22,2179,0.432931396052907,7,37,0,0,2,0,0,0.14,0.74,0.0,0.0,0.04,0.0,0.0
231,20220917,66,23,26,2035,0.5105896571538873,1,42,0,0,0,0,0,0.0152,0.6364,0.0,0.0,0.0,0.0,0.0
231,20220918,57,21,25,1562,0.4977461017463427,6,41,0,0,3,3,0,0.1053,0.7193,0.0,0.0,0.0526,0.0526,0.0
231,20220919,50,13,19,1304,0.3027089023564182,0,21,3,0,0,0,0,0.0,0.42,0.06,0.0,0.0,0.0,0.0
231,20220920,39,13,17,1749,0.46677902573229996,1,20,3,1,0,0,0,0.0256,0.5128,0.0769,0.0256,0.0,0.0,0.0
231,20220921,39,12,17,2517,0.41301897827556416,1,18,0,0,0,0,0,0.0256,0.4615,0.0,0.0,0.0,0.0,0.0
231,20220922,38,13,14,1111,0.35802699752051687,0,26,0,0,0,0,0,0.0,0.6842,0.0,0.0,0.0,0.0,0.0
232,20220915,25,6,9,339,0.4381402570065184,0,13,0,0,0,0,0,0.0,0.52,0.0,0.0,0.0,0.0,0.0
232,20220916,148,26,50,3366,0.5206093670727867,0,85,0,0,0,6,0,0.0,0.5743,0.0,0.0,0.0,0.0405,0.0
232,20220917,164,35,59,2581,0.5125570287748425,3,90,0,0,0,0,0,0.0183,0.5488,0.0,0.0,0.0,0.0,0.0
232,20220918,153,32,53,2751,0.5021825997146471,3,78,0,3,3,0,0,0.0196,0.5098,0.0,0.0196,0.0196,0.0,0.0
232,20220919,92,23,34,1454,0.41531348276274377,0,46,0,0,0,0,0,0.0,0.5,0.0,0.0,0.0,0.0,0.0
232,20220920,129,22,48,2256,0.3909200471577747,0,62,0,0,0,0,0,0.0,0.4806,0.0,0.0,0.0,0.0,0.0
232,20220921,72,21,29,2274,0.4526586536857017,0,47,0,0,3,0,0,0.0,0.6528,0.0,0.0,0.0417,0.0,0.0
232,20220922,84,21,31,2319,0.45533997523920583,0,41,0,0,0,0,0,0.0,0.4881,0.0,0.0,0.0,0.0,0.0
233,20220915,42,12,18,1598,0.6709468711135715,0,30,0,0,0,0,0,0.0,0.7143,0.0,0.0,0.0,0.0,0.0
233,20220916,458,115,183,12524,0.5432592996820959,23,271,3,0,6,0,0,0.0502,0.5917,0.0066,0.0,0.0131,0.0,0.0
233,20220917,543,125,200,13977,0.5575877407591442,13,336,0,1,0,0,0,0.0239,0.6188,0.0,0.0018,0.0,0.0,0.0
233,20220918,610,118,202,13143,0.61283695307783,31,358,0,3,3,0,0,0.0508,0.5869,0.0,0.0049,0.0049,0.0,0.0
233,20220919,376,84,142,10018,0.5100004376357394,6,219,1,5,0,3,0,0.016,0.5824,0.0027,0.0133,0.0,0.008,0.0
233,20220920,344,91,136,8793,0.5749613672316675,4,205,0,0,3,3,0,0.0116,0.5959,0.0,0.0,0.0087,0.0087,0.0
233,20220921,380,88,151,10284,0.5887980810127328,11,230,2,3,5,0,0,0.0289,0.6053,0.0053,0.0079,0.0132,0.0,0.0
233,20220922,366,80,133,11320,0.5781638136372328,15,249,0,0,5,3,0,0.041,0.6803,0.0,0.0,0.0137,0.0082,0.0
235,20220915,46,19,14,1149,0.684707850694763,5,34,0,3,0,0,0,0.1087,0.7391,0.0,0.0652,0.0,0.0,0.0
235,20220916,555,152,185,13947,0.6871976814685204,11,403,0,4,4,0,0,0.0198,0.7261,0.0,0.0072,0.0072,0.0,0.0
235,20220917,816,181,266,19470,0.6653745291118951,14,537,0,5,6,3,0,0.0172,0.6581,0.0,0.0061,0.0074,0.0037,0.0
235,20220918,654,147,222,17893,0.6727424468993634,4,427,0,8,2,3,0,0.0061,0.6529,0.0,0.0122,0.0031,0.0046,0.0
235,20220919,535,117,187,10205,0.6648888478512059,7,339,0,8,3,2,0,0.0131,0.6336,0.0,0.015,0.0056,0.0037,0.0
235,20220920,458,111,168,11662,0.6540056663766091,9,284,0,3,0,0,0,0.0197,0.6201,0.0,0.0066,0.0,0.0,0.0
235,20220921,465,101,165,10395,0.6752902009642625,4,300,0,1,3,0,0,0.0086,0.6452,0.0,0.0022,0.0065,0.0,0.0
235,20220922,303,85,118,6607,0.6797496397070482,1,198,0,0,0,1,0,0.0033,0.6535,0.0,0.0,0.0,0.0033,0.0
236,20220915,8,3,3,67,0.8553259395196682,0,5,0,0,0,0,0,0.0,0.625,0.0,0.0,0.0,0.0,0.0
236,20220916,39,15,23,283,0.5671767503912147,0,16,0,0,0,0,0,0.0,0.4103,0.0,0.0,0.0,0.0,0.0
236,20220917,68,14,26,635,0.6503522674943476,0,36,0,0,0,0,0,0.0,0.5294,0.0,0.0,0.0,0.0,0.0
236,20220918,92,22,34,1112,0.7761495665896754,0,62,0,0,4,0,0,0.0,0.6739,0.0,0.0,0.0435,0.0,0.0
236,20220919,66,16,27,734,0.6120964302068361,2,33,0,2,2,0,0,0.0303,0.5,0.0,0.0303,0.0303,0.0,0.0
236,20220920,21,9,11,222,0.7815626122642404,0,16,0,0,4,0,0,0.0,0.7619,0.0,0.0,0.1905,0.0,0.0
236,20220921,29,10,12,356,0.650708200799132,3,17,0,1,0,0,0,0.1034,0.5862,0.0,0.0345,0.0,0.0,0.0
236,20220922,35,8,17,275,0.6186178846479246,3,17,0,0,3,0,0,0.0857,0.4857,0.0,0.0,0.0857,0.0,0.0
237,20220916,1,1,1,52,1.0,0,1,0,0,0,0,0,0.0,1.0,0.0,0.0,0.0,0.0,0.0
237,20220917,2,1,1,0,0.0,0,0,0,0,0,0,0,0.0,0.0,0.0,0.0,0.0,0.0,0.0
237,20220921,2,1,1,62,1.0,0,2,0,0,0,0,0,0.0,1.0,0.0,0.0,0.0,0.0,0.0
237,20220922,2,1,1,30,1.0,0,2,0,0,0,0,0,0.0,1.0,0.0,0.0,0.0,0.0,0.0
238,20220916,4,1,2,72,0.7052039727489124,0,2,0,0,0,0,0,0.0,0.5,0.0,0.0,0.0,0.0,0.0
238,20220918,10,3,5,65,0.5264040138564372,0,3,0,0,0,0,0,0.0,0.3,0.0,0.0,0.0,0.0,0.0
238,20220919,4,1,2,48,0.9104079454978249,0,4,0,0,0,0,0,0.0,1.0,0.0,0.0,0.0,0.0,0.0
238,20220920,2,1,1,14,0.5745711236969547,2,0,0,0,0,0,0,1.0,0.0,0.0,0.0,0.0,0.0,0.0
238,20220922,2,1,1,12,0.4924895345973898,0,0,0,0,0,0,0,0.0,0.0,0.0,0.0,0.0,0.0,0.0
239,20220916,31,13,15,433,0.4982059713625003,0,12,0,0,0,0,0,0.0,0.3871,0.0,0.0,0.0,0.0,0.0
239,20220917,43,11,15,598,0.5651912746215845,0,25,0,0,0,0,0,0.0,0.5814,0.0,0.0,0.0,0.0,0.0
239,20220918,23,9,7,136,0.5090688796458618,0,7,0,0,0,0,0,0.0,0.3043,0.0,0.0,0.0,0.0,0.0
239,20220919,16,6,8,309,0.7016132673731976,0,11,0,0,0,0,0,0.0,0.6875,0.0,0.0,0.0,0.0,0.0
239,20220920,24,10,12,300,0.5793401555137149,2,12,0,0,0,0,0,0.0833,0.5,0.0,0.0,0.0,0.0,0.0
239,20220921,14,7,6,482,0.8188188232047232,0,11,0,0,0,0,0,0.0,0.7857,0.0,0.0,0.0,0.0,0.0
239,20220922,22,7,10,372,0.5512359112537535,0,10,0,0,0,0,0,0.0,0.4545,0.0,0.0,0.0,0.0,0.0
240,20220915,39,9,11,840,0.4102942106467514,0,15,0,0,0,0,0,0.0,0.3846,0.0,0.0,0.0,0.0,0.0
240,20220916,470,82,149,11924,0.5408503704036511,2,265,3,0,0,2,0,0.0043,0.5638,0.0064,0.0,0.0,0.0043,0.0
240,20220917,387,72,115,11218,0.5901591853230198,3,219,0,0,0,0,0,0.0078,0.5659,0.0,0.0,0.0,0.0,0.0
240,20220918,339,57,108,8403,0.5774747449077512,8,211,0,3,0,0,0,0.0236,0.6224,0.0,0.0088,0.0,0.0,0.0
240,20220919,327,60,100,7529,0.539037287753188,6,160,0,0,0,6,0,0.0183,0.4893,0.0,0.0,0.0,0.0183,0.0
240,20220920,268,62,79,3805,0.5114902382244393,3,106,0,2,0,0,0,0.0112,0.3955,0.0,0.0075,0.0,0.0,0.0
240,20220921,154,35,50,4295,0.5689994485580883,5,86,0,0,0,9,0,0.0325,0.5584,0.0,0.0,0.0,0.0584,0.0
240,20220922,161,43,55,2454,0.4147738448702975,0,71,0,0,0,3,0,0.0,0.441,0.0,0.0,0.0,0.0186,0.0
242,20220916,4,2,2,7,0.11150784726841138,0,0,0,0,0,0,0,0.0,0.0,0.0,0.0,0.0,0.0,0.0
242,20220917,7,3,3,174,0.480310714367537,0,3,0,0,0,0,0,0.0,0.4286,0.0,0.0,0.0,0.0,0.0
242,20220918,13,4,5,512,0.5032839308335901,3,10,0,0,0,0,0,0.2308,0.7692,0.0,0.0,0.0,0.0,0.0
242,20220920,12,3,4,168,0.23693984028292006,0,6,0,0,0,0,0,0.0,0.5,0.0,0.0,0.0,0.0,0.0
242,20220921,6,2,2,60,0.1706361189918749,0,3,0,0,0,0,0,0.0,0.5,0.0,0.0,0.0,0.0,0.0
242,20220922,4,1,2,66,0.7366071428571429,0,2,0,0,0,0,0,0.0,0.5,0.0,0.0,0.0,0.0,0.0
245,20220915,16,5,6,70,0.3987740536783445,0,4,0,0,0,0,0,0.0,0.25,0.0,0.0,0.0,0.0,0.0
245,20220916,157,36,56,3039,0.4423928225350289,3,71,0,0,0,0,0,0.0191,0.4522,0.0,0.0,0.0,0.0,0.0
245,20220917,127,34,48,1739,0.4798151087842337,5,66,0,0,0,0,0,0.0394,0.5197,0.0,0.0,0.0,0.0,0.0
245,20220918,149,39,48,1918,0.4557983754807711,0,66,0,0,3,0,0,0.0,0.443,0.0,0.0,0.0201,0.0,0.0
245,20220919,138,29,48,1872,0.4917022773500795,0,57,0,0,0,0,0,0.0,0.413,0.0,0.0,0.0,0.0,0.0
245,20220920,90,21,39,1438,0.4161803455360316,0,40,0,0,0,0,0,0.0,0.4444,0.0,0.0,0.0,0.0,0.0
245,20220921,95,22,32,2337,0.540957910931517,6,55,0,0,3,0,0,0.0632,0.5789,0.0,0.0,0.0316,0.0,0.0
245,20220922,81,21,30,1372,0.4750521472252775,0,37,0,0,0,0,0,0.0,0.4568,0.0,0.0,0.0,0.0,0.0
246,20220915,9,2,4,173,0.5417181616710223,0,4,0,0,0,0,0,0.0,0.4444,0.0,0.0,0.0,0.0,0.0
246,20220916,15,3,6,184,0.8212284593045005,0,12,0,0,0,0,0,0.0,0.8,0.0,0.0,0.0,0.0,0.0
246,20220917,14,3,6,175,0.937834633269726,1,13,0,0,1,0,0,0.0714,0.9286,0.0,0.0,0.0714,0.0,0.0
246,20220918,10,2,4,94,0.8056834194457492,0,7,0,0,0,0,0,0.0,0.7,0.0,0.0,0.0,0.0,0.0
246,20220919,28,3,11,193,0.49270558162890726,0,9,0,0,0,0,0,0.0,0.3214,0.0,0.0,0.0,0.0,0.0
246,20220920,19,3,7,180,0.7276606199343134,0,10,0,0,0,0,0,0.0,0.5263,0.0,0.0,0.0,0.0,0.0
246,20220921,9,2,3,96,0.5329016253520755,0,3,0,0,0,0,0,0.0,0.3333,0.0,0.0,0.0,0.0,0.0
246,20220922,4,2,2,60,1.0,0,3,0,0,0,0,0,0.0,0.75,0.0,0.0,0.0,0.0,0.0
247,20220915,34,7,12,856,0.44865530823579347,0,18,0,0,0,0,0,0.0,0.5294,0.0,0.0,0.0,0.0,0.0
247,20220916,255,35,92,5127,0.4133272907574141,5,140,0,0,0,0,0,0.0196,0.549,0.0,0.0,0.0,0.0,0.0
247,20220917,193,36,72,3008,0.5142229431510552,10,90,0,3,1,3,0,0.0518,0.4663,0.0,0.0155,0.0052,0.0155,0.0
247,20220918,176,35,62,2243,0.465558514493917,5,90,0,4,0,0,0,0.0284,0.5114,0.0,0.0227,0.0,0.0,0.0
247,20220919,108,26,40,1536,0.4980879920367095,5,51,0,0,3,0,0,0.0463,0.4722,0.0,0.0,0.0278,0.0,0.0
247,20220920,126,29,43,2898,0.5225249781496445,4,77,0,0,0,0,0,0.0317,0.6111,0.0,0.0,0.0,0.0,0.0
247,20220921,111,30,41,2231,0.4716490069907264,2,49,0,0,0,0,0,0.018,0.4414,0.0,0.0,0.0,0.0,0.0
247,20220922,58,21,23,2071,0.5311579211695304,3,31,0,0,0,0,0,0.0517,0.5345,0.0,0.0,0.0,0.0,0.0
251,20220915,2,1,1,78,1.0,0,2,0,0,0,0,0,0.0,1.0,0.0,0.0,0.0,0.0,0.0
251,20220916,37,9,9,595,0.6420705430424665,0,22,0,0,0,3,0,0.0,0.5946,0.0,0.0,0.0,0.0811,0.0
251,20220917,22,8,10,851,0.7086517063099467,0,15,0,0,0,0,0,0.0,0.6818,0.0,0.0,0.0,0.0,0.0
251,20220918,26,7,11,156,0.4030583441289565,0,8,0,0,0,0,0,0.0,0.3077,0.0,0.0,0.0,0.0,0.0
251,20220919,22,8,10,231,0.5429724669050773,0,11,0,0,0,0,0,0.0,0.5,0.0,0.0,0.0,0.0,0.0
251,20220920,17,6,6,377,0.41592255976474124,0,8,0,0,3,0,0,0.0,0.4706,0.0,0.0,0.1765,0.0,0.0
251,20220921,23,7,8,576,0.5287161104159238,0,11,0,0,0,0,0,0.0,0.4783,0.0,0.0,0.0,0.0,0.0
251,20220922,25,5,11,570,0.7260780398206685,0,16,0,0,0,0,0,0.0,0.64,0.0,0.0,0.0,0.0,0.0
252,20220916,11,3,4,136,0.7812750362576367,0,6,0,0,0,0,0,0.0,0.5455,0.0,0.0,0.0,0.0,0.0
252,20220917,6,1,2,87,1.0,0,6,0,0,0,0,0,0.0,1.0,0.0,0.0,0.0,0.0,0.0
252,20220918,6,1,6,78,1.0,0,6,0,0,0,0,0,0.0,1.0,0.0,0.0,0.0,0.0,0.0
252,20220919,21,6,8,263,0.8020191997596471,0,16,0,0,0,0,0,0.0,0.7619,0.0,0.0,0.0,0.0,0.0
252,20220920,36,5,10,498,0.976190476190476,0,33,0,0,0,0,0,0.0,0.9167,0.0,0.0,0.0,0.0,0.0
252,20220921,8,2,3,102,0.755748624162617,0,6,0,0,0,0,0,0.0,0.75,0.0,0.0,0.0,0.0,0.0
252,20220922,11,3,4,187,0.9430998407295212,0,11,0,0,0,0,0,0.0,1.0,0.0,0.0,0.0,0.0,0.0
253,20220915,6,2,2,234,0.5658630575307819,0,6,0,0,0,0,0,0.0,1.0,0.0,0.0,0.0,0.0,0.0
253,20220916,65,16,27,3542,0.5133688313561476,0,33,0,0,0,0,0,0.0,0.5077,0.0,0.0,0.0,0.0,0.0
253,20220917,26,8,12,1183,0.538698406959861,0,16,0,3,0,0,0,0.0,0.6154,0.0,0.1154,0.0,0.0,0.0
253,20220918,45,11,18,821,0.39708244492160333,0,23,0,0,0,0,0,0.0,0.5111,0.0,0.0,0.0,0.0,0.0
253,20220919,51,14,17,1536,0.5594720939892927,0,30,0,0,0,0,0,0.0,0.5882,0.0,0.0,0.0,0.0,0.0
253,20220920,36,6,12,1371,0.5524628317880671,0,15,0,0,0,0,0,0.0,0.4167,0.0,0.0,0.0,0.0,0.0
253,20220921,22,6,8,3043,0.5217089190982599,0,19,0,0,0,0,0,0.0,0.8636,0.0,0.0,0.0,0.0,0.0
253,20220922,18,6,7,1098,0.8048374129571886,0,15,0,0,0,0,0,0.0,0.8333,0.0,0.0,0.0,0.0,0.0
254,20220915,11,1,11,157,0.07943736085812589,0,3,0,0,0,0,0,0.0,0.2727,0.0,0.0,0.0,0.0,0.0
254,20220916,224,2,219,3079,0.07226296233890883,0,95,0,0,0,0,0,0.0,0.4241,0.0,0.0,0.0,0.0,0.0
254,20220917,11,3,4,136,0.380066092754411,0,3,0,0,0,0,0,0.0,0.2727,0.0,0.0,0.0,0.0,0.0
254,20220918,16,3,7,532,0.5121267555142031,0,8,0,0,0,0,0,0.0,0.5,0.0,0.0,0.0,0.0,0.0
254,20220919,20,5,7,578,0.7699212177556465,0,17,0,0,0,0,0,0.0,0.85,0.0,0.0,0.0,0.0,0.0
254,20220920,21,4,7,1020,0.690807211593203,0,12,0,0,0,0,0,0.0,0.5714,0.0,0.0,0.0,0.0,0.0
254,20220921,4,2,2,27,0.4717265937717316,0,0,0,0,0,0,0,0.0,0.0,0.0,0.0,0.0,0.0,0.0
254,20220922,21,2,7,348,0.6268716272174762,0,9,0,0,0,0,0,0.0,0.4286,0.0,0.0,0.0,0.0,0.0
257,20220915,6,2,2,54,0.634228187919463,0,3,0,0,0,0,0,0.0,0.5,0.0,0.0,0.0,0.0,0.0
257,20220916,16,4,5,111,0.360339369746581,0,6,3,0,0,0,0,0.0,0.375,0.1875,0.0,0.0,0.0,0.0
257,20220917,15,4,5,63,0.31721551462287684,0,3,0,0,0,0,0,0.0,0.2,0.0,0.0,0.0,0.0,0.0
257,20220918,10,4,4,214,0.6327666501140878,0,6,0,0,0,0,0,0.0,0.6,0.0,0.0,0.0,0.0,0.0
257,20220919,42,5,14,432,0.3666308875544505,0,12,0,0,0,0,0,0.0,0.2857,0.0,0.0,0.0,0.0,0.0
257,20220920,20,3,7,528,0.6754820936639118,0,14,0,0,0,0,0,0.0,0.7,0.0,0.0,0.0,0.0,0.0
257,20220921,28,5,9,605,0.5426428019382874,0,16,0,0,0,0,0,0.0,0.5714,0.0,0.0,0.0,0.0,0.0
257,20220922,16,3,5,296,0.7920371048476736,0,11,0,0,0,0,0,0.0,0.6875,0.0,0.0,0.0,0.0,0.0
258,20220915,15,3,5,630,0.2904660152662068,0,12,0,0,0,0,0,0.0,0.8,0.0,0.0,0.0,0.0,0.0
258,20220916,31,6,10,1153,0.46903783878196753,3,22,6,3,3,0,0,0.0968,0.7097,0.1935,0.0968,0.0968,0.0,0.0
258,20220917,14,3,5,190,0.172177977432652,0,8,0,0,0,0,0,0.0,0.5714,0.0,0.0,0.0,0.0,0.0
258,20220918,33,6,12,908,0.34705118418194597,0,16,0,0,0,0,0,0.0,0.4848,0.0,0.0,0.0,0.0,0.0
258,20220919,59,9,21,1225,0.3514597611576349,0,25,0,0,0,0,0,0.0,0.4237,0.0,0.0,0.0,0.0,0.0
258,20220920,70,10,24,1788,0.41242533654878477,2,38,0,0,0,0,0,0.0286,0.5429,0.0,0.0,0.0,0.0,0.0
258,20220921,119,8,37,2598,0.5706512883028885,0,69,3,0,0,0,0,0.0,0.5798,0.0252,0.0,0.0,0.0,0.0
258,20220922,57,4,18,1917,0.6783510738304008,0,42,0,0,3,0,0,0.0,0.7368,0.0,0.0,0.0526,0.0,0.0
263,20220917,7,3,3,160,0.2835248226554146,0,4,0,0,0,0,0,0.0,0.5714,0.0,0.0,0.0,0.0,0.0
263,20220922,3,1,1,48,1.0,3,3,0,0,0,0,0,1.0,1.0,0.0,0.0,0.0,0.0,0.0
264,20220916,44,17,20,1938,0.5924461602527777,0,32,0,0,0,0,0,0.0,0.7273,0.0,0.0,0.0,0.0,0.0
264,20220917,63,18,25,2346,0.6992853892103945,3,54,0,3,1,0,0,0.0476,0.8571,0.0,0.0476,0.0159,0.0,0.0
264,20220918,49,18,22,2014,0.5109487911268277,2,37,0,0,0,0,0,0.0408,0.7551,0.0,0.0,0.0,0.0,0.0
264,20220919,29,11,12,630,0.49029669604836457,0,17,0,0,0,0,0,0.0,0.5862,0.0,0.0,0.0,0.0,0.0
264,20220920,21,8,8,619,0.6171028427905257,0,18,0,0,3,0,0,0.0,0.8571,0.0,0.0,0.1429,0.0,0.0
264,20220921,21,5,6,1037,0.4939774577018701,0,15,0,0,0,0,0,0.0,0.7143,0.0,0.0,0.0,0.0,0.0
264,20220922,14,7,6,452,0.3481414333344673,3,11,0,3,0,0,0,0.2143,0.7857,0.0,0.2143,0.0,0.0,0.0
265,20220916,2,1,1,0,0.0,0,2,0,0,0,0,0,0.0,1.0,0.0,0.0,0.0,0.0,0.0
265,20220917,3,1,1,12,0.12435490891002925,0,0,0,0,0,0,0,0.0,0.0,0.0,0.0,0.0,0.0,0.0
266,20220915,3,2,2,114,1.0,0,2,0,0,0,0,0,0.0,0.6667,0.0,0.0,0.0,0.0,0.0
266,20220916,24,7,6,2339,0.5853783431123933,0,15,0,0,0,0,0,0.0,0.625,0.0,0.0,0.0,0.0,0.0
266,20220917,13,4,5,929,0.4918120030013283,0,7,0,0,0,0,0,0.0,0.5385,0.0,0.0,0.0,0.0,0.0
266,20220918,18,5,7,357,0.24876492523154883,0,7,0,0,0,0,0,0.0,0.3889,0.0,0.0,0.0,0.0,0.0
266,20220919,15,2,4,1143,0.6034842613741503,0,9,0,0,0,0,0,0.0,0.6,0.0,0.0,0.0,0.0,0.0
266,20220920,15,6,7,1132,0.47503733418429367,0,7,0,0,0,0,0,0.0,0.4667,0.0,0.0,0.0,0.0,0.0
266,20220921,3,1,1,3,0.0016754628466113762,0,0,0,0,0,0,0,0.0,0.0,0.0,0.0,0.0,0.0,0.0
266,20220922,6,2,2,294,0.5253400869895352,0,3,0,0,0,0,0,0.0,0.5,0.0,0.0,0.0,0.0,0.0
267,20220915,2,1,1,14,0.04233879503789322,0,0,0,0,0,0,0,0.0,0.0,0.0,0.0,0.0,0.0,0.0
267,20220916,38,12,21,889,0.5342957441994641,3,28,0,0,0,0,0,0.0789,0.7368,0.0,0.0,0.0,0.0,0.0
267,20220917,69,18,33,2989,0.5301371301051724,1,52,0,0,0,0,0,0.0145,0.7536,0.0,0.0,0.0,0.0,0.0
267,20220918,69,21,32,2069,0.41646710151250155,1,44,0,0,3,0,0,0.0145,0.6377,0.0,0.0,0.0435,0.0,0.0
267,20220919,41,14,17,902,0.517920800709577,0,26,0,0,0,0,0,0.0,0.6341,0.0,0.0,0.0,0.0,0.0
267,20220920,36,13,14,587,0.4415836193786291,0,23,0,0,0,0,0,0.0,0.6389,0.0,0.0,0.0,0.0,0.0
267,20220921,18,7,9,511,0.7097059340099907,0,14,0,0,0,0,0,0.0,0.7778,0.0,0.0,0.0,0.0,0.0
267,20220922,24,9,11,485,0.5128944478183459,0,13,0,0,0,0,0,0.0,0.5417,0.0,0.0,0.0,0.0,0.0
268,20220915,13,6,6,1188,0.471156774757554,2,9,0,0,0,0,0,0.1538,0.6923,0.0,0.0,0.0,0.0,0.0
268,20220916,221,79,74,6420,0.5411269532342902,4,148,0,0,0,0,0,0.0181,0.6697,0.0,0.0,0.0,0.0,0.0
268,20220917,300,102,105,10197,0.5277320008569925,5,219,4,0,6,2,0,0.0167,0.73,0.0133,0.0,0.02,0.0067,0.0
268,20220918,330,97,106,16423,0.567308658683744,4,241,3,0,2,2,3,0.0121,0.7303,0.0091,0.0,0.0061,0.0061,0.0091
268,20220919,64,28,29,3495,0.6273627735879374,3,49,0,3,3,0,0,0.0469,0.7656,0.0,0.0469,0.0469,0.0,0.0
268,20220920,74,21,31,2109,0.4333703898135258,3,50,0,3,1,0,0,0.0405,0.6757,0.0,0.0405,0.0135,0.0,0.0
268,20220921,76,30,34,3218,0.5669750322762828,0,53,0,0,1,3,0,0.0,0.6974,0.0,0.0,0.0132,0.0395,0.0
268,20220922,125,38,40,5815,0.43459331313048305,4,74,0,0,1,1,0,0.032,0.592,0.0,0.0,0.008,0.008,0.0
270,20220915,25,8,7,498,0.28725969585944183,0,19,0,0,0,0,0,0.0,0.76,0.0,0.0,0.0,0.0,0.0
270,20220916,130,45,57,6318,0.5774193866372497,10,94,0,0,3,1,0,0.0769,0.7231,0.0,0.0,0.0231,0.0077,0.0
270,20220917,231,63,93,9068,0.5118239723493027,7,144,0,2,5,0,0,0.0303,0.6234,0.0,0.0087,0.0216,0.0,0.0
270,20220918,278,75,94,14387,0.6208128211225298,7,210,0,0,3,3,0,0.0252,0.7554,0.0,0.0,0.0108,0.0108,0.0
270,20220919,107,33,40,3191,0.552899865876432,1,71,0,0,0,2,0,0.0093,0.6636,0.0,0.0,0.0,0.0187,0.0
270,20220920,160,47,59,5981,0.671303855855535,1,123,4,0,3,0,0,0.0062,0.7688,0.025,0.0,0.0188,0.0,0.0
270,20220921,101,35,40,2847,0.5743480627223628,1,64,0,0,2,0,0,0.0099,0.6337,0.0,0.0,0.0198,0.0,0.0
270,20220922,64,24,27,2353,0.6502252720204884,0,45,0,0,0,0,0,0.0,0.7031,0.0,0.0,0.0,0.0,0.0
271,20220915,32,16,13,1213,0.4986829295167752,3,25,0,0,0,0,0,0.0938,0.7812,0.0,0.0,0.0,0.0,0.0
271,20220916,534,162,156,22702,0.49398229791075865,25,366,10,9,5,4,2,0.0468,0.6854,0.0187,0.0169,0.0094,0.0075,0.0037
271,20220917,600,200,165,23852,0.4936326922665853,11,412,4,5,4,0,0,0.0183,0.6867,0.0067,0.0083,0.0067,0.0,0.0
271,20220918,678,214,188,30119,0.5092555187740575,24,460,9,14,9,3,0,0.0354,0.6785,0.0133,0.0206,0.0133,0.0044,0.0
271,20220919,217,88,78,8404,0.4838066786874495,4,154,0,1,2,3,0,0.0184,0.7097,0.0,0.0046,0.0092,0.0138,0.0
271,20220920,240,97,85,9521,0.4780521492293411,3,174,1,3,2,3,2,0.0125,0.725,0.0042,0.0125,0.0083,0.0125,0.0083
271,20220921,230,92,80,7484,0.47060261597350955,3,156,3,0,1,0,0,0.013,0.6783,0.013,0.0,0.0043,0.0,0.0
271,20220922,193,70,71,7029,0.4316469260548775,1,124,0,0,4,3,0,0.0052,0.6425,0.0,0.0,0.0207,0.0155,0.0
272,20220915,47,22,14,924,0.4232715127524408,1,26,0,0,0,0,0,0.0213,0.5532,0.0,0.0,0.0,0.0,0.0
272,20220916,483,147,139,19206,0.6288959408481872,3,363,4,0,0,0,0,0.0062,0.7516,0.0083,0.0,0.0,0.0,0.0
272,20220917,660,199,168,26253,0.5184911563601248,17,441,0,3,7,0,0,0.0258,0.6682,0.0,0.0045,0.0106,0.0,0.0
272,20220918,673,199,183,21843,0.5316434202078075,23,447,2,0,6,0,1,0.0342,0.6642,0.003,0.0,0.0089,0.0,0.0015
272,20220919,373,119,104,13284,0.5146073028040127,4,229,4,0,6,0,0,0.0107,0.6139,0.0107,0.0,0.0161,0.0,0.0
272,20220920,426,130,103,14673,0.5557124540983851,6,287,3,3,0,0,0,0.0141,0.6737,0.007,0.007,0.0,0.0,0.0
272,20220921,450,106,171,15379,0.5670381294604189,9,281,7,0,6,0,0,0.02,0.6244,0.0156,0.0,0.0133,0.0,0.0
272,20220922,213,72,78,5576,0.518401228895481,5,120,0,0,0,0,0,0.0235,0.5634,0.0,0.0,0.0,0.0,0.0
273,20220917,15,1,5,702,0.6180848915633457,0,12,0,0,0,0,0,0.0,0.8,0.0,0.0,0.0,0.0,0.0
273,20220918,9,1,3,84,0.12564561653855302,0,3,0,0,0,0,0,0.0,0.3333,0.0,0.0,0.0,0.0,0.0
273,20220920,3,1,1,57,0.2557785765249115,0,3,0,0,0,0,0,0.0,1.0,0.0,0.0,0.0,0.0,0.0
277,20220916,17,5,6,881,0.47959860791985276,0,8,0,0,0,0,0,0.0,0.4706,0.0,0.0,0.0,0.0,0.0
277,20220917,3,1,1,6,0.05122950819672131,0,0,0,0,0,0,0,0.0,0.0,0.0,0.0,0.0,0.0,0.0
277,20220918,3,1,1,6,0.05122950819672131,0,0,0,0,0,0,0,0.0,0.0,0.0,0.0,0.0,0.0,0.0
277,20220919,3,1,1,9,0.15748031496062992,0,0,0,0,0,0,0,0.0,0.0,0.0,0.0,0.0,0.0,0.0
277,20220920,3,1,1,51,0.9306909011277785,0,3,0,0,0,0,0,0.0,1.0,0.0,0.0,0.0,0.0,0.0
277,20220922,3,1,1,3,0.03592857399489814,0,0,0,0,0,0,0,0.0,0.0,0.0,0.0,0.0,0.0,0.0
281,20220915,4,2,2,37,0.087418399088676,0,1,0,0,0,0,0,0.0,0.25,0.0,0.0,0.0,0.0,0.0
281,20220916,134,21,47,5076,0.3826472572915893,3,88,0,0,0,0,0,0.0224,0.6567,0.0,0.0,0.0,0.0,0.0
281,20220917,123,21,46,5527,0.3321134167830308,2,73,0,0,3,0,0,0.0163,0.5935,0.0,0.0,0.0244,0.0,0.0
281,20220918,72,17,27,2236,0.21617239272042013,0,42,0,0,2,0,0,0.0,0.5833,0.0,0.0,0.0278,0.0,0.0
281,20220919,54,13,19,2949,0.48219226534027587,0,39,0,0,0,0,0,0.0,0.7222,0.0,0.0,0.0,0.0,0.0
281,20220920,58,13,21,1926,0.225986597157658,0,27,0,0,0,0,0,0.0,0.4655,0.0,0.0,0.0,0.0,0.0
281,20220921,46,12,17,585,0.09452052691789295,0,18,0,0,0,0,0,0.0,0.3913,0.0,0.0,0.0,0.0,0.0
281,20220922,26,8,10,1383,0.4054965065566813,0,15,0,0,0,0,0,0.0,0.5769,0.0,0.0,0.0,0.0,0.0
283,20220915,27,1,9,93,0.07991750451147202,0,0,0,0,0,0,0,0.0,0.0,0.0,0.0,0.0,0.0,0.0
283,20220916,258,1,86,891,0.08403599117197667,0,12,0,0,0,0,0,0.0,0.0465,0.0,0.0,0.0,0.0,0.0
283,20220917,237,2,79,1068,0.09488264987720874,0,15,0,0,0,0,0,0.0,0.0633,0.0,0.0,0.0,0.0,0.0
283,20220918,228,2,75,1116,0.10029325317911236,3,27,0,0,0,0,0,0.0132,0.1184,0.0,0.0,0.0,0.0,0.0
283,20220919,165,1,55,588,0.08421414453897051,0,6,0,0,0,0,0,0.0,0.0364,0.0,0.0,0.0,0.0,0.0
283,20220920,60,1,20,309,0.1257784833312981,0,9,0,0,0,0,0,0.0,0.15,0.0,0.0,0.0,0.0,0.0
283,20220921,142,2,47,626,0.09396599631285019,0,16,0,0,0,0,0,0.0,0.1127,0.0,0.0,0.0,0.0,0.0
283,20220922,99,1,33,336,0.08120649651972157,0,12,0,0,0,0,0,0.0,0.1212,0.0,0.0,0.0,0.0,0.0
285,20220916,25,6,9,166,0.3841197982800948,0,8,2,0,0,0,0,0.0,0.32,0.08,0.0,0.0,0.0,0.0
285,20220917,30,6,9,387,0.5571219037419955,0,21,0,0,0,0,0,0.0,0.7,0.0,0.0,0.0,0.0,0.0
285,20220918,31,9,11,290,0.3094378175054755,3,12,0,0,0,0,0,0.0968,0.3871,0.0,0.0,0.0,0.0,0.0
285,20220919,11,4,4,124,0.43469413702962567,0,5,0,0,0,0,0,0.0,0.4545,0.0,0.0,0.0,0.0,0.0
285,20220920,30,8,11,329,0.40787398364570876,0,11,0,0,0,0,0,0.0,0.3667,0.0,0.0,0.0,0.0,0.0
285,20220921,15,4,5,138,0.43132948787277947,0,6,0,0,0,0,0,0.0,0.4,0.0,0.0,0.0,0.0,0.0
285,20220922,12,3,4,303,0.46763856712584306,0,6,0,0,0,0,0,0.0,0.5,0.0,0.0,0.0,0.0,0.0
286,20220915,3,1,1,12,0.03127052127958973,0,0,0,0,0,0,0,0.0,0.0,0.0,0.0,0.0,0.0,0.0
286,20220916,19,7,7,345,0.22445470775733492,0,5,0,0,0,0,0,0.0,0.2632,0.0,0.0,0.0,0.0,0.0
286,20220917,30,6,10,738,0.5084013960351109,0,21,0,0,0,0,0,0.0,0.7,0.0,0.0,0.0,0.0,0.0
286,20220918,25,7,9,341,0.3541297964595418,3,12,0,0,0,0,0,0.12,0.48,0.0,0.0,0.0,0.0,0.0
286,20220919,19,7,7,542,0.517312071677641,0,13,0,0,0,0,0,0.0,0.6842,0.0,0.0,0.0,0.0,0.0
286,20220920,18,4,6,111,0.18805759812921446,0,3,0,0,0,0,0,0.0,0.1667,0.0,0.0,0.0,0.0,0.0
286,20220921,9,3,3,114,0.6713483146067416,0,6,0,0,0,0,0,0.0,0.6667,0.0,0.0,0.0,0.0,0.0
286,20220922,21,4,7,732,0.32149566330097146,3,15,0,0,0,0,0,0.1429,0.7143,0.0,0.0,0.0,0.0,0.0
287,20220915,18,4,6,2288,0.7392812291348465,0,14,0,0,0,0,0,0.0,0.7778,0.0,0.0,0.0,0.0,0.0
287,20220916,382,46,125,8687,0.5634161992230395,7,186,3,6,0,0,0,0.0183,0.4869,0.0079,0.0157,0.0,0.0,0.0
287,20220917,342,48,128,11988,0.5279188464179195,12,171,3,2,0,0,1,0.0351,0.5,0.0088,0.0058,0.0,0.0,0.0029
287,20220918,205,46,78,8273,0.6718966017396829,7,129,0,4,0,0,0,0.0341,0.6293,0.0,0.0195,0.0,0.0,0.0
287,20220919,313,57,104,9779,0.5693463802313125,4,174,0,0,1,0,0,0.0128,0.5559,0.0,0.0,0.0032,0.0,0.0
287,20220920,247,42,91,10136,0.6305184126793747,3,136,0,3,0,3,0,0.0121,0.5506,0.0,0.0121,0.0,0.0121,0.0
287,20220921,167,22,59,8230,0.5710938245940776,5,81,0,0,0,0,0,0.0299,0.485,0.0,0.0,0.0,0.0,0.0
287,20220922,166,35,66,4000,0.6071788021322883,12,100,0,3,3,0,2,0.0723,0.6024,0.0,0.0181,0.0181,0.0,0.012
292,20220915,96,31,33,6374,0.3966518856916054,3,57,0,3,0,0,0,0.0312,0.5938,0.0,0.0312,0.0,0.0,0.0
292,20220916,1198,241,405,48063,0.4137581409554034,25,723,0,0,6,5,5,0.0209,0.6035,0.0,0.0,0.005,0.0042,0.0042
292,20220917,1337,258,409,54894,0.4145888556923152,30,803,0,6,2,0,0,0.0224,0.6006,0.0,0.0045,0.0015,0.0,0.0
292,20220918,1433,256,463,56935,0.4487670701683102,20,878,2,2,0,0,3,0.014,0.6127,0.0014,0.0014,0.0,0.0,0.0021
292,20220919,865,177,281,28481,0.4385110485025249,16,473,0,0,0,0,0,0.0185,0.5468,0.0,0.0,0.0,0.0,0.0
292,20220920,728,152,240,21089,0.3741959980371359,9,344,3,0,6,2,0,0.0124,0.4725,0.0041,0.0,0.0082,0.0027,0.0
292,20220921,700,150,248,30591,0.40629239242682436,5,369,0,0,0,0,0,0.0071,0.5271,0.0,0.0,0.0,0.0,0.0
292,20220922,571,120,200,26391,0.386229727781298,18,311,0,6,0,0,3,0.0315,0.5447,0.0,0.0105,0.0,0.0,0.0053
297,20220916,3,1,1,522,0.8234737340274491,0,3,0,0,0,0,0,0.0,1.0,0.0,0.0,0.0,0.0,0.0
297,20220920,5,2,2,16,0.04067653005477141,0,0,0,0,0,0,0,0.0,0.0,0.0,0.0,0.0,0.0,0.0
297,20220922,3,1,1,249,0.3928064363464269,0,3,0,0,0,0,0,0.0,1.0,0.0,0.0,0.0,0.0,0.0
310,20220915,3,1,1,6,0.20242914979757085,0,0,0,0,0,0,0,0.0,0.0,0.0,0.0,0.0,0.0,0.0
310,20220916,24,3,8,1506,0.31083955619897935,0,6,0,0,0,0,0,0.0,0.25,0.0,0.0,0.0,0.0,0.0
310,20220917,19,5,6,369,0.4846061774719308,0,10,0,0,0,0,0,0.0,0.5263,0.0,0.0,0.0,0.0,0.0
310,20220919,6,1,2,303,1.0,3,6,0,0,0,0,0,0.5,1.0,0.0,0.0,0.0,0.0,0.0
310,20220920,6,2,2,201,0.37905573112943564,0,3,0,0,0,0,0,0.0,0.5,0.0,0.0,0.0,0.0,0.0
310,20220921,3,1,1,12,0.18547713994250206,0,0,0,0,0,0,0,0.0,0.0,0.0,0.0,0.0,0.0,0.0
310,20220922,9,1,3,162,0.7815697548610467,3,9,0,0,0,0,0,0.3333,1.0,0.0,0.0,0.0,0.0,0.0
311,20220916,18,5,6,189,0.5188023179226803,0,9,0,0,0,0,0,0.0,0.5,0.0,0.0,0.0,0.0,0.0
311,20220917,16,4,5,650,0.7779365526447113,2,14,2,0,0,0,0,0.125,0.875,0.125,0.0,0.0,0.0,0.0
311,20220918,15,4,5,174,0.595692820924558,0,9,0,0,0,0,0,0.0,0.6,0.0,0.0,0.0,0.0,0.0
311,20220919,15,4,5,1068,0.6383173151908608,0,15,0,0,0,0,0,0.0,1.0,0.0,0.0,0.0,0.0,0.0
311,20220920,21,5,7,276,0.4844247719211844,3,9,0,0,0,0,0,0.1429,0.4286,0.0,0.0,0.0,0.0,0.0
311,20220921,9,3,3,1011,0.41772469828831205,0,3,0,0,0,0,0,0.0,0.3333,0.0,0.0,0.0,0.0,0.0
311,20220922,15,5,5,855,0.6976211464491253,0,15,0,0,0,0,0,0.0,1.0,0.0,0.0,0.0,0.0,0.0
312,20220918,3,2,2,54,0.9557174239796509,0,3,0,0,0,0,0,0.0,1.0,0.0,0.0,0.0,0.0,0.0
313,20220916,3,1,1,201,0.297469731344874,0,3,0,0,0,0,0,0.0,1.0,0.0,0.0,0.0,0.0,0.0
314,20220916,7,3,3,143,0.20502977464852618,0,7,0,0,0,0,0,0.0,1.0,0.0,0.0,0.0,0.0,0.0
314,20220917,3,1,1,45,0.1072041166380789,0,3,0,0,0,0,0,0.0,1.0,0.0,0.0,0.0,0.0,0.0
314,20220919,3,1,1,69,0.04256973107035111,0,3,0,0,0,0,0,0.0,1.0,0.0,0.0,0.0,0.0,0.0
314,20220920,6,1,2,6,0.0037017157452479224,0,0,0,0,0,0,0,0.0,0.0,0.0,0.0,0.0,0.0,0.0
316,20220915,7,3,3,167,0.32370111193029655,0,7,0,0,0,0,0,0.0,1.0,0.0,0.0,0.0,0.0,0.0
316,20220916,27,10,10,407,0.2247737211767132,0,15,0,0,0,0,0,0.0,0.5556,0.0,0.0,0.0,0.0,0.0
316,20220917,52,7,17,1851,0.5305242369408226,3,34,3,0,0,0,0,0.0577,0.6538,0.0577,0.0,0.0,0.0,0.0
316,20220918,41,11,14,2184,0.4948255445785005,6,35,0,0,0,0,0,0.1463,0.8537,0.0,0.0,0.0,0.0,0.0
316,20220919,31,8,12,582,0.4219560541662692,0,24,0,0,0,0,0,0.0,0.7742,0.0,0.0,0.0,0.0,0.0
316,20220920,18,6,7,687,0.6084935094056411,0,12,0,0,0,0,0,0.0,0.6667,0.0,0.0,0.0,0.0,0.0
316,20220921,12,5,5,397,0.31993111224164505,2,7,0,0,3,0,0,0.1667,0.5833,0.0,0.0,0.25,0.0,0.0
316,20220922,6,2,2,258,0.4310293087926378,0,6,0,0,0,0,0,0.0,1.0,0.0,0.0,0.0,0.0,0.0
317,20220915,6,3,3,80,0.6797771222549983,1,4,0,0,1,0,0,0.1667,0.6667,0.0,0.0,0.1667,0.0,0.0
317,20220916,30,8,10,558,0.6077426897109638,0,21,0,0,0,0,0,0.0,0.7,0.0,0.0,0.0,0.0,0.0
317,20220917,18,5,7,301,0.8050127386417861,0,13,0,0,0,0,0,0.0,0.7222,0.0,0.0,0.0,0.0,0.0
317,20220918,39,11,15,1052,0.7004029226569377,0,27,0,0,0,0,0,0.0,0.6923,0.0,0.0,0.0,0.0,0.0
317,20220919,45,8,15,471,0.6052154008590093,3,24,0,0,3,0,0,0.0667,0.5333,0.0,0.0,0.0667,0.0,0.0
317,20220920,56,9,19,3071,0.6010371896719656,0,38,0,0,0,0,0,0.0,0.6786,0.0,0.0,0.0,0.0,0.0
317,20220921,22,4,8,1136,0.744675538797903,0,22,0,0,0,0,0,0.0,1.0,0.0,0.0,0.0,0.0,0.0
317,20220922,36,6,13,1258,0.42381197262451287,0,24,0,0,0,0,0,0.0,0.6667,0.0,0.0,0.0,0.0,0.0
318,20220915,3,1,1,6,0.008411631604182264,0,0,0,0,0,0,0,0.0,0.0,0.0,0.0,0.0,0.0,0.0
318,20220916,140,23,52,5089,0.5476140415889263,9,91,0,0,0,3,0,0.0643,0.65,0.0,0.0,0.0,0.0214,0.0
318,20220917,56,11,19,926,0.30014773332678146,0,25,0,0,0,0,0,0.0,0.4464,0.0,0.0,0.0,0.0,0.0
318,20220918,47,13,18,2323,0.4322693158758982,2,32,0,0,0,0,0,0.0426,0.6809,0.0,0.0,0.0,0.0,0.0
318,20220919,37,13,15,1055,0.6131569091591471,0,28,0,0,0,0,0,0.0,0.7568,0.0,0.0,0.0,0.0,0.0
318,20220920,63,13,26,3209,0.6017873240951438,6,37,0,0,6,0,0,0.0952,0.5873,0.0,0.0,0.0952,0.0,0.0
318,20220921,20,7,8,936,0.4868279300078647,0,15,0,0,0,0,0,0.0,0.75,0.0,0.0,0.0,0.0,0.0
318,20220922,26,8,10,641,0.3671782206793192,0,17,0,0,0,0,0,0.0,0.6538,0.0,0.0,0.0,0.0,0.0
319,20220915,4,1,2,22,0.6438848920863309,0,2,0,0,0,0,0,0.0,0.5,0.0,0.0,0.0,0.0,0.0
319,20220916,40,6,16,484,0.7802644730159214,5,26,0,0,0,0,0,0.125,0.65,0.0,0.0,0.0,0.0,0.0
319,20220917,37,7,14,565,0.7863737440733329,0,24,0,0,0,0,0,0.0,0.6486,0.0,0.0,0.0,0.0,0.0
319,20220918,30,5,10,432,0.8733870444353973,0,24,0,0,0,0,0,0.0,0.8,0.0,0.0,0.0,0.0,0.0
319,20220919,30,4,11,279,0.6018448693973014,0,13,0,0,0,0,0,0.0,0.4333,0.0,0.0,0.0,0.0,0.0
319,20220920,20,4,6,536,0.6560006048350511,0,8,0,0,0,0,0,0.0,0.4,0.0,0.0,0.0,0.0,0.0
319,20220921,14,4,5,165,0.6325300254495375,0,6,0,0,0,0,0,0.0,0.4286,0.0,0.0,0.0,0.0,0.0
319,20220922,4,2,2,48,1.0,0,2,0,0,0,0,0,0.0,0.5,0.0,0.0,0.0,0.0,0.0
321,20220916,3,1,1,9,0.0544464609800363,0,0,0,0,0,0,0,0.0,0.0,0.0,0.0,0.0,0.0,0.0
321,20220917,24,4,8,957,0.7812284591758695,0,18,0,0,3,0,0,0.0,0.75,0.0,0.0,0.125,0.0,0.0
321,20220918,18,5,6,432,0.812087659708204,0,12,0,0,0,0,0,0.0,0.6667,0.0,0.0,0.0,0.0,0.0
321,20220919,13,3,5,459,0.3741117749702817,0,7,0,0,0,0,0,0.0,0.5385,0.0,0.0,0.0,0.0,0.0
321,20220920,10,3,4,81,0.337724020457471,0,3,0,0,0,0,0,0.0,0.3,0.0,0.0,0.0,0.0,0.0
321,20220921,21,4,7,327,0.35667118795259073,3,9,0,0,0,0,0,0.1429,0.4286,0.0,0.0,0.0,0.0,0.0
321,20220922,13,4,5,699,0.9097869507323568,3,12,0,0,0,0,0,0.2308,0.9231,0.0,0.0,0.0,0.0,0.0
322,20220916,8,2,3,412,1.0,3,8,3,0,0,0,0,0.375,1.0,0.375,0.0,0.0,0.0,0.0
322,20220917,4,2,2,120,1.0,0,4,0,0,0,0,0,0.0,1.0,0.0,0.0,0.0,0.0,0.0
322,20220918,6,3,4,190,0.49167376178022976,0,4,0,0,0,0,0,0.0,0.6667,0.0,0.0,0.0,0.0,0.0
322,20220919,23,3,8,304,0.7993340365771514,0,14,0,0,0,0,0,0.0,0.6087,0.0,0.0,0.0,0.0,0.0
322,20220920,11,3,4,708,0.9518121077141122,0,11,0,0,0,0,0,0.0,1.0,0.0,0.0,0.0,0.0,0.0
322,20220921,6,1,2,69,1.0,0,6,0,0,0,0,0,0.0,1.0,0.0,0.0,0.0,0.0,0.0
322,20220922,10,1,5,344,0.7247216035634744,0,8,0,0,2,2,0,0.0,0.8,0.0,0.0,0.2,0.2,0.0
323,20220915,15,5,6,1041,0.47047627796498237,0,11,0,0,0,0,0,0.0,0.7333,0.0,0.0,0.0,0.0,0.0
323,20220916,97,17,31,6457,0.2627086231831846,2,57,0,0,0,0,0,0.0206,0.5876,0.0,0.0,0.0,0.0,0.0
323,20220917,71,15,25,3493,0.3070511291323205,0,38,0,0,0,0,0,0.0,0.5352,0.0,0.0,0.0,0.0,0.0
323,20220918,68,17,25,3573,0.2974514819868988,0,44,0,0,0,0,0,0.0,0.6471,0.0,0.0,0.0,0.0,0.0
323,20220919,77,18,30,4593,0.2872651405640945,0,42,0,0,0,0,0,0.0,0.5455,0.0,0.0,0.0,0.0,0.0
323,20220920,101,19,31,5443,0.3048919518811366,0,56,0,3,0,0,0,0.0,0.5545,0.0,0.0297,0.0,0.0,0.0
323,20220921,59,15,22,2827,0.2262894358211086,0,36,0,3,0,0,0,0.0,0.6102,0.0,0.0508,0.0,0.0,0.0
323,20220922,62,17,22,1417,0.18638678677573758,0,28,0,0,0,0,0,0.0,0.4516,0.0,0.0,0.0,0.0,0.0
324,20220915,2,1,1,30,1.0,0,2,0,0,0,0,0,0.0,1.0,0.0,0.0,0.0,0.0,0.0
324,20220916,26,8,9,3390,0.452704362500748,0,21,0,0,0,0,0,0.0,0.8077,0.0,0.0,0.0,0.0,0.0
324,20220917,37,11,12,2738,0.3644903349304128,0,24,0,0,3,0,0,0.0,0.6486,0.0,0.0,0.0811,0.0,0.0
324,20220918,22,7,9,351,0.2384429090892353,2,13,0,0,0,0,0,0.0909,0.5909,0.0,0.0,0.0,0.0,0.0
324,20220919,27,6,9,1749,0.33230564789935774,0,12,0,0,0,0,0,0.0,0.4444,0.0,0.0,0.0,0.0,0.0
324,20220920,46,8,16,3924,0.2701033027175645,0,34,0,0,3,0,0,0.0,0.7391,0.0,0.0,0.0652,0.0,0.0
324,20220921,32,11,11,946,0.21517639474429853,0,15,0,0,0,0,0,0.0,0.4688,0.0,0.0,0.0,0.0,0.0
324,20220922,34,7,11,1616,0.38136539745942893,0,16,0,0,0,0,0,0.0,0.4706,0.0,0.0,0.0,0.0,0.0
325,20220916,29,6,17,2386,0.545373344517496,0,22,0,0,0,0,0,0.0,0.7586,0.0,0.0,0.0,0.0,0.0
325,20220917,21,4,14,751,0.258544319173624,0,9,0,0,0,0,0,0.0,0.4286,0.0,0.0,0.0,0.0,0.0
325,20220918,12,5,8,547,0.19836332534748566,2,7,0,0,0,0,0,0.1667,0.5833,0.0,0.0,0.0,0.0,0.0
325,20220919,8,3,3,139,0.4406025244410428,0,6,0,0,0,0,0,0.0,0.75,0.0,0.0,0.0,0.0,0.0
325,20220920,34,7,12,1534,0.5466221897322815,6,21,0,0,0,0,0,0.1765,0.6176,0.0,0.0,0.0,0.0,0.0
325,20220921,13,3,5,227,0.9080280271011,0,13,0,0,0,0,0,0.0,1.0,0.0,0.0,0.0,0.0,0.0
325,20220922,9,3,3,51,0.03991117248642818,0,3,0,0,0,0,0,0.0,0.3333,0.0,0.0,0.0,0.0,0.0
327,20220916,16,6,7,958,0.7484008057431122,0,13,0,0,0,0,0,0.0,0.8125,0.0,0.0,0.0,0.0,0.0
327,20220917,4,2,4,218,0.5660280573151014,0,2,0,0,0,0,0,0.0,0.5,0.0,0.0,0.0,0.0,0.0
327,20220918,17,4,7,1204,0.5186920439358894,0,10,0,0,0,0,0,0.0,0.5882,0.0,0.0,0.0,0.0,0.0
327,20220919,12,3,4,357,0.41423460299402914,0,9,0,0,0,0,0,0.0,0.75,0.0,0.0,0.0,0.0,0.0
327,20220921,5,2,3,174,0.8343642611683849,0,4,0,0,0,0,0,0.0,0.8,0.0,0.0,0.0,0.0,0.0
327,20220922,7,3,5,113,0.6538982102138476,0,4,0,0,0,0,0,0.0,0.5714,0.0,0.0,0.0,0.0,0.0
328,20220915,3,1,1,45,1.0,0,3,0,0,0,0,0,0.0,1.0,0.0,0.0,0.0,0.0,0.0
328,20220916,33,8,11,894,0.6233361879638346,0,24,0,0,0,0,0,0.0,0.7273,0.0,0.0,0.0,0.0,0.0
328,20220917,27,4,8,870,0.867877649471953,3,21,0,3,3,0,0,0.1111,0.7778,0.0,0.1111,0.1111,0.0,0.0
328,20220918,50,8,16,1179,0.6070573939590633,0,30,0,0,3,0,0,0.0,0.6,0.0,0.0,0.06,0.0,0.0
328,20220919,21,2,8,463,0.4734320991947256,0,15,0,0,0,0,0,0.0,0.7143,0.0,0.0,0.0,0.0,0.0
328,20220920,24,5,8,918,0.8653295128939827,0,18,0,0,0,0,0,0.0,0.75,0.0,0.0,0.0,0.0,0.0
328,20220921,15,4,5,336,0.5675985438520921,0,9,0,0,0,0,0,0.0,0.6,0.0,0.0,0.0,0.0,0.0
328,20220922,18,4,6,354,0.6045298511503151,0,9,0,0,0,0,0,0.0,0.5,0.0,0.0,0.0,0.0,0.0
329,20220915,31,12,13,1171,0.25477016345510406,3,8,0,0,0,0,0,0.0968,0.2581,0.0,0.0,0.0,0.0,0.0
329,20220916,171,41,61,12224,0.33904858812217564,0,90,0,0,0,0,2,0.0,0.5263,0.0,0.0,0.0,0.0,0.0117
329,20220917,187,50,61,8410,0.317600748479971,8,105,0,6,0,0,0,0.0428,0.5615,0.0,0.0321,0.0,0.0,0.0
329,20220918,130,36,50,6400,0.21340354599650488,3,66,0,3,0,0,0,0.0231,0.5077,0.0,0.0231,0.0,0.0,0.0
329,20220919,214,43,66,13171,0.358802802861711,0,128,0,3,0,3,0,0.0,0.5981,0.0,0.014,0.0,0.014,0.0
329,20220920,157,45,62,10516,0.34559338488805863,0,90,0,2,0,0,0,0.0,0.5732,0.0,0.0127,0.0,0.0,0.0
329,20220921,164,37,59,8110,0.36014536193386715,13,96,0,0,3,0,0,0.0793,0.5854,0.0,0.0,0.0183,0.0,0.0
329,20220922,117,31,38,5993,0.4101219339936303,0,71,0,0,0,0,0,0.0,0.6068,0.0,0.0,0.0,0.0,0.0
330,20220915,14,3,6,198,0.7036711307797147,0,9,0,0,0,0,0,0.0,0.6429,0.0,0.0,0.0,0.0,0.0
330,20220916,49,13,31,1109,0.45803445513816576,0,24,0,0,0,0,0,0.0,0.4898,0.0,0.0,0.0,0.0,0.0
330,20220917,62,13,37,1638,0.5346359080936095,0,40,0,0,0,0,0,0.0,0.6452,0.0,0.0,0.0,0.0,0.0
330,20220918,42,12,20,1539,0.6271634950825286,0,24,0,0,0,0,0,0.0,0.5714,0.0,0.0,0.0,0.0,0.0
330,20220919,87,20,39,2677,0.5275365284306494,2,46,0,0,0,0,0,0.023,0.5287,0.0,0.0,0.0,0.0,0.0
330,20220920,45,10,24,686,0.5573517172946079,0,21,0,0,0,0,0,0.0,0.4667,0.0,0.0,0.0,0.0,0.0
330,20220921,23,10,14,629,0.8067548392476839,1,20,0,0,0,0,0,0.0435,0.8696,0.0,0.0,0.0,0.0,0.0
330,20220922,24,8,13,520,0.42919253264505564,0,16,0,0,0,0,0,0.0,0.6667,0.0,0.0,0.0,0.0,0.0
332,20220915,6,2,2,33,0.18344168655603607,0,3,0,0,0,0,0,0.0,0.5,0.0,0.0,0.0,0.0,0.0
332,20220916,45,11,16,1575,0.5964693890103577,0,36,0,0,0,0,0,0.0,0.8,0.0,0.0,0.0,0.0,0.0
332,20220917,44,10,15,1645,0.560903190431128,5,24,0,0,0,0,0,0.1136,0.5455,0.0,0.0,0.0,0.0,0.0
332,20220918,50,13,18,1334,0.5946276506777296,0,26,0,0,0,0,0,0.0,0.52,0.0,0.0,0.0,0.0,0.0
332,20220919,36,8,12,822,0.7622919727011063,3,21,0,0,0,0,0,0.0833,0.5833,0.0,0.0,0.0,0.0,0.0
332,20220920,18,6,7,1117,0.8158082325133001,0,12,0,0,0,2,0,0.0,0.6667,0.0,0.0,0.0,0.1111,0.0
332,20220921,10,5,5,467,0.5872054104617208,1,7,0,0,0,0,0,0.1,0.7,0.0,0.0,0.0,0.0,0.0
332,20220922,9,4,5,53,1.0,0,3,0,0,0,0,0,0.0,0.3333,0.0,0.0,0.0,0.0,0.0
333,20220916,8,3,4,406,0.8602257394554355,0,8,0,0,0,0,0,0.0,1.0,0.0,0.0,0.0,0.0,0.0
333,20220917,12,3,4,1005,0.9963982146632152,0,9,0,0,0,0,0,0.0,0.75,0.0,0.0,0.0,0.0,0.0
333,20220918,9,3,3,90,0.15352266468589837,0,3,0,0,0,0,0,0.0,0.3333,0.0,0.0,0.0,0.0,0.0
333,20220919,16,4,6,876,0.7172902954764797,0,16,0,0,0,0,0,0.0,1.0,0.0,0.0,0.0,0.0,0.0
333,20220920,12,2,4,738,0.5292682926829269,0,9,0,0,0,0,0,0.0,0.75,0.0,0.0,0.0,0.0,0.0
333,20220921,16,2,6,1473,0.4759231581208957,0,15,0,0,0,0,0,0.0,0.9375,0.0,0.0,0.0,0.0,0.0
333,20220922,3,1,1,15,0.02439024390243903,0,0,0,0,0,0,0,0.0,0.0,0.0,0.0,0.0,0.0,0.0
336,20220915,3,1,1,15,0.47023417661995676,0,0,0,0,0,0,0,0.0,0.0,0.0,0.0,0.0,0.0,0.0
336,20220916,74,17,25,1118,0.557726761073051,2,35,0,0,0,0,0,0.027,0.473,0.0,0.0,0.0,0.0,0.0
336,20220917,97,19,32,1841,0.6253507849780956,0,65,0,0,0,0,0,0.0,0.6701,0.0,0.0,0.0,0.0,0.0
336,20220918,98,18,32,1853,0.503822788015314,6,47,0,0,0,0,0,0.0612,0.4796,0.0,0.0,0.0,0.0,0.0
336,20220919,50,15,17,739,0.4506519292577221,5,23,2,0,0,0,0,0.1,0.46,0.04,0.0,0.0,0.0,0.0
336,20220920,91,19,26,842,0.5437149367566124,3,36,3,0,0,0,0,0.033,0.3956,0.033,0.0,0.0,0.0,0.0
336,20220921,56,14,20,819,0.6255866841186558,0,31,0,0,0,0,0,0.0,0.5536,0.0,0.0,0.0,0.0,0.0
336,20220922,72,18,26,1294,0.6378649684802093,3,52,0,0,0,0,0,0.0417,0.7222,0.0,0.0,0.0,0.0,0.0
337,20220916,15,4,5,156,0.2953370802937985,0,6,0,0,0,0,0,0.0,0.4,0.0,0.0,0.0,0.0,0.0
337,20220917,27,9,10,371,0.4273719504234424,0,12,0,0,0,0,0,0.0,0.4444,0.0,0.0,0.0,0.0,0.0
337,20220918,13,5,5,106,0.5758269869988428,0,7,0,0,0,0,0,0.0,0.5385,0.0,0.0,0.0,0.0,0.0
337,20220919,25,5,9,485,0.4760568508728918,0,15,0,0,0,0,0,0.0,0.6,0.0,0.0,0.0,0.0,0.0
337,20220920,3,1,1,12,0.16194331983805668,0,0,0,0,0,0,0,0.0,0.0,0.0,0.0,0.0,0.0,0.0
337,20220921,16,5,5,912,0.378330646995519,0,6,0,0,0,0,0,0.0,0.375,0.0,0.0,0.0,0.0,0.0
337,20220922,15,2,5,486,0.6358217509671873,0,9,0,0,0,0,0,0.0,0.6,0.0,0.0,0.0,0.0,0.0
338,20220915,3,1,1,309,1.0,0,3,0,0,0,0,0,0.0,1.0,0.0,0.0,0.0,0.0,0.0
338,20220916,34,7,12,502,0.446656748491121,0,19,0,0,0,0,0,0.0,0.5588,0.0,0.0,0.0,0.0,0.0
338,20220917,46,10,16,1965,0.5477536167526977,0,31,0,0,0,0,0,0.0,0.6739,0.0,0.0,0.0,0.0,0.0
338,20220918,18,7,9,1050,0.7693502223620649,0,16,0,0,0,0,3,0.0,0.8889,0.0,0.0,0.0,0.0,0.1667
338,20220919,11,5,5,514,0.6777977188843521,0,10,0,0,0,0,0,0.0,0.9091,0.0,0.0,0.0,0.0,0.0
338,20220920,34,3,9,957,0.713024216495636,0,23,0,0,0,0,0,0.0,0.6765,0.0,0.0,0.0,0.0,0.0
338,20220921,32,7,12,530,0.4590664767502261,0,20,0,0,0,0,0,0.0,0.625,0.0,0.0,0.0,0.0,0.0
338,20220922,16,5,6,186,0.2765875805611963,0,9,0,0,0,0,0,0.0,0.5625,0.0,0.0,0.0,0.0,0.0
339,20220916,21,4,8,158,0.4520702320590079,0,8,0,0,0,0,0,0.0,0.381,0.0,0.0,0.0,0.0,0.0
339,20220917,18,4,8,184,0.5990198307974496,0,9,0,0,0,0,0,0.0,0.5,0.0,0.0,0.0,0.0,0.0
339,20220918,16,3,7,175,0.5549274287868231,2,7,0,2,0,0,0,0.125,0.4375,0.0,0.125,0.0,0.0,0.0
339,20220919,16,6,7,135,0.38491046895656883,0,5,0,0,0,0,0,0.0,0.3125,0.0,0.0,0.0,0.0,0.0
339,20220920,7,3,4,44,0.11989190156637651,0,1,0,0,0,0,0,0.0,0.1429,0.0,0.0,0.0,0.0,0.0
339,20220921,10,4,5,61,0.2898685012828183,0,4,0,0,0,0,0,0.0,0.4,0.0,0.0,0.0,0.0,0.0
339,20220922,2,1,1,2,0.0668181210744354,0,0,0,0,0,0,0,0.0,0.0,0.0,0.0,0.0,0.0,0.0
340,20220916,9,4,3,192,0.29568489269324716,0,5,0,0,0,0,0,0.0,0.5556,0.0,0.0,0.0,0.0,0.0
340,20220917,6,1,3,422,0.7965269913174784,0,6,0,0,0,0,0,0.0,1.0,0.0,0.0,0.0,0.0,0.0
340,20220919,4,2,2,101,0.3564908499032201,0,3,0,0,0,0,0,0.0,0.75,0.0,0.0,0.0,0.0,0.0
340,20220920,1,1,1,34,1.0,0,1,0,0,0,0,0,0.0,1.0,0.0,0.0,0.0,0.0,0.0
340,20220921,2,1,2,9,0.16148711691667264,0,0,0,0,0,0,0,0.0,0.0,0.0,0.0,0.0,0.0,0.0
340,20220922,11,2,5,362,0.4222401598137907,0,5,0,0,0,0,0,0.0,0.4545,0.0,0.0,0.0,0.0,0.0
341,20220916,12,4,4,312,0.5620904658443087,3,9,0,0,0,0,0,0.25,0.75,0.0,0.0,0.0,0.0,0.0
341,20220917,14,4,6,894,0.9290289955434293,0,13,0,0,0,0,0,0.0,0.9286,0.0,0.0,0.0,0.0,0.0
341,20220918,3,1,1,513,1.0,0,3,0,0,0,3,0,0.0,1.0,0.0,0.0,0.0,1.0,0.0
341,20220920,2,1,1,0,0.0,0,0,0,0,0,0,0,0.0,0.0,0.0,0.0,0.0,0.0,0.0
341,20220922,5,2,2,204,1.0,0,3,0,0,0,0,0,0.0,0.6,0.0,0.0,0.0,0.0,0.0
342,20220915,6,2,2,75,0.10851700103619893,0,3,0,0,0,0,0,0.0,0.5,0.0,0.0,0.0,0.0,0.0
342,20220916,46,11,17,836,0.3511784684662029,0,27,0,0,0,0,0,0.0,0.587,0.0,0.0,0.0,0.0,0.0
342,20220917,44,5,16,1237,0.1427136678996555,3,24,0,0,3,0,0,0.0682,0.5455,0.0,0.0,0.0682,0.0,0.0
342,20220918,25,9,10,1990,0.5581234686530749,0,15,0,0,0,0,0,0.0,0.6,0.0,0.0,0.0,0.0,0.0
342,20220919,33,8,13,656,0.46742437368701284,2,18,0,0,0,0,0,0.0606,0.5455,0.0,0.0,0.0,0.0,0.0
342,20220920,44,11,15,1783,0.4885060127735048,0,24,0,0,3,0,0,0.0,0.5455,0.0,0.0,0.0682,0.0,0.0
342,20220921,8,3,3,259,0.2387661959309611,0,6,0,0,0,3,0,0.0,0.75,0.0,0.0,0.0,0.375,0.0
342,20220922,9,4,4,609,0.6519746315403327,0,7,0,0,0,0,0,0.0,0.7778,0.0,0.0,0.0,0.0,0.0
343,20220916,26,6,9,596,0.713681766120197,0,23,0,0,0,0,0,0.0,0.8846,0.0,0.0,0.0,0.0,0.0
343,20220917,17,4,6,144,0.3763626302195062,0,6,0,0,0,0,0,0.0,0.3529,0.0,0.0,0.0,0.0,0.0
343,20220918,23,5,8,317,0.6710671285664636,0,17,0,0,0,0,0,0.0,0.7391,0.0,0.0,0.0,0.0,0.0
343,20220919,15,4,6,178,0.5324953443658585,0,9,0,0,0,0,0,0.0,0.6,0.0,0.0,0.0,0.0,0.0
343,20220920,15,4,5,345,0.5787462029431254,0,9,0,0,0,0,0,0.0,0.6,0.0,0.0,0.0,0.0,0.0
343,20220921,11,4,4,370,0.4735628633090048,0,6,0,0,0,0,0,0.0,0.5455,0.0,0.0,0.0,0.0,0.0
343,20220922,17,4,6,321,0.670141810519051,0,11,0,0,0,0,0,0.0,0.6471,0.0,0.0,0.0,0.0,0.0
345,20220916,34,2,12,301,0.29437106207846525,0,12,0,0,0,0,0,0.0,0.3529,0.0,0.0,0.0,0.0,0.0
345,20220917,16,3,7,230,0.3368617929104677,0,10,0,0,0,0,0,0.0,0.625,0.0,0.0,0.0,0.0,0.0
345,20220918,12,4,6,130,0.3705678677491924,1,8,0,0,0,0,0,0.0833,0.6667,0.0,0.0,0.0,0.0,0.0
345,20220919,10,4,6,164,0.2931418935247973,0,6,0,0,0,0,0,0.0,0.6,0.0,0.0,0.0,0.0,0.0
345,20220920,59,8,19,1213,0.38226408136997586,0,32,0,0,0,0,0,0.0,0.5424,0.0,0.0,0.0,0.0,0.0
345,20220921,18,5,5,333,0.3735156045040246,0,15,0,0,0,0,0,0.0,0.8333,0.0,0.0,0.0,0.0,0.0
345,20220922,18,3,6,657,0.4387612794237763,3,18,0,3,0,0,0,0.1667,1.0,0.0,0.1667,0.0,0.0,0.0
347,20220915,9,3,3,183,0.7272727272727272,0,3,0,0,0,0,0,0.0,0.3333,0.0,0.0,0.0,0.0,0.0
347,20220916,27,4,9,939,0.48475573866980576,0,12,0,0,0,0,0,0.0,0.4444,0.0,0.0,0.0,0.0,0.0
347,20220917,18,4,6,291,0.5619367266594559,0,9,0,0,0,0,0,0.0,0.5,0.0,0.0,0.0,0.0,0.0
347,20220918,3,1,1,24,0.040658670461475914,0,3,0,0,0,0,0,0.0,1.0,0.0,0.0,0.0,0.0,0.0
347,20220919,9,2,3,1377,0.6870302665751872,0,9,0,0,0,0,0,0.0,1.0,0.0,0.0,0.0,0.0,0.0
347,20220920,3,1,1,612,0.9586556264626548,0,3,0,0,0,0,0,0.0,1.0,0.0,0.0,0.0,0.0,0.0
347,20220922,6,1,2,54,0.0914820085383208,0,3,0,0,0,0,0,0.0,0.5,0.0,0.0,0.0,0.0,0.0
348,20220916,17,3,7,286,0.8793047240573008,0,17,0,0,0,0,0,0.0,1.0,0.0,0.0,0.0,0.0,0.0
348,20220917,34,4,14,1439,0.7514130911123561,2,24,0,0,0,0,0,0.0588,0.7059,0.0,0.0,0.0,0.0,0.0
348,20220918,53,6,19,1330,0.5408266190925926,3,39,0,0,3,0,0,0.0566,0.7358,0.0,0.0,0.0566,0.0,0.0
348,20220919,6,1,2,111,1.0,0,6,0,0,0,0,0,0.0,1.0,0.0,0.0,0.0,0.0,0.0
348,20220920,9,2,3,126,0.7488138530068695,0,6,0,0,0,0,0,0.0,0.6667,0.0,0.0,0.0,0.0,0.0
348,20220921,6,1,2,69,0.5867077083152692,0,3,0,0,0,0,0,0.0,0.5,0.0,0.0,0.0,0.0,0.0
348,20220922,3,1,1,6,0.09285913269570062,0,0,0,0,0,0,0,0.0,0.0,0.0,0.0,0.0,0.0,0.0
349,20220921,15,1,5,39,0.18118466898954705,0,0,0,0,0,0,0,0.0,0.0,0.0,0.0,0.0,0.0,0.0
349,20220922,6,1,2,12,0.13937282229965156,0,0,0,0,0,0,0,0.0,0.0,0.0,0.0,0.0,0.0,0.0
350,20220916,36,4,14,1314,0.5703212275739595,2,28,0,4,2,0,0,0.0556,0.7778,0.0,0.1111,0.0556,0.0,0.0
350,20220917,62,4,27,1086,0.710413288665593,0,47,0,0,2,0,0,0.0,0.7581,0.0,0.0,0.0323,0.0,0.0
350,20220918,80,4,34,4272,0.6452770575953546,5,62,0,0,2,0,0,0.0625,0.775,0.0,0.0,0.025,0.0,0.0
350,20220919,41,5,18,2141,0.6701283577673257,3,32,0,0,0,0,0,0.0732,0.7805,0.0,0.0,0.0,0.0,0.0
350,20220920,18,2,8,514,0.7975569578722004,3,15,0,0,0,0,0,0.1667,0.8333,0.0,0.0,0.0,0.0,0.0
350,20220921,15,3,5,99,0.25933610168078236,0,6,0,0,0,0,0,0.0,0.4,0.0,0.0,0.0,0.0,0.0
350,20220922,2,1,1,20,0.1877370179852063,0,2,0,0,0,0,0,0.0,1.0,0.0,0.0,0.0,0.0,0.0
351,20220916,10,2,4,227,0.38496984878574075,1,10,0,0,0,0,0,0.1,1.0,0.0,0.0,0.0,0.0,0.0
351,20220917,7,2,3,227,0.5491822706802559,0,7,0,0,0,0,0,0.0,1.0,0.0,0.0,0.0,0.0,0.0
351,20220918,4,2,2,62,0.26755687308826726,0,1,0,0,0,0,0,0.0,0.25,0.0,0.0,0.0,0.0,0.0
351,20220919,6,1,2,264,0.6608370297633156,0,6,0,0,0,0,0,0.0,1.0,0.0,0.0,0.0,0.0,0.0
351,20220921,3,1,1,12,0.06772085463718552,0,0,0,0,0,0,0,0.0,0.0,0.0,0.0,0.0,0.0,0.0
351,20220922,3,1,1,162,1.0,0,3,0,0,0,0,0,0.0,1.0,0.0,0.0,0.0,0.0,0.0
352,20220915,3,1,1,6,0.12245147860160414,0,0,0,0,0,0,0,0.0,0.0,0.0,0.0,0.0,0.0,0.0
352,20220916,24,1,8,516,0.5663304353150065,0,12,0,0,0,0,0,0.0,0.5,0.0,0.0,0.0,0.0,0.0
352,20220917,24,3,6,252,0.44625198663857374,0,9,0,0,0,0,0,0.0,0.375,0.0,0.0,0.0,0.0,0.0
352,20220918,6,2,2,6,0.13231013495633767,0,0,0,0,0,0,0,0.0,0.0,0.0,0.0,0.0,0.0,0.0
352,20220919,42,3,14,2790,0.5255528135424505,0,33,0,0,0,0,0,0.0,0.7857,0.0,0.0,0.0,0.0,0.0
352,20220920,33,4,11,1392,0.641614681080572,0,24,0,0,0,0,0,0.0,0.7273,0.0,0.0,0.0,0.0,0.0
352,20220921,21,2,7,1011,0.7164691203992513,3,18,0,0,0,0,0,0.1429,0.8571,0.0,0.0,0.0,0.0,0.0
352,20220922,2,1,2,34,0.278082214188736,0,1,0,0,0,0,0,0.0,0.5,0.0,0.0,0.0,0.0,0.0
353,20220916,5,2,2,21,0.18309755901041194,0,0,0,0,0,0,0,0.0,0.0,0.0,0.0,0.0,0.0,0.0
353,20220917,3,1,1,9,0.15202959509451172,0,0,0,0,0,0,0,0.0,0.0,0.0,0.0,0.0,0.0,0.0
353,20220918,8,3,3,32,0.4608118380378047,0,2,0,0,0,0,0,0.0,0.25,0.0,0.0,0.0,0.0,0.0
353,20220919,6,1,2,237,1.0,0,6,0,0,0,0,0,0.0,1.0,0.0,0.0,0.0,0.0,0.0
353,20220920,3,1,1,3,0.07633587786259542,0,0,0,0,0,0,0,0.0,0.0,0.0,0.0,0.0,0.0,0.0
353,20220921,11,4,4,349,0.847666644553047,3,9,0,0,0,0,0,0.2727,0.8182,0.0,0.0,0.0,0.0,0.0
353,20220922,14,4,5,199,0.5294256348860982,0,6,0,0,0,0,0,0.0,0.4286,0.0,0.0,0.0,0.0,0.0
354,20220916,18,3,5,359,0.5493151827497667,0,10,0,0,0,0,0,0.0,0.5556,0.0,0.0,0.0,0.0,0.0
354,20220917,25,6,9,528,0.5033058574360857,0,9,0,0,0,0,0,0.0,0.36,0.0,0.0,0.0,0.0,0.0
354,20220918,6,2,2,132,0.6184895544052196,0,6,0,0,0,0,0,0.0,1.0,0.0,0.0,0.0,0.0,0.0
354,20220919,23,3,7,96,0.3928276218475304,0,7,0,0,0,0,0,0.0,0.3043,0.0,0.0,0.0,0.0,0.0
354,20220921,5,2,2,80,0.7777777777777779,0,3,0,0,0,0,0,0.0,0.6,0.0,0.0,0.0,0.0,0.0
354,20220922,3,1,1,24,0.6857534716269501,0,3,0,0,0,0,0,0.0,1.0,0.0,0.0,0.0,0.0,0.0
355,20220916,3,1,1,60,1.0,0,3,0,0,0,0,0,0.0,1.0,0.0,0.0,0.0,0.0,0.0
355,20220917,10,4,4,164,0.8731349250771617,0,6,0,0,0,0,0,0.0,0.6,0.0,0.0,0.0,0.0,0.0
355,20220919,24,4,8,399,0.9155971588136742,0,15,0,0,0,0,0,0.0,0.625,0.0,0.0,0.0,0.0,0.0
355,20220920,13,4,5,97,0.6463192500817071,0,3,0,0,0,0,0,0.0,0.2308,0.0,0.0,0.0,0.0,0.0
355,20220921,15,2,4,258,0.5746525800340261,0,6,0,0,0,0,0,0.0,0.4,0.0,0.0,0.0,0.0,0.0
356,20220915,12,2,4,735,0.6040710695642922,0,12,0,0,0,0,0,0.0,1.0,0.0,0.0,0.0,0.0,0.0
356,20220916,79,16,28,2626,0.5159507810080752,0,46,0,0,0,0,0,0.0,0.5823,0.0,0.0,0.0,0.0,0.0
356,20220917,53,11,24,1733,0.44569832014223043,0,33,0,0,0,0,0,0.0,0.6226,0.0,0.0,0.0,0.0,0.0
356,20220918,40,10,15,1904,0.643325309387017,0,28,0,0,0,0,0,0.0,0.7,0.0,0.0,0.0,0.0,0.0
356,20220919,66,16,22,3069,0.5522465614311154,0,41,0,0,3,0,0,0.0,0.6212,0.0,0.0,0.0455,0.0,0.0
356,20220920,64,13,23,1360,0.5581109788094588,0,42,1,0,0,0,0,0.0,0.6562,0.0156,0.0,0.0,0.0,0.0
356,20220921,59,14,21,1651,0.4992305182343782,0,33,0,0,0,0,0,0.0,0.5593,0.0,0.0,0.0,0.0,0.0
356,20220922,50,12,17,2639,0.46604279034710516,0,27,0,0,0,0,0,0.0,0.54,0.0,0.0,0.0,0.0,0.0
357,20220916,30,9,11,1041,0.7754186981134591,0,27,0,0,0,0,0,0.0,0.9,0.0,0.0,0.0,0.0,0.0
357,20220917,22,8,9,1270,0.8210422725301666,0,16,3,0,0,0,0,0.0,0.7273,0.1364,0.0,0.0,0.0,0.0
357,20220918,15,4,5,189,0.36180065993315774,3,12,0,0,0,0,0,0.2,0.8,0.0,0.0,0.0,0.0,0.0
357,20220919,25,7,11,1436,0.5206358894568767,2,16,0,0,0,0,0,0.08,0.64,0.0,0.0,0.0,0.0,0.0
357,20220920,34,8,12,1564,0.44348800070584254,0,22,0,0,0,0,0,0.0,0.6471,0.0,0.0,0.0,0.0,0.0
357,20220921,15,3,5,1338,0.9950235373234702,9,15,0,3,0,0,0,0.6,1.0,0.0,0.2,0.0,0.0,0.0
357,20220922,9,3,3,372,1.0,3,9,0,0,3,0,0,0.3333,1.0,0.0,0.0,0.3333,0.0,0.0
358,20220916,27,6,8,1030,0.66036041442805,0,16,0,0,0,0,0,0.0,0.5926,0.0,0.0,0.0,0.0,0.0
358,20220917,7,2,3,401,0.48462232495509233,0,3,0,0,0,0,0,0.0,0.4286,0.0,0.0,0.0,0.0,0.0
358,20220918,25,6,9,412,0.6097671624279469,0,22,0,0,0,0,0,0.0,0.88,0.0,0.0,0.0,0.0,0.0
358,20220919,9,2,4,119,0.7407407407407408,0,7,0,0,0,0,0,0.0,0.7778,0.0,0.0,0.0,0.0,0.0
358,20220920,20,5,7,372,0.3246924554593974,0,11,0,0,0,0,0,0.0,0.55,0.0,0.0,0.0,0.0,0.0
358,20220921,15,3,7,138,0.5923335144128761,2,9,0,0,0,0,0,0.1333,0.6,0.0,0.0,0.0,0.0,0.0
358,20220922,13,4,5,157,0.4453104394624133,0,5,0,0,0,0,0,0.0,0.3846,0.0,0.0,0.0,0.0,0.0
361,20220915,3,1,1,30,0.05350454788657036,0,3,0,0,0,0,0,0.0,1.0,0.0,0.0,0.0,0.0,0.0
361,20220916,11,4,5,196,0.5366415598674201,0,8,0,0,0,0,0,0.0,0.7273,0.0,0.0,0.0,0.0,0.0
361,20220917,12,4,5,277,0.5665587598338779,0,7,0,0,0,0,0,0.0,0.5833,0.0,0.0,0.0,0.0,0.0
361,20220919,21,5,9,350,0.6044683833623057,0,11,0,0,0,0,0,0.0,0.5238,0.0,0.0,0.0,0.0,0.0
361,20220920,13,2,5,127,0.6065783531536956,0,6,0,0,0,0,0,0.0,0.4615,0.0,0.0,0.0,0.0,0.0
361,20220921,5,3,3,102,0.9142857142857143,0,5,0,0,0,0,0,0.0,1.0,0.0,0.0,0.0,0.0,0.0
361,20220922,15,4,5,468,0.23838876876971196,0,6,0,0,0,0,0,0.0,0.4,0.0,0.0,0.0,0.0,0.0
363,20220916,6,1,2,6,0.035501908227567235,0,0,0,0,0,0,0,0.0,0.0,0.0,0.0,0.0,0.0,0.0
363,20220917,4,2,3,31,0.6739130434782608,0,2,0,0,0,0,0,0.0,0.5,0.0,0.0,0.0,0.0,0.0
363,20220918,5,2,2,93,0.6449631667702139,3,5,0,0,0,0,0,0.6,1.0,0.0,0.0,0.0,0.0,0.0
363,20220919,24,5,8,315,0.6009064522508918,0,12,0,0,0,0,0,0.0,0.5,0.0,0.0,0.0,0.0,0.0
363,20220920,12,3,4,264,0.7546437643518801,0,9,0,0,0,0,0,0.0,0.75,0.0,0.0,0.0,0.0,0.0
363,20220921,17,4,6,616,0.5729981701535074,0,11,0,0,0,0,0,0.0,0.6471,0.0,0.0,0.0,0.0,0.0
365,20220916,15,2,5,45,0.038477445170743474,0,3,0,0,0,0,0,0.0,0.2,0.0,0.0,0.0,0.0,0.0
365,20220917,8,3,3,204,0.11366539352262532,0,3,0,0,0,0,0,0.0,0.375,0.0,0.0,0.0,0.0,0.0
365,20220918,24,4,7,627,0.837930326358187,0,21,0,0,0,0,0,0.0,0.875,0.0,0.0,0.0,0.0,0.0
365,20220919,9,2,3,93,0.025806690466136237,0,6,0,0,0,0,0,0.0,0.6667,0.0,0.0,0.0,0.0,0.0
365,20220920,14,4,5,159,0.1678575849949435,0,5,0,0,0,0,0,0.0,0.3571,0.0,0.0,0.0,0.0,0.0
365,20220921,24,5,7,462,0.31383346635971504,0,9,0,0,0,0,0,0.0,0.375,0.0,0.0,0.0,0.0,0.0
365,20220922,5,2,2,510,0.534834199948398,0,2,0,0,0,0,0,0.0,0.4,0.0,0.0,0.0,0.0,0.0
366,20220915,4,2,2,154,0.36636136552872606,0,1,0,0,0,0,0,0.0,0.25,0.0,0.0,0.0,0.0,0.0
366,20220916,9,4,4,365,0.33130919975341977,0,7,0,0,0,0,0,0.0,0.7778,0.0,0.0,0.0,0.0,0.0
366,20220917,9,2,3,153,0.3262359753754113,0,3,0,0,0,0,0,0.0,0.3333,0.0,0.0,0.0,0.0,0.0
366,20220918,5,2,3,168,0.6146144228114903,0,3,0,0,0,0,0,0.0,0.6,0.0,0.0,0.0,0.0,0.0
366,20220919,27,2,8,1005,0.6112662381647674,0,18,0,0,0,0,0,0.0,0.6667,0.0,0.0,0.0,0.0,0.0
366,20220920,47,5,16,1457,0.5401687498208471,3,29,0,0,0,0,0,0.0638,0.617,0.0,0.0,0.0,0.0,0.0
366,20220921,23,5,8,804,0.5671829041166042,0,15,0,0,0,0,0,0.0,0.6522,0.0,0.0,0.0,0.0,0.0
366,20220922,36,5,13,1394,0.6454008150744498,0,26,0,0,0,0,0,0.0,0.7222,0.0,0.0,0.0,0.0,0.0
367,20220915,1,1,1,11,1.0,0,1,0,0,0,0,0,0.0,1.0,0.0,0.0,0.0,0.0,0.0
367,20220916,49,14,15,1502,0.7276082560135484,8,36,0,6,0,0,0,0.1633,0.7347,0.0,0.1224,0.0,0.0,0.0
367,20220917,70,20,27,1672,0.8947638145536875,0,63,3,0,0,0,0,0.0,0.9,0.0429,0.0,0.0,0.0,0.0
367,20220918,44,15,16,975,0.8824108651722464,12,38,0,0,0,0,0,0.2727,0.8636,0.0,0.0,0.0,0.0,0.0
367,20220919,29,10,10,918,0.7511516722854129,2,24,1,0,0,0,0,0.069,0.8276,0.0345,0.0,0.0,0.0,0.0
367,20220920,12,6,4,352,0.9090241230999384,0,12,0,0,0,0,0,0.0,1.0,0.0,0.0,0.0,0.0,0.0
367,20220921,24,9,8,814,0.8802866746936764,9,21,3,0,0,0,0,0.375,0.875,0.125,0.0,0.0,0.0,0.0
367,20220922,13,4,5,375,0.8373459068090737,3,13,0,0,0,0,0,0.2308,1.0,0.0,0.0,0.0,0.0,0.0
368,20220915,26,9,15,925,0.34615071387919266,0,15,0,0,0,1,0,0.0,0.5769,0.0,0.0,0.0,0.0385,0.0
368,20220916,523,133,184,21846,0.48509718847478395,18,377,2,0,6,0,0,0.0344,0.7208,0.0038,0.0,0.0115,0.0,0.0
368,20220917,660,148,225,31335,0.5055327378595453,29,453,1,3,8,3,0,0.0439,0.6864,0.0015,0.0045,0.0121,0.0045,0.0
368,20220918,455,123,164,23544,0.4881449226210598,13,300,4,0,4,0,0,0.0286,0.6593,0.0088,0.0,0.0088,0.0,0.0
368,20220919,287,77,103,14809,0.5196566585170426,11,212,3,0,4,0,0,0.0383,0.7387,0.0105,0.0,0.0139,0.0,0.0
368,20220920,394,98,128,19749,0.46256605150075725,20,278,2,0,8,0,0,0.0508,0.7056,0.0051,0.0,0.0203,0.0,0.0
368,20220921,280,79,96,11722,0.5242987529955647,5,197,0,0,3,3,0,0.0179,0.7036,0.0,0.0,0.0107,0.0107,0.0
368,20220922,246,70,83,8804,0.4730494282717985,4,160,0,0,0,5,0,0.0163,0.6504,0.0,0.0,0.0,0.0203,0.0
369,20220915,6,3,3,19,0.40789473684210525,0,1,0,0,0,0,0,0.0,0.1667,0.0,0.0,0.0,0.0,0.0
369,20220916,45,11,17,952,0.7855879977938149,0,37,0,0,0,0,0,0.0,0.8222,0.0,0.0,0.0,0.0,0.0
369,20220917,38,7,13,539,0.665793701597116,0,29,0,0,0,0,0,0.0,0.7632,0.0,0.0,0.0,0.0,0.0
369,20220918,34,7,11,449,0.4998706478630265,0,21,0,0,0,0,0,0.0,0.6176,0.0,0.0,0.0,0.0,0.0
369,20220919,28,9,10,487,0.8025461654088492,0,21,0,0,0,0,0,0.0,0.75,0.0,0.0,0.0,0.0,0.0
369,20220920,32,7,11,660,0.9018181818181819,0,22,0,0,0,0,0,0.0,0.6875,0.0,0.0,0.0,0.0,0.0
369,20220921,22,6,9,580,0.8545966343536535,2,16,0,0,0,0,0,0.0909,0.7273,0.0,0.0,0.0,0.0,0.0
369,20220922,36,8,13,1080,0.7732795450342264,0,31,0,0,0,0,0,0.0,0.8611,0.0,0.0,0.0,0.0,0.0
371,20220915,11,4,4,63,0.4078634078066946,0,3,0,0,0,0,0,0.0,0.2727,0.0,0.0,0.0,0.0,0.0
371,20220916,48,14,23,559,0.43278072800199596,0,17,0,0,0,0,0,0.0,0.3542,0.0,0.0,0.0,0.0,0.0
371,20220917,34,9,14,634,0.8840618774689207,0,23,0,0,0,0,0,0.0,0.6765,0.0,0.0,0.0,0.0,0.0
371,20220918,46,11,17,700,0.6069634627862879,0,31,0,0,0,0,0,0.0,0.6739,0.0,0.0,0.0,0.0,0.0
371,20220919,43,11,16,845,0.6425701370119516,0,33,0,0,0,0,0,0.0,0.7674,0.0,0.0,0.0,0.0,0.0
371,20220920,41,11,17,1402,0.8300100466605638,0,34,0,0,0,0,0,0.0,0.8293,0.0,0.0,0.0,0.0,0.0
371,20220921,45,9,17,722,0.7401112805456282,0,31,0,0,0,0,0,0.0,0.6889,0.0,0.0,0.0,0.0,0.0
371,20220922,25,9,9,366,0.5526277719838143,0,14,0,0,0,0,0,0.0,0.56,0.0,0.0,0.0,0.0,0.0
372,20220915,12,4,5,291,0.49890558695605813,0,8,0,0,0,0,0,0.0,0.6667,0.0,0.0,0.0,0.0,0.0
372,20220916,105,26,33,2496,0.5862292098653109,5,68,0,0,2,0,0,0.0476,0.6476,0.0,0.0,0.019,0.0,0.0
372,20220917,126,27,41,3881,0.7220392499456081,0,97,3,0,0,0,0,0.0,0.7698,0.0238,0.0,0.0,0.0,0.0
372,20220918,104,26,31,3970,0.6537885000206444,0,68,0,3,0,0,0,0.0,0.6538,0.0,0.0288,0.0,0.0,0.0
372,20220919,118,31,39,3862,0.6655707744363256,0,79,0,0,0,0,0,0.0,0.6695,0.0,0.0,0.0,0.0,0.0
372,20220920,116,23,35,2653,0.5625119835772543,0,75,0,0,3,0,2,0.0,0.6466,0.0,0.0,0.0259,0.0,0.0172
372,20220921,68,17,24,1788,0.4492066551937687,0,38,0,0,0,3,0,0.0,0.5588,0.0,0.0,0.0,0.0441,0.0
372,20220922,75,16,21,1768,0.5976570229330751,0,49,0,0,0,0,0,0.0,0.6533,0.0,0.0,0.0,0.0,0.0
373,20220915,40,17,19,1981,0.45839261619047883,0,23,0,0,3,0,0,0.0,0.575,0.0,0.0,0.075,0.0,0.0
373,20220916,297,60,111,6820,0.4783901594593637,9,150,0,3,3,0,6,0.0303,0.5051,0.0,0.0101,0.0101,0.0,0.0202
373,20220917,404,72,163,11127,0.49445447557580735,5,209,0,0,0,2,0,0.0124,0.5173,0.0,0.0,0.0,0.005,0.0
373,20220918,398,77,153,8871,0.4518084241391187,6,226,0,0,3,0,0,0.0151,0.5678,0.0,0.0,0.0075,0.0,0.0
373,20220919,325,70,121,6347,0.5295267755748767,0,180,0,3,0,0,0,0.0,0.5538,0.0,0.0092,0.0,0.0,0.0
373,20220920,289,63,102,6853,0.45997550484643607,9,142,1,3,0,0,0,0.0311,0.4913,0.0035,0.0104,0.0,0.0,0.0
373,20220921,294,60,102,4570,0.4478496777508272,0,143,3,0,0,0,0,0.0,0.4864,0.0102,0.0,0.0,0.0,0.0
373,20220922,145,37,56,2417,0.3878159016248355,0,63,0,0,0,1,0,0.0,0.4345,0.0,0.0,0.0,0.0069,0.0
374,20220915,2,1,1,6,0.375,0,0,0,0,0,0,0,0.0,0.0,0.0,0.0,0.0,0.0,0.0
374,20220916,14,3,5,112,0.13850671569449954,0,6,0,0,0,0,0,0.0,0.4286,0.0,0.0,0.0,0.0,0.0
374,20220917,9,1,3,387,1.0,0,6,0,0,0,0,0,0.0,0.6667,0.0,0.0,0.0,0.0,0.0
374,20220918,25,5,9,258,0.42760975320177125,0,8,0,0,0,0,0,0.0,0.32,0.0,0.0,0.0,0.0,0.0
374,20220919,12,4,4,257,0.6762196578599307,0,10,0,0,0,0,0,0.0,0.8333,0.0,0.0,0.0,0.0,0.0
374,20220920,19,6,6,252,0.5860486385351648,0,9,0,0,0,0,0,0.0,0.4737,0.0,0.0,0.0,0.0,0.0
374,20220921,6,1,2,246,0.309279905858214,0,3,0,0,0,0,0,0.0,0.5,0.0,0.0,0.0,0.0,0.0
374,20220922,12,3,4,267,0.35226163934799626,0,6,0,0,0,0,0,0.0,0.5,0.0,0.0,0.0,0.0,0.0
375,20220915,47,18,18,1606,0.48204132329918276,3,25,0,0,0,0,2,0.0638,0.5319,0.0,0.0,0.0,0.0,0.0426
375,20220916,410,104,136,13119,0.641846625966013,9,281,3,0,0,0,0,0.022,0.6854,0.0073,0.0,0.0,0.0,0.0
375,20220917,548,133,177,15986,0.6163732974553374,21,352,3,2,5,3,0,0.0383,0.6423,0.0055,0.0036,0.0091,0.0055,0.0
375,20220918,434,108,145,12221,0.6166658953339696,11,287,0,6,3,0,0,0.0253,0.6613,0.0,0.0138,0.0069,0.0,0.0
375,20220919,345,83,119,7936,0.545633176949397,12,204,3,5,0,0,0,0.0348,0.5913,0.0087,0.0145,0.0,0.0,0.0
375,20220920,322,80,113,9015,0.5869099306246975,3,180,0,0,0,5,0,0.0093,0.559,0.0,0.0,0.0,0.0155,0.0
375,20220921,183,55,66,4245,0.5218479229346332,3,106,0,0,0,0,0,0.0164,0.5792,0.0,0.0,0.0,0.0,0.0
375,20220922,184,58,64,3373,0.6270451498401824,0,117,0,0,0,0,0,0.0,0.6359,0.0,0.0,0.0,0.0,0.0
377,20220915,36,9,12,1466,0.45476254165589003,0,19,0,0,0,0,0,0.0,0.5278,0.0,0.0,0.0,0.0,0.0
377,20220916,157,27,54,5789,0.4859731076915892,7,106,3,0,0,0,0,0.0446,0.6752,0.0191,0.0,0.0,0.0,0.0
377,20220917,165,34,62,5449,0.5716567580107941,3,116,0,0,0,0,0,0.0182,0.703,0.0,0.0,0.0,0.0,0.0
377,20220918,166,33,56,4427,0.3986287013984081,3,84,0,3,0,0,0,0.0181,0.506,0.0,0.0181,0.0,0.0,0.0
377,20220919,137,24,47,4246,0.5114701314850495,0,83,0,0,0,0,0,0.0,0.6058,0.0,0.0,0.0,0.0,0.0
377,20220920,78,19,28,2603,0.5371644984495358,6,46,0,0,0,0,0,0.0769,0.5897,0.0,0.0,0.0,0.0,0.0
377,20220921,76,16,29,3382,0.4617766198218887,3,46,0,3,0,0,0,0.0395,0.6053,0.0,0.0395,0.0,0.0,0.0
377,20220922,62,15,21,2018,0.5402588353742058,2,53,0,0,0,0,0,0.0323,0.8548,0.0,0.0,0.0,0.0,0.0
378,20220915,66,22,25,3511,0.5147145111051514,0,41,0,0,0,2,0,0.0,0.6212,0.0,0.0,0.0,0.0303,0.0
378,20220916,370,82,137,14588,0.47901012815111044,8,232,0,3,0,0,0,0.0216,0.627,0.0,0.0081,0.0,0.0,0.0
378,20220917,297,80,121,11115,0.5410312047382961,0,200,0,0,0,0,0,0.0,0.6734,0.0,0.0,0.0,0.0,0.0
378,20220918,317,83,116,11285,0.5452238331972483,0,211,0,3,0,0,0,0.0,0.6656,0.0,0.0095,0.0,0.0,0.0
378,20220919,248,66,91,7756,0.4986453948914299,2,154,5,0,0,1,0,0.0081,0.621,0.0202,0.0,0.0,0.004,0.0
378,20220920,307,56,97,9811,0.39023064453896583,0,167,0,0,0,0,0,0.0,0.544,0.0,0.0,0.0,0.0,0.0
378,20220921,187,57,77,5915,0.4860189177486323,6,126,0,0,0,0,0,0.0321,0.6738,0.0,0.0,0.0,0.0,0.0
378,20220922,158,47,62,7884,0.536777762067785,0,93,7,0,0,0,0,0.0,0.5886,0.0443,0.0,0.0,0.0,0.0
379,20220915,9,3,2,291,0.3596798490530421,0,3,0,0,0,0,0,0.0,0.3333,0.0,0.0,0.0,0.0,0.0
379,20220916,55,15,20,1910,0.47284058079794383,0,33,0,0,0,0,0,0.0,0.6,0.0,0.0,0.0,0.0,0.0
379,20220917,67,16,21,2506,0.4714665503971672,3,46,0,3,0,3,0,0.0448,0.6866,0.0,0.0448,0.0,0.0448,0.0
379,20220918,65,16,21,2269,0.4370474391389117,0,34,0,0,0,0,0,0.0,0.5231,0.0,0.0,0.0,0.0,0.0
379,20220919,39,11,12,363,0.26505020102733734,0,18,0,0,0,0,0,0.0,0.4615,0.0,0.0,0.0,0.0,0.0
379,20220920,38,10,11,672,0.34106341546020386,0,26,0,0,0,0,0,0.0,0.6842,0.0,0.0,0.0,0.0,0.0
379,20220921,41,10,14,1265,0.4145877441388079,0,23,0,0,0,0,0,0.0,0.561,0.0,0.0,0.0,0.0,0.0
379,20220922,83,12,22,2466,0.3607930602078766,0,31,0,0,0,0,0,0.0,0.3735,0.0,0.0,0.0,0.0,0.0
381,20220916,3,2,2,112,0.31116642958748225,0,2,0,0,0,0,0,0.0,0.6667,0.0,0.0,0.0,0.0,0.0
381,20220917,2,1,1,4,0.011113086770981509,0,0,0,0,0,0,0,0.0,0.0,0.0,0.0,0.0,0.0,0.0
381,20220919,4,2,2,18,0.027883118937071315,0,0,0,0,0,0,0,0.0,0.0,0.0,0.0,0.0,0.0,0.0
381,20220920,5,2,3,21,0.02654567631461089,0,0,0,0,0,0,0,0.0,0.0,0.0,0.0,0.0,0.0,0.0
381,20220921,4,1,2,406,0.661384280557257,0,4,0,0,0,0,0,0.0,1.0,0.0,0.0,0.0,0.0,0.0
381,20220922,5,2,2,633,0.7280896548151474,0,5,0,0,0,0,0,0.0,1.0,0.0,0.0,0.0,0.0,0.0
382,20220915,7,2,2,79,0.6454226011024903,0,7,0,0,0,0,0,0.0,1.0,0.0,0.0,0.0,0.0,0.0
382,20220916,58,12,20,1269,0.7624930182778968,6,42,0,0,6,0,0,0.1034,0.7241,0.0,0.0,0.1034,0.0,0.0
382,20220917,55,14,19,1048,0.6697507650450446,0,39,0,0,0,0,0,0.0,0.7091,0.0,0.0,0.0,0.0,0.0
382,20220918,61,11,21,1466,0.5928111185492764,0,43,0,0,0,0,0,0.0,0.7049,0.0,0.0,0.0,0.0,0.0
382,20220919,58,9,16,1136,0.6670992740872577,0,38,0,0,5,0,0,0.0,0.6552,0.0,0.0,0.0862,0.0,0.0
382,20220920,66,9,19,1076,0.5547059575944991,2,33,0,0,2,0,0,0.0303,0.5,0.0,0.0,0.0303,0.0,0.0
382,20220921,36,8,11,1139,0.6888781527245766,2,26,3,0,0,0,0,0.0556,0.7222,0.0833,0.0,0.0,0.0,0.0
382,20220922,23,5,7,578,0.6784663361620241,7,18,0,0,0,0,0,0.3043,0.7826,0.0,0.0,0.0,0.0,0.0
384,20220922,9,1,3,363,0.5456475583864119,0,3,0,0,0,0,0,0.0,0.3333,0.0,0.0,0.0,0.0,0.0
386,20220915,21,7,8,632,0.4069209357360364,0,11,0,0,0,0,0,0.0,0.5238,0.0,0.0,0.0,0.0,0.0
386,20220916,181,41,66,3652,0.47465255173367116,3,95,0,0,0,0,3,0.0166,0.5249,0.0,0.0,0.0,0.0,0.0166
386,20220917,145,36,52,2985,0.5312075152557074,0,88,0,0,0,0,0,0.0,0.6069,0.0,0.0,0.0,0.0,0.0
386,20220918,158,37,54,2732,0.4241660176097976,0,71,0,0,3,0,0,0.0,0.4494,0.0,0.0,0.019,0.0,0.0
386,20220919,92,27,35,2045,0.5113661888590701,0,54,0,0,0,0,0,0.0,0.587,0.0,0.0,0.0,0.0,0.0
386,20220920,112,29,41,2115,0.4428502051558417,3,52,0,3,0,0,0,0.0268,0.4643,0.0,0.0268,0.0,0.0,0.0
386,20220921,80,25,27,2121,0.6117254851560237,0,46,0,0,0,0,0,0.0,0.575,0.0,0.0,0.0,0.0,0.0
386,20220922,52,16,21,1236,0.4248980481397052,1,25,0,0,0,0,0,0.0192,0.4808,0.0,0.0,0.0,0.0,0.0
387,20220915,12,5,5,188,0.6480255245517773,0,7,0,0,0,0,0,0.0,0.5833,0.0,0.0,0.0,0.0,0.0
387,20220916,115,32,41,3898,0.6013294758067238,4,76,0,0,0,0,0,0.0348,0.6609,0.0,0.0,0.0,0.0,0.0
387,20220917,97,31,36,3448,0.570369027809147,2,69,0,0,0,0,0,0.0206,0.7113,0.0,0.0,0.0,0.0,0.0
387,20220918,69,22,32,1987,0.5665838825170888,1,43,1,0,0,0,0,0.0145,0.6232,0.0145,0.0,0.0,0.0,0.0
387,20220919,70,24,31,2074,0.5281020760186949,1,49,0,0,0,0,0,0.0143,0.7,0.0,0.0,0.0,0.0,0.0
387,20220920,63,21,24,1753,0.5549721183375403,5,45,0,0,0,0,0,0.0794,0.7143,0.0,0.0,0.0,0.0,0.0
387,20220921,60,16,24,961,0.4796850910408554,2,35,0,0,0,0,0,0.0333,0.5833,0.0,0.0,0.0,0.0,0.0
387,20220922,66,14,27,1770,0.45791297451031265,2,36,0,0,0,0,0,0.0303,0.5455,0.0,0.0,0.0,0.0,0.0
389,20220916,2,1,1,12,0.7532011046949535,0,0,0,0,0,0,0,0.0,0.0,0.0,0.0,0.0,0.0,0.0
389,20220917,2,1,1,36,1.0,0,2,0,0,0,0,0,0.0,1.0,0.0,0.0,0.0,0.0,0.0
389,20220918,14,4,6,178,0.7246441996174824,0,9,0,0,0,0,0,0.0,0.6429,0.0,0.0,0.0,0.0,0.0
389,20220920,3,1,1,39,1.0,0,3,0,0,0,0,0,0.0,1.0,0.0,0.0,0.0,0.0,0.0
390,20220916,46,14,22,1024,0.4895899506359555,0,22,0,0,0,0,0,0.0,0.4783,0.0,0.0,0.0,0.0,0.0
390,20220917,27,10,15,153,0.35144465183903534,0,6,0,0,0,0,0,0.0,0.2222,0.0,0.0,0.0,0.0,0.0
390,20220918,60,12,32,614,0.37940773477920975,0,23,0,0,0,0,0,0.0,0.3833,0.0,0.0,0.0,0.0,0.0
390,20220919,44,15,30,764,0.3480283852667857,0,11,0,0,0,0,0,0.0,0.25,0.0,0.0,0.0,0.0,0.0
390,20220920,51,12,28,533,0.5865795164405518,0,25,0,0,0,0,0,0.0,0.4902,0.0,0.0,0.0,0.0,0.0
390,20220921,45,11,20,505,0.42438352237408544,0,24,0,0,0,0,0,0.0,0.5333,0.0,0.0,0.0,0.0,0.0
390,20220922,15,4,11,137,0.4810272354153655,0,9,0,0,0,0,0,0.0,0.6,0.0,0.0,0.0,0.0,0.0
395,20220916,3,1,1,15,0.0254496961306282,0,0,0,0,0,0,0,0.0,0.0,0.0,0.0,0.0,0.0,0.0
395,20220919,3,1,1,12,0.02035975690450256,0,0,0,0,0,0,0,0.0,0.0,0.0,0.0,0.0,0.0,0.0
395,20220922,3,1,1,576,0.9772683314161229,0,3,0,0,0,0,0,0.0,1.0,0.0,0.0,0.0,0.0,0.0
396,20220920,2,1,1,16,0.25236593059936907,0,2,0,0,0,0,0,0.0,1.0,0.0,0.0,0.0,0.0,0.0
397,20220916,9,3,3,15,0.1009422260167879,0,0,0,0,0,0,0,0.0,0.0,0.0,0.0,0.0,0.0,0.0
397,20220918,8,3,3,76,0.5910945759414655,0,6,0,0,0,0,0,0.0,0.75,0.0,0.0,0.0,0.0,0.0
397,20220919,29,4,9,251,0.6373328187128299,0,16,0,0,0,0,0,0.0,0.5517,0.0,0.0,0.0,0.0,0.0
397,20220920,26,4,9,201,0.3809740976360362,3,6,0,3,0,0,0,0.1154,0.2308,0.0,0.1154,0.0,0.0,0.0
397,20220921,7,3,3,264,0.783321060382916,0,5,0,0,0,0,0,0.0,0.7143,0.0,0.0,0.0,0.0,0.0
397,20220922,3,1,1,6,0.273972602739726,0,0,0,0,0,0,0,0.0,0.0,0.0,0.0,0.0,0.0,0.0
398,20220915,4,2,2,71,0.7180575352141911,0,3,0,0,0,0,0,0.0,0.75,0.0,0.0,0.0,0.0,0.0
398,20220916,12,2,4,102,0.3145756457564575,0,3,0,0,0,0,0,0.0,0.25,0.0,0.0,0.0,0.0,0.0
398,20220917,25,5,9,1114,0.33635506213548294,0,6,0,0,0,0,0,0.0,0.24,0.0,0.0,0.0,0.0,0.0
398,20220918,18,3,7,139,0.38173978339093395,0,5,0,0,0,0,0,0.0,0.2778,0.0,0.0,0.0,0.0,0.0
398,20220919,31,4,10,2509,0.7368299082855188,0,22,0,0,0,0,0,0.0,0.7097,0.0,0.0,0.0,0.0,0.0
398,20220920,54,6,19,2979,0.6329363937289373,0,28,0,0,0,0,0,0.0,0.5185,0.0,0.0,0.0,0.0,0.0
398,20220921,24,4,12,315,0.6873228056519034,0,12,0,0,0,0,0,0.0,0.5,0.0,0.0,0.0,0.0,0.0
398,20220922,3,1,1,12,0.5647324579980235,0,0,0,0,0,0,0,0.0,0.0,0.0,0.0,0.0,0.0,0.0
399,20220917,3,1,1,51,1.0,0,3,0,0,0,0,0,0.0,1.0,0.0,0.0,0.0,0.0,0.0
399,20220919,2,1,1,68,0.33387342269357295,0,2,0,0,0,0,0,0.0,1.0,0.0,0.0,0.0,0.0,0.0
399,20220920,6,2,3,224,0.662084281008259,0,4,0,0,0,0,0,0.0,0.6667,0.0,0.0,0.0,0.0,0.0
401,20220918,4,2,2,144,0.2866849819835978,0,1,0,0,0,0,0,0.0,0.25,0.0,0.0,0.0,0.0,0.0
401,20220920,4,2,2,306,1.0,1,4,0,0,0,0,0,0.25,1.0,0.0,0.0,0.0,0.0,0.0
401,20220921,3,1,1,27,0.14673992793439095,0,3,0,0,0,0,0,0.0,1.0,0.0,0.0,0.0,0.0,0.0
402,20220915,9,2,2,192,0.7345280019019599,0,6,0,0,0,0,0,0.0,0.6667,0.0,0.0,0.0,0.0,0.0
402,20220916,16,5,5,797,0.8862107623318386,0,14,0,0,0,0,0,0.0,0.875,0.0,0.0,0.0,0.0,0.0
402,20220917,6,1,3,72,0.6350704771757404,0,4,0,0,0,0,0,0.0,0.6667,0.0,0.0,0.0,0.0,0.0
402,20220918,14,5,8,435,0.7215658567215354,0,9,0,0,0,0,0,0.0,0.6429,0.0,0.0,0.0,0.0,0.0
402,20220919,7,3,3,167,0.9795918367346939,0,7,0,0,0,0,0,0.0,1.0,0.0,0.0,0.0,0.0,0.0
402,20220920,67,5,32,813,0.8554897720796655,0,42,0,0,0,0,0,0.0,0.6269,0.0,0.0,0.0,0.0,0.0
402,20220921,16,4,8,322,0.6050691840165524,0,8,0,0,0,0,0,0.0,0.5,0.0,0.0,0.0,0.0,0.0
402,20220922,12,3,5,104,0.4327522135017812,0,5,0,0,0,0,0,0.0,0.4167,0.0,0.0,0.0,0.0,0.0
403,20220917,2,1,1,4,0.008645545598768874,0,0,0,0,0,0,0,0.0,0.0,0.0,0.0,0.0,0.0,0.0
403,20220920,2,1,1,132,0.28530300475937287,0,2,0,0,0,0,0,0.0,1.0,0.0,0.0,0.0,0.0,0.0
404,20220918,4,1,1,8,0.05336179295624333,0,0,0,0,0,0,0,0.0,0.0,0.0,0.0,0.0,0.0,0.0
404,20220920,4,1,1,156,1.0,0,4,0,0,0,0,0,0.0,1.0,0.0,0.0,0.0,0.0,0.0
404,20220921,3,1,1,51,1.0,0,3,0,0,0,0,0,0.0,1.0,0.0,0.0,0.0,0.0,0.0
406,20220915,3,1,1,156,1.0,0,3,0,0,0,0,0,0.0,1.0,0.0,0.0,0.0,0.0,0.0
406,20220916,12,3,3,36,0.11806121749441773,0,0,0,0,0,0,0,0.0,0.0,0.0,0.0,0.0,0.0,0.0
406,20220917,12,2,4,606,0.5681852569146038,0,9,0,0,0,0,0,0.0,0.75,0.0,0.0,0.0,0.0,0.0
406,20220918,6,2,2,15,0.05873652991241284,0,0,0,0,0,0,0,0.0,0.0,0.0,0.0,0.0,0.0,0.0
406,20220919,9,2,3,501,0.7051282051282051,0,6,0,0,0,0,0,0.0,0.6667,0.0,0.0,0.0,0.0,0.0
406,20220920,3,1,1,312,1.0,0,3,0,0,0,0,0,0.0,1.0,0.0,0.0,0.0,0.0,0.0
406,20220921,9,1,3,24,0.04196170993968004,0,0,0,0,0,0,0,0.0,0.0,0.0,0.0,0.0,0.0,0.0
406,20220922,6,1,2,198,0.5157356412273799,0,3,0,0,0,0,0,0.0,0.5,0.0,0.0,0.0,0.0,0.0
407,20220915,23,7,8,1012,0.8214296054971012,0,19,0,0,0,0,0,0.0,0.8261,0.0,0.0,0.0,0.0,0.0
407,20220916,84,25,31,1852,0.5626289687466114,0,48,0,0,0,0,0,0.0,0.5714,0.0,0.0,0.0,0.0,0.0
407,20220917,98,23,37,2161,0.46386896886178997,0,52,0,0,0,0,0,0.0,0.5306,0.0,0.0,0.0,0.0,0.0
407,20220918,101,26,38,2691,0.55534325814258,4,64,0,0,2,0,0,0.0396,0.6337,0.0,0.0,0.0198,0.0,0.0
407,20220919,123,24,44,3264,0.5756826287811374,0,77,0,0,0,0,0,0.0,0.626,0.0,0.0,0.0,0.0,0.0
407,20220920,86,13,30,2863,0.42741583349699913,0,61,0,0,0,0,0,0.0,0.7093,0.0,0.0,0.0,0.0,0.0
407,20220921,67,16,26,2176,0.5468214707395168,0,38,0,0,0,0,0,0.0,0.5672,0.0,0.0,0.0,0.0,0.0
407,20220922,96,19,36,2480,0.6238853512982573,0,67,0,0,0,0,0,0.0,0.6979,0.0,0.0,0.0,0.0,0.0
410,20220915,3,1,1,96,1.0,0,3,0,0,0,0,0,0.0,1.0,0.0,0.0,0.0,0.0,0.0
410,20220918,3,1,1,60,1.0,0,3,0,0,0,0,0,0.0,1.0,0.0,0.0,0.0,0.0,0.0
410,20220922,3,1,1,87,0.9666666666666667,0,3,0,0,0,0,0,0.0,1.0,0.0,0.0,0.0,0.0,0.0
411,20220916,9,1,3,225,0.7766798418972333,0,6,0,0,0,0,0,0.0,0.6667,0.0,0.0,0.0,0.0,0.0
411,20220917,3,1,1,186,1.0,0,3,0,0,0,0,0,0.0,1.0,0.0,0.0,0.0,0.0,0.0
411,20220918,9,1,3,156,0.42555994729907776,0,3,0,0,0,0,0,0.0,0.3333,0.0,0.0,0.0,0.0,0.0
411,20220919,6,1,2,324,0.658102766798419,0,6,0,0,0,0,0,0.0,1.0,0.0,0.0,0.0,0.0,0.0
411,20220920,6,1,2,204,0.7371541501976284,0,6,0,0,0,0,0,0.0,1.0,0.0,0.0,0.0,0.0,0.0
411,20220921,3,1,1,0,0.0,0,0,0,0,0,0,0,0.0,0.0,0.0,0.0,0.0,0.0,0.0
411,20220922,3,1,1,36,0.4743083003952569,0,3,0,0,0,0,0,0.0,1.0,0.0,0.0,0.0,0.0,0.0
412,20220916,3,1,1,51,1.0,0,3,0,0,0,0,0,0.0,1.0,0.0,0.0,0.0,0.0,0.0
412,20220918,3,1,1,135,1.0,0,3,0,0,0,0,0,0.0,1.0,0.0,0.0,0.0,0.0,0.0
412,20220919,3,1,1,9,0.18987341772151897,0,0,0,0,0,0,0,0.0,0.0,0.0,0.0,0.0,0.0,0.0
412,20220920,7,2,3,44,0.6298388112487423,0,2,0,0,0,0,0,0.0,0.2857,0.0,0.0,0.0,0.0,0.0
412,20220921,7,3,2,39,0.3658670674183691,0,2,0,0,0,0,0,0.0,0.2857,0.0,0.0,0.0,0.0,0.0
418,20220915,16,5,5,137,0.6343971744387638,2,13,0,0,0,0,0,0.125,0.8125,0.0,0.0,0.0,0.0,0.0
418,20220916,251,43,94,4180,0.6225325504640121,10,152,3,0,0,0,0,0.0398,0.6056,0.012,0.0,0.0,0.0,0.0
418,20220917,135,32,56,2056,0.6805878799642945,3,90,0,0,3,0,0,0.0222,0.6667,0.0,0.0,0.0222,0.0,0.0
418,20220918,202,57,93,4215,0.5944815029117518,2,113,1,0,1,0,0,0.0099,0.5594,0.005,0.0,0.005,0.0,0.0
418,20220919,158,42,65,3052,0.7304295595588389,0,98,0,0,0,0,0,0.0,0.6203,0.0,0.0,0.0,0.0,0.0
418,20220920,116,40,50,2159,0.6377826292838826,0,79,0,0,0,0,0,0.0,0.681,0.0,0.0,0.0,0.0,0.0
418,20220921,84,30,43,1560,0.7589547212502847,0,57,0,0,0,0,0,0.0,0.6786,0.0,0.0,0.0,0.0,0.0
418,20220922,57,21,29,1084,0.6976484811463788,0,44,0,0,0,0,0,0.0,0.7719,0.0,0.0,0.0,0.0,0.0
419,20220915,1,1,1,92,1.0,0,1,0,0,0,0,0,0.0,1.0,0.0,0.0,0.0,0.0,0.0
419,20220916,82,23,43,3062,0.4834817529870792,3,39,0,3,0,0,0,0.0366,0.4756,0.0,0.0366,0.0,0.0,0.0
419,20220917,95,27,50,1627,0.555344134031209,2,46,0,0,0,0,0,0.0211,0.4842,0.0,0.0,0.0,0.0,0.0
419,20220918,90,31,49,3634,0.6533589919318635,0,55,3,0,0,0,0,0.0,0.6111,0.0333,0.0,0.0,0.0,0.0
419,20220919,74,19,32,3473,0.6697682990179761,0,50,3,0,0,0,0,0.0,0.6757,0.0405,0.0,0.0,0.0,0.0
419,20220920,69,19,31,2268,0.7378671210950504,0,52,2,0,0,0,0,0.0,0.7536,0.029,0.0,0.0,0.0,0.0
419,20220921,60,17,27,741,0.6391241717620378,0,30,0,0,0,0,0,0.0,0.5,0.0,0.0,0.0,0.0,0.0
419,20220922,41,16,23,578,0.590275291894771,0,25,1,0,0,0,0,0.0,0.6098,0.0244,0.0,0.0,0.0,0.0
421,20220915,670,204,199,39840,0.3651502098065814,7,447,0,3,3,3,0,0.0104,0.6672,0.0,0.0045,0.0045,0.0045,0.0
421,20220916,6264,1174,1306,314832,0.34480364374261135,103,3873,2,29,38,6,0,0.0164,0.6183,0.0003,0.0046,0.0061,0.001,0.0
421,20220917,5661,1120,1325,310633,0.35297027438073797,98,3420,3,19,29,7,6,0.0173,0.6041,0.0005,0.0034,0.0051,0.0012,0.0011
421,20220918,5112,1107,1158,300462,0.3536425481562764,82,3114,4,13,29,5,2,0.016,0.6092,0.0008,0.0025,0.0057,0.001,0.0004
421,20220919,5639,1101,1198,319478,0.3731722099171991,65,3498,11,14,21,6,0,0.0115,0.6203,0.002,0.0025,0.0037,0.0011,0.0
421,20220920,6202,1099,1302,348300,0.38400970409712093,136,3846,5,32,18,6,0,0.0219,0.6201,0.0008,0.0052,0.0029,0.001,0.0
421,20220921,4518,923,1093,245831,0.342715535688578,48,2705,11,17,12,9,0,0.0106,0.5987,0.0024,0.0038,0.0027,0.002,0.0
421,20220922,3580,777,914,198368,0.36837634389733337,61,2127,3,27,15,8,3,0.017,0.5941,0.0008,0.0075,0.0042,0.0022,0.0008
430,20220917,6,2,2,81,1.0,0,6,0,0,0,0,0,0.0,1.0,0.0,0.0,0.0,0.0,0.0
430,20220922,3,1,1,18,0.8372871895060006,0,0,0,0,0,0,0,0.0,0.0,0.0,0.0,0.0,0.0,0.0
431,20220915,2,1,1,4,0.026058631921824105,0,0,0,0,0,0,0,0.0,0.0,0.0,0.0,0.0,0.0,0.0
431,20220916,85,30,30,2639,0.5342771624981586,1,49,0,0,0,0,0,0.0118,0.5765,0.0,0.0,0.0,0.0,0.0
431,20220917,84,33,36,3050,0.6780206871160149,8,64,0,0,2,0,0,0.0952,0.7619,0.0,0.0,0.0238,0.0,0.0
431,20220918,122,41,41,4678,0.7848802264194809,12,98,0,0,2,0,0,0.0984,0.8033,0.0,0.0,0.0164,0.0,0.0
431,20220919,38,14,13,941,0.5145002571445351,0,32,0,0,0,0,0,0.0,0.8421,0.0,0.0,0.0,0.0,0.0
431,20220920,31,10,12,1142,0.6792174413001328,4,28,0,0,0,0,0,0.129,0.9032,0.0,0.0,0.0,0.0,0.0
431,20220921,39,14,14,957,0.7400039582528678,8,30,5,3,0,0,0,0.2051,0.7692,0.1282,0.0769,0.0,0.0,0.0
431,20220922,31,10,12,1189,0.5497512855283875,2,17,0,0,0,0,0,0.0645,0.5484,0.0,0.0,0.0,0.0,0.0
432,20220920,4,1,2,58,1.0,0,4,0,0,0,0,0,0.0,1.0,0.0,0.0,0.0,0.0,0.0
501,20220920,3,1,1,348,1.0,0,3,0,0,0,0,0,0.0,1.0,0.0,0.0,0.0,0.0,0.0
541,20220916,4,2,2,22,0.25880627946434337,0,1,0,0,0,0,0,0.0,0.25,0.0,0.0,0.0,0.0,0.0
541,20220922,3,1,1,189,0.3698637375024217,0,3,0,0,0,0,0,0.0,1.0,0.0,0.0,0.0,0.0,0.0
545,20220915,11,3,4,187,0.4322355731413994,0,5,0,0,0,0,0,0.0,0.4545,0.0,0.0,0.0,0.0,0.0
545,20220916,44,12,15,1407,0.8808445509571257,0,38,0,0,0,0,0,0.0,0.8636,0.0,0.0,0.0,0.0,0.0
545,20220917,37,10,13,1341,0.7948256459549953,0,31,0,0,0,0,0,0.0,0.8378,0.0,0.0,0.0,0.0,0.0
545,20220918,38,11,13,1438,0.7473736181842641,0,24,0,0,0,0,0,0.0,0.6316,0.0,0.0,0.0,0.0,0.0
545,20220919,38,10,15,1237,0.7477006753366311,3,34,0,0,0,0,0,0.0789,0.8947,0.0,0.0,0.0,0.0,0.0
545,20220920,45,5,19,386,0.5858094323311607,0,20,0,0,0,0,0,0.0,0.4444,0.0,0.0,0.0,0.0,0.0
545,20220921,76,15,25,1452,0.8165374508421787,3,54,0,3,0,0,0,0.0395,0.7105,0.0,0.0395,0.0,0.0,0.0
545,20220922,32,7,12,515,0.6341399662150307,0,18,0,0,0,0,0,0.0,0.5625,0.0,0.0,0.0,0.0,0.0
548,20220915,91,24,23,4104,0.5005249319895352,3,62,0,0,0,0,0,0.033,0.6813,0.0,0.0,0.0,0.0,0.0
548,20220916,717,112,208,22717,0.6039456257964912,9,527,0,0,3,6,0,0.0126,0.735,0.0,0.0,0.0042,0.0084,0.0
548,20220917,672,120,205,25348,0.5613103285821017,6,476,0,3,6,2,0,0.0089,0.7083,0.0,0.0045,0.0089,0.003,0.0
548,20220918,686,115,207,23755,0.504286941580063,12,423,3,0,3,0,0,0.0175,0.6166,0.0044,0.0,0.0044,0.0,0.0
548,20220919,686,112,195,24421,0.5437626451298324,3,472,0,0,6,3,0,0.0044,0.688,0.0,0.0,0.0087,0.0044,0.0
548,20220920,671,110,186,21443,0.5628385711490633,9,459,0,0,0,0,0,0.0134,0.6841,0.0,0.0,0.0,0.0,0.0
548,20220921,513,87,150,16452,0.6006038633419523,15,347,0,0,6,0,0,0.0292,0.6764,0.0,0.0,0.0117,0.0,0.0
548,20220922,422,83,125,15762,0.6175324395457291,11,320,0,0,3,0,0,0.0261,0.7583,0.0,0.0,0.0071,0.0,0.0
549,20220916,15,4,5,174,0.681980030338446,0,9,0,0,0,0,0,0.0,0.6,0.0,0.0,0.0,0.0,0.0
549,20220917,19,6,7,108,0.4150067465001501,0,5,0,0,0,0,0,0.0,0.2632,0.0,0.0,0.0,0.0,0.0
549,20220918,28,5,10,189,0.6161720386921589,0,18,0,0,0,0,0,0.0,0.6429,0.0,0.0,0.0,0.0,0.0
549,20220919,6,1,2,33,0.6875,0,0,0,0,0,0,0,0.0,0.0,0.0,0.0,0.0,0.0,0.0
549,20220920,12,3,4,117,0.7964425041798254,0,9,0,0,0,0,0,0.0,0.75,0.0,0.0,0.0,0.0,0.0
549,20220921,10,3,4,66,0.7325714285714285,0,5,0,0,0,0,0,0.0,0.5,0.0,0.0,0.0,0.0,0.0
549,20220922,22,6,7,154,0.7919167118950291,0,12,0,0,3,3,0,0.0,0.5455,0.0,0.0,0.1364,0.1364,0.0
550,20220916,18,7,7,425,0.7523782350478494,2,18,0,0,2,0,0,0.1111,1.0,0.0,0.0,0.1111,0.0,0.0
550,20220917,53,16,18,703,0.679606097334495,3,34,0,0,0,0,0,0.0566,0.6415,0.0,0.0,0.0,0.0,0.0
550,20220918,40,10,21,1221,0.7182478175570878,2,26,0,0,0,0,0,0.05,0.65,0.0,0.0,0.0,0.0,0.0
550,20220919,19,5,8,326,0.9143688029265342,0,14,0,0,0,0,0,0.0,0.7368,0.0,0.0,0.0,0.0,0.0
550,20220920,25,8,9,529,0.8537422518858766,2,23,0,0,0,0,0,0.08,0.92,0.0,0.0,0.0,0.0,0.0
550,20220921,22,8,8,380,0.775712603509323,0,16,0,0,0,0,0,0.0,0.7273,0.0,0.0,0.0,0.0,0.0
550,20220922,16,4,6,257,0.61691098044436,2,9,0,0,0,0,0,0.125,0.5625,0.0,0.0,0.0,0.0,0.0
551,20220916,29,10,12,1907,0.6387384558030045,0,23,0,0,0,0,0,0.0,0.7931,0.0,0.0,0.0,0.0,0.0
551,20220917,91,14,30,3879,0.531978106277718,3,63,0,0,3,0,0,0.033,0.6923,0.0,0.0,0.033,0.0,0.0
551,20220918,91,11,30,4412,0.5456948219378548,3,55,0,0,0,0,0,0.033,0.6044,0.0,0.0,0.0,0.0,0.0
551,20220919,60,13,24,1876,0.6777424246169661,6,46,0,0,0,0,0,0.1,0.7667,0.0,0.0,0.0,0.0,0.0
551,20220920,64,14,26,2295,0.5900544009060318,4,42,0,0,3,0,0,0.0625,0.6562,0.0,0.0,0.0469,0.0,0.0
551,20220921,71,16,24,2482,0.6873232321244169,12,52,0,0,3,0,0,0.169,0.7324,0.0,0.0,0.0423,0.0,0.0
551,20220922,31,7,14,856,0.45248558096239694,0,21,0,0,0,0,0,0.0,0.6774,0.0,0.0,0.0,0.0,0.0
552,20220915,2,1,1,36,1.0,0,2,0,0,0,0,0,0.0,1.0,0.0,0.0,0.0,0.0,0.0
561,20220915,26,7,11,358,0.6558703834425436,4,19,0,0,0,0,0,0.1538,0.7308,0.0,0.0,0.0,0.0,0.0
561,20220916,350,67,124,8932,0.685051023487215,3,242,0,0,0,0,0,0.0086,0.6914,0.0,0.0,0.0,0.0,0.0
561,20220917,315,54,108,8591,0.637509331997416,3,184,0,0,0,0,0,0.0095,0.5841,0.0,0.0,0.0,0.0,0.0
561,20220918,176,52,75,4023,0.5938364840747123,6,100,0,0,0,0,0,0.0341,0.5682,0.0,0.0,0.0,0.0,0.0
561,20220919,157,39,63,5863,0.5125745376695371,3,78,0,3,0,0,0,0.0191,0.4968,0.0,0.0191,0.0,0.0,0.0
561,20220920,199,41,78,4395,0.5374233713651311,3,104,0,2,0,0,0,0.0151,0.5226,0.0,0.0101,0.0,0.0,0.0
561,20220921,160,39,69,2796,0.6215541297250852,0,101,0,0,0,0,0,0.0,0.6312,0.0,0.0,0.0,0.0,0.0
561,20220922,100,30,47,1943,0.6073745170027429,5,57,0,0,3,0,0,0.05,0.57,0.0,0.0,0.03,0.0,0.0
563,20220917,6,2,1,15,0.08005964338967313,0,0,0,0,0,0,0,0.0,0.0,0.0,0.0,0.0,0.0,0.0
563,20220918,1,1,1,1,0.012239902080783353,0,0,0,0,0,0,0,0.0,0.0,0.0,0.0,0.0,0.0,0.0
563,20220919,6,1,2,12,0.08836654442628021,0,0,0,0,0,0,0,0.0,0.0,0.0,0.0,0.0,0.0,0.0
563,20220920,9,4,4,182,0.3383560923431592,0,9,0,0,0,0,0,0.0,1.0,0.0,0.0,0.0,0.0,0.0
563,20220921,3,1,1,6,0.08836654442628018,0,0,0,0,0,0,0,0.0,0.0,0.0,0.0,0.0,0.0,0.0
564,20220916,13,3,5,1087,0.5224086951398161,0,13,0,0,0,0,0,0.0,1.0,0.0,0.0,0.0,0.0,0.0
564,20220917,12,4,5,393,0.28040407468138095,0,8,0,0,0,0,0,0.0,0.6667,0.0,0.0,0.0,0.0,0.0
564,20220918,10,4,4,264,0.39465379513991455,0,10,0,0,0,0,0,0.0,1.0,0.0,0.0,0.0,0.0,0.0
564,20220919,3,1,1,0,0.0,0,0,0,0,0,0,0,0.0,0.0,0.0,0.0,0.0,0.0,0.0
564,20220920,6,1,2,87,1.0,0,6,0,0,0,0,0,0.0,1.0,0.0,0.0,0.0,0.0,0.0
565,20220915,2,2,2,12,0.07050941700936623,0,1,0,0,0,0,0,0.0,0.5,0.0,0.0,0.0,0.0,0.0
565,20220916,28,7,10,1329,0.6603524409463533,6,21,0,3,0,0,0,0.2143,0.75,0.0,0.1071,0.0,0.0,0.0
565,20220917,30,10,10,1190,0.44947023282895937,4,23,0,2,0,0,0,0.1333,0.7667,0.0,0.0667,0.0,0.0,0.0
565,20220918,29,7,10,1693,0.6041223741051165,0,21,0,0,0,0,0,0.0,0.7241,0.0,0.0,0.0,0.0,0.0
565,20220919,28,6,10,607,0.16651742489277493,0,10,0,0,0,0,0,0.0,0.3571,0.0,0.0,0.0,0.0,0.0
565,20220920,13,5,5,334,0.2282205065713929,0,6,0,0,0,0,0,0.0,0.4615,0.0,0.0,0.0,0.0,0.0
565,20220921,5,2,2,155,0.4263311878291399,2,2,0,0,0,0,0,0.4,0.4,0.0,0.0,0.0,0.0,0.0
565,20220922,8,3,4,264,0.41830377009422104,0,5,0,0,0,0,0,0.0,0.625,0.0,0.0,0.0,0.0,0.0
571,20220916,9,4,4,51,0.5224629531273526,0,1,0,0,0,0,0,0.0,0.1111,0.0,0.0,0.0,0.0,0.0
571,20220917,11,3,4,130,0.8566761446062786,0,11,0,0,0,0,0,0.0,1.0,0.0,0.0,0.0,0.0,0.0
571,20220918,8,2,7,86,0.8027259306126753,0,6,0,0,0,0,0,0.0,0.75,0.0,0.0,0.0,0.0,0.0
571,20220919,31,9,10,360,0.8502939822749286,0,22,0,0,0,0,0,0.0,0.7097,0.0,0.0,0.0,0.0,0.0
571,20220920,54,10,14,723,0.871089674535566,0,42,0,0,0,0,0,0.0,0.7778,0.0,0.0,0.0,0.0,0.0
571,20220921,17,3,7,230,0.799343874750183,0,12,0,0,0,0,0,0.0,0.7059,0.0,0.0,0.0,0.0,0.0
571,20220922,13,4,5,143,0.7284315518314453,0,9,0,0,0,0,0,0.0,0.6923,0.0,0.0,0.0,0.0,0.0
572,20220915,37,10,13,358,0.18118429143251016,0,3,0,0,0,0,0,0.0,0.0811,0.0,0.0,0.0,0.0,0.0
572,20220916,229,43,68,1173,0.24756659615100013,0,39,0,0,0,0,0,0.0,0.1703,0.0,0.0,0.0,0.0,0.0
572,20220917,163,41,59,911,0.29946881655412017,0,32,0,0,0,0,0,0.0,0.1963,0.0,0.0,0.0,0.0,0.0
572,20220918,120,33,42,1822,0.4395348245498814,0,42,0,0,0,0,0,0.0,0.35,0.0,0.0,0.0,0.0,0.0
572,20220919,123,31,42,1480,0.42065620609405613,2,40,0,0,0,0,0,0.0163,0.3252,0.0,0.0,0.0,0.0,0.0
572,20220920,109,26,35,766,0.4102102144321135,0,34,0,0,0,0,0,0.0,0.3119,0.0,0.0,0.0,0.0,0.0
572,20220921,139,35,49,802,0.344163470452793,0,38,0,3,0,0,0,0.0,0.2734,0.0,0.0216,0.0,0.0,0.0
572,20220922,113,24,35,1035,0.4628800586679689,0,45,0,0,0,0,0,0.0,0.3982,0.0,0.0,0.0,0.0,0.0
573,20220915,12,4,6,44,0.19831841869783226,0,0,0,0,0,0,0,0.0,0.0,0.0,0.0,0.0,0.0,0.0
573,20220916,49,14,21,205,0.2175135278659165,0,7,0,0,0,0,0,0.0,0.1429,0.0,0.0,0.0,0.0,0.0
573,20220917,46,8,18,222,0.2552194710348573,3,10,0,0,0,0,0,0.0652,0.2174,0.0,0.0,0.0,0.0,0.0
573,20220918,19,8,10,111,0.26107568471461784,0,3,0,0,0,0,0,0.0,0.1579,0.0,0.0,0.0,0.0,0.0
573,20220919,30,8,9,249,0.4047500671489095,0,9,0,0,0,0,0,0.0,0.3,0.0,0.0,0.0,0.0,0.0
573,20220920,9,3,5,47,0.15409717353188673,1,1,0,0,0,0,0,0.1111,0.1111,0.0,0.0,0.0,0.0,0.0
573,20220921,6,2,2,78,0.6336362421488708,0,3,0,0,0,0,0,0.0,0.5,0.0,0.0,0.0,0.0,0.0
573,20220922,5,2,2,46,0.29263256795281695,0,2,0,0,0,0,0,0.0,0.4,0.0,0.0,0.0,0.0,0.0
574,20220916,30,3,10,165,0.4948757312363833,0,9,0,0,0,0,0,0.0,0.3,0.0,0.0,0.0,0.0,0.0
574,20220917,55,7,12,88,0.12646604501402436,0,0,0,0,0,0,0,0.0,0.0,0.0,0.0,0.0,0.0,0.0
574,20220918,16,7,6,159,0.3565422322482781,0,6,0,0,0,0,0,0.0,0.375,0.0,0.0,0.0,0.0,0.0
574,20220919,68,6,23,384,0.4111354134044003,0,12,0,0,0,0,0,0.0,0.1765,0.0,0.0,0.0,0.0,0.0
574,20220920,122,5,40,728,0.45081029979602144,0,38,0,0,0,0,0,0.0,0.3115,0.0,0.0,0.0,0.0,0.0
574,20220921,19,6,8,174,0.525152317338553,0,7,0,0,0,0,0,0.0,0.3684,0.0,0.0,0.0,0.0,0.0
574,20220922,3,1,1,90,1.0,0,3,0,0,0,0,0,0.0,1.0,0.0,0.0,0.0,0.0,0.0
575,20220915,3,1,1,6,0.07614406457016676,0,0,0,0,0,0,0,0.0,0.0,0.0,0.0,0.0,0.0,0.0
575,20220916,34,8,15,315,0.27902142887300385,0,13,0,0,0,0,0,0.0,0.3824,0.0,0.0,0.0,0.0,0.0
575,20220917,25,5,8,286,0.5779737230012683,0,12,0,0,0,0,0,0.0,0.48,0.0,0.0,0.0,0.0,0.0
575,20220918,15,4,5,360,0.6500167865127455,3,9,0,0,0,0,0,0.2,0.6,0.0,0.0,0.0,0.0,0.0
575,20220919,53,8,16,585,0.537233436281957,0,32,0,0,0,0,0,0.0,0.6038,0.0,0.0,0.0,0.0,0.0
575,20220920,40,9,13,574,0.5466872955076246,0,18,0,0,0,0,0,0.0,0.45,0.0,0.0,0.0,0.0,0.0
575,20220921,57,7,18,657,0.43583010582341025,0,21,0,0,0,0,0,0.0,0.3684,0.0,0.0,0.0,0.0,0.0
575,20220922,21,5,6,207,0.5939134171675835,0,12,0,0,0,0,0,0.0,0.5714,0.0,0.0,0.0,0.0,0.0
577,20220916,66,13,26,631,0.616594121320032,0,38,0,0,0,0,0,0.0,0.5758,0.0,0.0,0.0,0.0,0.0
577,20220917,38,7,14,326,0.4394915341323754,0,10,0,0,0,0,0,0.0,0.2632,0.0,0.0,0.0,0.0,0.0
577,20220918,86,15,31,807,0.5482679952375719,0,42,0,0,0,0,0,0.0,0.4884,0.0,0.0,0.0,0.0,0.0
577,20220919,97,14,34,778,0.5083928680757511,3,40,0,0,0,0,0,0.0309,0.4124,0.0,0.0,0.0,0.0,0.0
577,20220920,88,8,31,661,0.4779320656365499,0,31,0,3,3,0,0,0.0,0.3523,0.0,0.0341,0.0341,0.0,0.0
577,20220921,35,7,14,164,0.3235381357150655,0,7,0,0,0,0,0,0.0,0.2,0.0,0.0,0.0,0.0,0.0
577,20220922,72,8,24,571,0.5196505836453509,0,31,0,0,0,0,0,0.0,0.4306,0.0,0.0,0.0,0.0,0.0
578,20220917,1,1,1,27,1.0,0,1,0,0,0,0,0,0.0,1.0,0.0,0.0,0.0,0.0,0.0
578,20220919,1,1,1,2,0.07481390042269853,0,0,0,0,0,0,0,0.0,0.0,0.0,0.0,0.0,0.0,0.0
578,20220921,2,1,2,18,0.33666255190214345,0,1,0,0,0,0,0,0.0,0.5,0.0,0.0,0.0,0.0,0.0
578,20220922,3,1,1,6,0.037037037037037035,0,0,0,0,0,0,0,0.0,0.0,0.0,0.0,0.0,0.0,0.0
581,20220915,3,1,1,12,0.11510791366906475,0,0,0,0,0,0,0,0.0,0.0,0.0,0.0,0.0,0.0,0.0
581,20220916,40,11,16,1246,0.6596055794830382,1,30,0,0,0,0,0,0.025,0.75,0.0,0.0,0.0,0.0,0.0
581,20220917,22,7,8,796,0.6593888995449056,0,16,0,0,0,1,0,0.0,0.7273,0.0,0.0,0.0,0.0455,0.0
581,20220918,12,4,5,215,0.4373796296625727,0,7,0,0,0,0,0,0.0,0.5833,0.0,0.0,0.0,0.0,0.0
581,20220919,10,2,4,132,0.4108195959210311,0,3,0,0,0,0,0,0.0,0.3,0.0,0.0,0.0,0.0,0.0
581,20220920,12,3,5,306,0.6195808408014493,0,11,0,0,0,0,0,0.0,0.9167,0.0,0.0,0.0,0.0,0.0
581,20220921,22,5,8,292,0.4762372271635665,0,14,0,0,0,0,0,0.0,0.6364,0.0,0.0,0.0,0.0,0.0
581,20220922,19,7,7,507,0.4884717044134058,0,10,0,0,0,0,0,0.0,0.5263,0.0,0.0,0.0,0.0,0.0
582,20220915,2,1,1,34,0.15079879006147268,0,2,0,0,0,0,0,0.0,1.0,0.0,0.0,0.0,0.0,0.0
582,20220916,8,1,4,458,0.5072449948107475,0,4,0,0,0,0,0,0.0,0.5,0.0,0.0,0.0,0.0,0.0
582,20220917,5,2,2,34,0.04469039861235767,0,3,0,0,0,0,0,0.0,0.6,0.0,0.0,0.0,0.0,0.0
582,20220920,5,2,3,433,0.9075187969924812,0,5,0,0,0,0,0,0.0,1.0,0.0,0.0,0.0,0.0,0.0
582,20220922,9,1,3,309,0.35475440738598635,0,3,0,0,0,0,0,0.0,0.3333,0.0,0.0,0.0,0.0,0.0
583,20220917,3,1,1,0,0.0,0,0,0,0,0,0,0,0.0,0.0,0.0,0.0,0.0,0.0,0.0
583,20220918,9,3,3,531,0.34527118677519364,0,6,0,0,0,0,0,0.0,0.6667,0.0,0.0,0.0,0.0,0.0
583,20220920,3,1,1,27,0.08120325173910298,0,3,0,0,0,0,0,0.0,1.0,0.0,0.0,0.0,0.0,0.0
584,20220915,4,2,2,193,0.7567781445507107,0,3,0,0,0,0,0,0.0,0.75,0.0,0.0,0.0,0.0,0.0
584,20220916,104,26,33,4387,0.4517661099575336,6,81,3,3,0,0,0,0.0577,0.7788,0.0288,0.0288,0.0,0.0,0.0
584,20220917,71,24,31,1933,0.34584585789664424,2,50,0,0,2,0,0,0.0282,0.7042,0.0,0.0,0.0282,0.0,0.0
584,20220918,90,31,37,4197,0.4709566659059302,3,66,1,0,4,0,0,0.0333,0.7333,0.0111,0.0,0.0444,0.0,0.0
584,20220919,44,16,17,1909,0.4431328414911485,0,33,0,0,0,0,0,0.0,0.75,0.0,0.0,0.0,0.0,0.0
584,20220920,65,21,21,2895,0.40962706704627555,0,45,0,0,0,0,0,0.0,0.6923,0.0,0.0,0.0,0.0,0.0
584,20220921,47,15,26,1789,0.4820047359639214,3,28,0,0,0,0,0,0.0638,0.5957,0.0,0.0,0.0,0.0,0.0
584,20220922,42,18,21,1270,0.33722594125758515,0,29,0,0,2,0,0,0.0,0.6905,0.0,0.0,0.0476,0.0,0.0
585,20220916,12,4,6,430,0.31567464636716436,0,6,0,0,0,0,0,0.0,0.5,0.0,0.0,0.0,0.0,0.0
585,20220917,17,4,7,270,0.8300782876921077,0,15,0,0,0,0,0,0.0,0.8824,0.0,0.0,0.0,0.0,0.0
585,20220918,25,5,9,590,0.4834592697750156,0,15,0,0,0,0,0,0.0,0.6,0.0,0.0,0.0,0.0,0.0
585,20220919,6,2,2,60,0.5127388535031847,0,3,0,0,0,0,0,0.0,0.5,0.0,0.0,0.0,0.0,0.0
585,20220920,3,1,1,21,0.41079812206572774,0,0,0,0,0,0,0,0.0,0.0,0.0,0.0,0.0,0.0,0.0
585,20220921,3,1,1,18,0.5980265125087213,0,0,0,0,0,0,0,0.0,0.0,0.0,0.0,0.0,0.0,0.0
586,20220916,48,9,20,1507,0.4811850465252088,0,32,0,0,0,0,0,0.0,0.6667,0.0,0.0,0.0,0.0,0.0
586,20220917,33,6,16,1096,0.4453217000414014,2,19,0,0,0,0,0,0.0606,0.5758,0.0,0.0,0.0,0.0,0.0
586,20220918,34,6,15,1519,0.525455950019266,0,26,0,0,0,0,0,0.0,0.7647,0.0,0.0,0.0,0.0,0.0
586,20220919,12,3,5,235,0.2288938907197624,0,5,0,0,0,0,0,0.0,0.4167,0.0,0.0,0.0,0.0,0.0
586,20220920,16,5,6,521,0.4376736928811326,0,5,0,0,0,0,0,0.0,0.3125,0.0,0.0,0.0,0.0,0.0
586,20220921,13,3,5,131,0.3407979237894066,0,3,0,0,0,0,0,0.0,0.2308,0.0,0.0,0.0,0.0,0.0
586,20220922,2,1,1,180,1.0,0,2,0,0,0,0,0,0.0,1.0,0.0,0.0,0.0,0.0,0.0
587,20220915,6,2,2,42,0.08027912725559407,0,3,0,0,0,0,0,0.0,0.5,0.0,0.0,0.0,0.0,0.0
587,20220916,52,11,16,2314,0.568466898901871,6,38,3,0,3,0,0,0.1154,0.7308,0.0577,0.0,0.0577,0.0,0.0
587,20220917,58,11,20,2036,0.3256184510613574,1,46,0,0,0,0,0,0.0172,0.7931,0.0,0.0,0.0,0.0,0.0
587,20220918,53,16,18,2195,0.3860599470999078,0,34,0,0,0,0,0,0.0,0.6415,0.0,0.0,0.0,0.0,0.0
587,20220919,22,8,7,867,0.34964838104556306,2,16,0,0,0,0,0,0.0909,0.7273,0.0,0.0,0.0,0.0,0.0
587,20220920,33,11,11,1558,0.46817015186096156,3,24,0,0,0,0,0,0.0909,0.7273,0.0,0.0,0.0,0.0,0.0
587,20220921,30,7,11,1108,0.3322710939379778,3,17,0,3,0,0,0,0.1,0.5667,0.0,0.1,0.0,0.0,0.0
587,20220922,14,4,5,544,0.38201611077978903,0,14,0,0,0,0,0,0.0,1.0,0.0,0.0,0.0,0.0,0.0
588,20220916,11,2,3,332,0.8199189345686161,0,11,0,0,0,0,0,0.0,1.0,0.0,0.0,0.0,0.0,0.0
588,20220917,13,4,4,305,0.5625068286344339,0,7,0,0,0,0,0,0.0,0.5385,0.0,0.0,0.0,0.0,0.0
588,20220918,13,4,4,241,0.432715539393149,0,10,0,0,0,0,0,0.0,0.7692,0.0,0.0,0.0,0.0,0.0
588,20220919,2,1,1,90,1.0,0,2,0,0,0,0,0,0.0,1.0,0.0,0.0,0.0,0.0,0.0
588,20220920,6,1,2,21,0.17384393781353993,0,0,0,0,0,0,0,0.0,0.0,0.0,0.0,0.0,0.0,0.0
588,20220921,5,2,2,257,0.8159292035398231,0,5,0,0,0,0,0,0.0,1.0,0.0,0.0,0.0,0.0,0.0
588,20220922,3,1,1,9,0.037840565085771945,0,0,0,0,0,0,0,0.0,0.0,0.0,0.0,0.0,0.0,0.0
589,20220915,19,7,7,1002,0.4857814711753264,3,11,0,0,0,0,0,0.1579,0.5789,0.0,0.0,0.0,0.0,0.0
589,20220916,135,32,42,5269,0.40055628197767024,3,74,0,0,0,3,0,0.0222,0.5481,0.0,0.0,0.0,0.0222,0.0
589,20220917,114,25,36,2807,0.3284834929687139,3,51,0,0,0,3,0,0.0263,0.4474,0.0,0.0,0.0,0.0263,0.0
589,20220918,86,24,29,2577,0.4223832653324233,0,41,0,0,0,3,0,0.0,0.4767,0.0,0.0,0.0,0.0349,0.0
589,20220919,115,28,39,3881,0.44381552637969784,0,63,0,6,6,3,0,0.0,0.5478,0.0,0.0522,0.0522,0.0261,0.0
589,20220920,187,38,60,6129,0.3334265930342426,0,95,0,0,0,0,0,0.0,0.508,0.0,0.0,0.0,0.0,0.0
589,20220921,159,38,48,5719,0.38411940450807647,6,91,0,3,0,0,0,0.0377,0.5723,0.0,0.0189,0.0,0.0,0.0
589,20220922,115,28,39,3695,0.33955730389098643,0,56,0,0,0,0,0,0.0,0.487,0.0,0.0,0.0,0.0,0.0
590,20220915,28,3,14,636,0.2959846408587416,0,10,0,0,0,0,0,0.0,0.3571,0.0,0.0,0.0,0.0,0.0
590,20220916,383,23,170,7675,0.3284621887720204,3,183,0,0,1,11,0,0.0078,0.4778,0.0,0.0,0.0026,0.0287,0.0
590,20220917,142,23,51,3763,0.594683339467462,0,100,0,0,3,3,0,0.0,0.7042,0.0,0.0,0.0211,0.0211,0.0
590,20220918,115,26,40,1638,0.3551261957510552,0,51,0,0,1,2,0,0.0,0.4435,0.0,0.0,0.0087,0.0174,0.0
590,20220919,71,15,29,2205,0.28247451005083885,2,23,0,0,0,0,0,0.0282,0.3239,0.0,0.0,0.0,0.0,0.0
590,20220920,30,10,11,742,0.37061080229003784,0,15,0,0,3,0,0,0.0,0.5,0.0,0.0,0.1,0.0,0.0
590,20220921,41,15,16,1282,0.46260010767028675,0,22,0,0,0,0,0,0.0,0.5366,0.0,0.0,0.0,0.0,0.0
590,20220922,30,5,22,431,0.4742884367026702,0,14,0,0,0,0,0,0.0,0.4667,0.0,0.0,0.0,0.0,0.0
591,20220915,6,2,2,54,0.13827478182056488,0,3,0,0,0,0,0,0.0,0.5,0.0,0.0,0.0,0.0,0.0
591,20220916,21,6,8,323,0.3326159785094036,0,5,0,0,0,0,0,0.0,0.2381,0.0,0.0,0.0,0.0,0.0
591,20220917,24,8,9,331,0.49287073928397745,0,15,0,0,0,0,0,0.0,0.625,0.0,0.0,0.0,0.0,0.0
591,20220918,21,5,7,189,0.31937170650762337,0,9,0,0,0,0,0,0.0,0.4286,0.0,0.0,0.0,0.0,0.0
591,20220919,27,6,9,1028,0.7160648230769912,0,21,3,0,0,0,0,0.0,0.7778,0.1111,0.0,0.0,0.0,0.0
591,20220920,54,9,18,1031,0.5300653084835538,0,30,0,0,0,0,0,0.0,0.5556,0.0,0.0,0.0,0.0,0.0
591,20220921,11,4,4,123,0.48357114518205585,0,3,0,0,0,0,0,0.0,0.2727,0.0,0.0,0.0,0.0,0.0
591,20220922,9,2,3,276,0.4356997715312635,0,9,0,0,0,0,0,0.0,1.0,0.0,0.0,0.0,0.0,0.0
593,20220915,3,1,1,0,0.0,0,0,0,0,0,0,0,0.0,0.0,0.0,0.0,0.0,0.0,0.0
593,20220916,6,2,2,90,0.2678481153373629,0,6,0,0,0,0,0,0.0,1.0,0.0,0.0,0.0,0.0,0.0
593,20220917,9,3,3,99,0.5309494114720928,0,6,0,0,0,0,0,0.0,0.6667,0.0,0.0,0.0,0.0,0.0
593,20220918,18,5,6,717,0.7935734409502779,0,6,0,0,0,0,0,0.0,0.3333,0.0,0.0,0.0,0.0,0.0
593,20220919,12,3,4,192,0.8303600128576022,0,9,0,0,0,0,0,0.0,0.75,0.0,0.0,0.0,0.0,0.0
593,20220920,30,5,10,1764,0.6602608005238008,0,27,0,0,0,3,0,0.0,0.9,0.0,0.0,0.0,0.1,0.0
593,20220921,12,5,6,319,0.625700810866926,3,6,0,0,0,0,0,0.25,0.5,0.0,0.0,0.0,0.0,0.0
593,20220922,4,2,2,27,0.27494470590191733,0,1,0,0,0,0,0,0.0,0.25,0.0,0.0,0.0,0.0,0.0
595,20220916,6,1,2,45,0.3523111612175874,0,3,0,0,0,0,0,0.0,0.5,0.0,0.0,0.0,0.0,0.0
595,20220918,3,1,1,33,0.5167230364524614,0,3,0,0,0,0,0,0.0,1.0,0.0,0.0,0.0,0.0,0.0
596,20220918,3,1,1,0,0.0,0,0,0,0,0,0,0,0.0,0.0,0.0,0.0,0.0,0.0,0.0
597,20220916,2,1,1,12,0.7532011046949535,0,0,0,0,0,0,0,0.0,0.0,0.0,0.0,0.0,0.0,0.0
597,20220917,3,1,1,9,0.06875529988769967,0,0,0,0,0,0,0,0.0,0.0,0.0,0.0,0.0,0.0,0.0
597,20220918,5,2,2,33,0.6393680682996888,0,2,0,0,0,0,0,0.0,0.4,0.0,0.0,0.0,0.0,0.0
597,20220920,6,2,2,177,1.0,0,6,0,0,0,0,0,0.0,1.0,0.0,0.0,0.0,0.0,0.0
597,20220921,2,1,1,4,0.15464316090620892,0,0,0,0,0,0,0,0.0,0.0,0.0,0.0,0.0,0.0,0.0
598,20220918,6,1,2,24,0.006897550679753619,0,0,0,0,0,0,0,0.0,0.0,0.0,0.0,0.0,0.0,0.0
598,20220922,6,1,2,105,0.030176784223922087,0,3,0,0,0,0,0,0.0,0.5,0.0,0.0,0.0,0.0,0.0
599,20220915,10,4,4,177,0.35417041960160933,0,4,0,0,0,0,0,0.0,0.4,0.0,0.0,0.0,0.0,0.0
599,20220916,82,17,30,2207,0.46910813475085184,0,37,0,0,0,0,0,0.0,0.4512,0.0,0.0,0.0,0.0,0.0
599,20220917,46,12,16,984,0.6366673299779042,0,29,0,0,0,0,0,0.0,0.6304,0.0,0.0,0.0,0.0,0.0
599,20220918,40,13,16,2205,0.6990694641131343,0,35,0,0,0,0,0,0.0,0.875,0.0,0.0,0.0,0.0,0.0
599,20220919,51,12,19,716,0.5015968551997582,0,26,0,0,0,0,0,0.0,0.5098,0.0,0.0,0.0,0.0,0.0
599,20220920,30,8,13,509,0.2695469914021126,0,8,0,0,0,0,0,0.0,0.2667,0.0,0.0,0.0,0.0,0.0
599,20220921,37,10,17,940,0.4393031006453605,0,16,0,0,0,0,0,0.0,0.4324,0.0,0.0,0.0,0.0,0.0
599,20220922,56,11,20,857,0.259575274653086,0,31,0,0,0,0,0,0.0,0.5536,0.0,0.0,0.0,0.0,0.0
600,20220915,3,1,1,12,0.046792929588339215,0,0,0,0,0,0,0,0.0,0.0,0.0,0.0,0.0,0.0,0.0
600,20220916,8,2,3,120,0.6220035719131738,0,5,0,0,0,0,0,0.0,0.625,0.0,0.0,0.0,0.0,0.0
600,20220917,9,3,4,156,0.692621163741822,0,7,0,0,0,0,0,0.0,0.7778,0.0,0.0,0.0,0.0,0.0
600,20220918,7,3,4,543,0.5231506391211557,0,5,0,0,0,0,0,0.0,0.7143,0.0,0.0,0.0,0.0,0.0
600,20220919,3,1,1,51,0.19886995075044164,0,3,0,0,0,0,0,0.0,1.0,0.0,0.0,0.0,0.0,0.0
600,20220920,2,1,1,14,0.02567083389870289,0,0,0,0,0,0,0,0.0,0.0,0.0,0.0,0.0,0.0,0.0
600,20220922,3,1,1,42,1.0,0,3,0,0,0,0,0,0.0,1.0,0.0,0.0,0.0,0.0,0.0
601,20220915,87,32,37,1728,0.5022833146305707,0,50,0,0,0,0,0,0.0,0.5747,0.0,0.0,0.0,0.0,0.0
601,20220916,1095,254,383,38353,0.5340138627608527,31,678,2,3,9,5,1,0.0283,0.6192,0.0018,0.0027,0.0082,0.0046,0.0009
601,20220917,988,262,351,31507,0.5406629877652589,21,616,0,3,8,0,0,0.0213,0.6235,0.0,0.003,0.0081,0.0,0.0
601,20220918,1133,263,391,36947,0.5550240055205976,25,730,9,2,8,0,0,0.0221,0.6443,0.0079,0.0018,0.0071,0.0,0.0
601,20220919,976,218,318,37081,0.6093886756525457,20,687,0,0,4,0,3,0.0205,0.7039,0.0,0.0,0.0041,0.0,0.0031
601,20220920,625,178,238,27010,0.5783932140838046,11,434,0,3,5,0,0,0.0176,0.6944,0.0,0.0048,0.008,0.0,0.0
601,20220921,525,139,203,15665,0.5379708605511585,7,328,0,0,2,0,0,0.0133,0.6248,0.0,0.0,0.0038,0.0,0.0
601,20220922,457,121,180,13655,0.5231663803868166,11,293,2,2,2,0,0,0.0241,0.6411,0.0044,0.0044,0.0044,0.0,0.0
602,20220915,3,1,1,168,1.0,0,3,0,0,0,0,0,0.0,1.0,0.0,0.0,0.0,0.0,0.0
602,20220916,23,4,9,1197,0.4611710604742954,0,15,0,0,0,0,0,0.0,0.6522,0.0,0.0,0.0,0.0,0.0
602,20220917,32,9,13,2320,0.5497055140867,0,20,0,0,0,0,0,0.0,0.625,0.0,0.0,0.0,0.0,0.0
602,20220918,28,6,10,232,0.4908840373379369,0,18,0,0,0,0,0,0.0,0.6429,0.0,0.0,0.0,0.0,0.0
602,20220919,18,6,8,381,0.46365968459584855,0,10,0,0,0,0,0,0.0,0.5556,0.0,0.0,0.0,0.0,0.0
602,20220920,26,6,10,2604,0.7404053821537477,0,23,2,0,0,0,0,0.0,0.8846,0.0769,0.0,0.0,0.0,0.0
602,20220921,31,4,11,564,0.21053598697258283,0,13,0,0,0,0,0,0.0,0.4194,0.0,0.0,0.0,0.0,0.0
602,20220922,20,5,7,949,0.5214269965287754,0,14,0,0,0,0,0,0.0,0.7,0.0,0.0,0.0,0.0,0.0
603,20220915,6,2,2,249,1.0,0,6,0,0,0,0,0,0.0,1.0,0.0,0.0,0.0,0.0,0.0
603,20220916,94,24,36,3703,0.6316876566726225,0,77,0,0,0,0,0,0.0,0.8191,0.0,0.0,0.0,0.0,0.0
603,20220917,66,23,32,3826,0.608789509694559,0,43,0,0,2,0,0,0.0,0.6515,0.0,0.0,0.0303,0.0,0.0
603,20220918,94,27,37,3705,0.418674953837578,2,44,0,0,0,0,0,0.0213,0.4681,0.0,0.0,0.0,0.0,0.0
603,20220919,35,14,15,2176,0.6344204931678735,0,23,0,0,0,0,0,0.0,0.6571,0.0,0.0,0.0,0.0,0.0
603,20220920,47,20,24,1143,0.43797107624716586,3,24,0,3,3,0,0,0.0638,0.5106,0.0,0.0638,0.0638,0.0,0.0
603,20220921,27,12,15,697,0.34497197591016415,0,21,0,0,0,0,0,0.0,0.7778,0.0,0.0,0.0,0.0,0.0
603,20220922,35,12,15,1300,0.6157017927552204,0,25,0,0,0,0,0,0.0,0.7143,0.0,0.0,0.0,0.0,0.0
605,20220915,5,2,2,195,0.48124253285543617,0,5,0,0,0,0,0,0.0,1.0,0.0,0.0,0.0,0.0,0.0
605,20220916,17,3,6,797,0.542194831739293,0,17,0,0,0,0,0,0.0,1.0,0.0,0.0,0.0,0.0,0.0
605,20220917,19,3,7,445,0.38733551227777785,0,10,0,0,0,0,0,0.0,0.5263,0.0,0.0,0.0,0.0,0.0
605,20220918,12,3,5,490,0.30579759059584094,0,8,0,0,0,0,0,0.0,0.6667,0.0,0.0,0.0,0.0,0.0
605,20220919,10,3,4,676,0.49314985011238444,0,7,0,0,0,0,0,0.0,0.7,0.0,0.0,0.0,0.0,0.0
605,20220920,3,1,1,339,0.9000398247710076,0,3,0,0,0,0,0,0.0,1.0,0.0,0.0,0.0,0.0,0.0
605,20220921,5,2,2,34,0.08439778919342429,0,5,0,0,0,0,0,0.0,1.0,0.0,0.0,0.0,0.0,0.0
605,20220922,2,1,1,38,0.28189910979228483,0,2,0,0,0,0,0,0.0,1.0,0.0,0.0,0.0,0.0,0.0
606,20220915,3,1,1,114,0.28802498237741886,0,3,0,0,0,0,0,0.0,1.0,0.0,0.0,0.0,0.0,0.0
606,20220916,18,2,6,1356,0.2500200537641082,0,15,0,0,0,0,0,0.0,0.8333,0.0,0.0,0.0,0.0,0.0
606,20220917,16,3,6,1160,0.4778440008947958,0,9,0,0,0,0,0,0.0,0.5625,0.0,0.0,0.0,0.0,0.0
606,20220918,6,2,2,357,0.5994859785173399,0,6,0,0,0,0,0,0.0,1.0,0.0,0.0,0.0,0.0,0.0
606,20220919,15,1,4,474,0.35101907786528014,0,3,0,0,0,0,0,0.0,0.2,0.0,0.0,0.0,0.0,0.0
606,20220920,12,2,4,246,0.19487261589653185,0,6,0,0,0,0,0,0.0,0.5,0.0,0.0,0.0,0.0,0.0
606,20220921,3,1,1,48,0.027804327048396905,0,3,0,0,0,0,0,0.0,1.0,0.0,0.0,0.0,0.0,0.0
606,20220922,9,1,3,288,0.2425473535809843,0,3,0,0,0,0,0,0.0,0.3333,0.0,0.0,0.0,0.0,0.0
607,20220916,6,2,2,282,0.5151624767689196,0,6,0,0,0,0,0,0.0,1.0,0.0,0.0,0.0,0.0,0.0
607,20220917,9,3,3,264,0.44889561488845925,0,6,0,0,0,0,0,0.0,0.6667,0.0,0.0,0.0,0.0,0.0
607,20220918,9,3,3,36,0.060241673786631145,0,0,0,0,0,0,0,0.0,0.0,0.0,0.0,0.0,0.0,0.0
607,20220921,3,1,1,93,0.06714811140521502,0,3,0,0,0,0,0,0.0,1.0,0.0,0.0,0.0,0.0,0.0
608,20220916,2,1,2,10,0.13375063531551773,0,0,0,0,0,0,0,0.0,0.0,0.0,0.0,0.0,0.0,0.0
608,20220917,5,2,3,42,0.6321001524757243,0,3,0,0,0,0,0,0.0,0.6,0.0,0.0,0.0,0.0,0.0
608,20220918,18,7,10,203,0.3250882790304209,0,7,0,0,0,0,0,0.0,0.3889,0.0,0.0,0.0,0.0,0.0
608,20220919,9,2,5,54,0.45778460982172425,0,3,0,0,0,0,0,0.0,0.3333,0.0,0.0,0.0,0.0,0.0
608,20220920,5,2,3,13,0.09909612466734424,0,3,0,0,0,0,0,0.0,0.6,0.0,0.0,0.0,0.0,0.0
608,20220921,10,3,8,142,0.29337364306393976,0,3,0,0,0,0,0,0.0,0.3,0.0,0.0,0.0,0.0,0.0
608,20220922,1,1,1,1,0.02675012706310355,0,0,0,0,0,0,0,0.0,0.0,0.0,0.0,0.0,0.0,0.0
609,20220916,9,1,3,123,0.1806971383743428,0,9,0,0,0,0,0,0.0,1.0,0.0,0.0,0.0,0.0,0.0
609,20220919,3,1,1,12,0.06059137178865729,0,0,0,0,0,0,0,0.0,0.0,0.0,0.0,0.0,0.0,0.0
618,20220916,37,5,13,1228,0.3307585069273996,0,17,0,0,0,0,0,0.0,0.4595,0.0,0.0,0.0,0.0,0.0
618,20220917,60,5,21,2773,0.45884674072823317,0,28,0,0,0,0,0,0.0,0.4667,0.0,0.0,0.0,0.0,0.0
618,20220918,28,6,10,532,0.3699704343667027,0,11,0,0,0,0,0,0.0,0.3929,0.0,0.0,0.0,0.0,0.0
618,20220919,33,4,12,342,0.1756394227841437,0,10,0,0,0,0,0,0.0,0.303,0.0,0.0,0.0,0.0,0.0
618,20220920,42,7,19,916,0.6174362010402374,2,28,0,0,2,0,0,0.0476,0.6667,0.0,0.0,0.0476,0.0,0.0
618,20220921,25,5,10,198,0.6778820030208026,0,12,0,0,0,0,0,0.0,0.48,0.0,0.0,0.0,0.0,0.0
618,20220922,22,4,7,1285,0.551896930144996,0,13,0,0,0,0,0,0.0,0.5909,0.0,0.0,0.0,0.0,0.0
619,20220915,3,1,1,48,1.0,0,3,0,0,0,0,0,0.0,1.0,0.0,0.0,0.0,0.0,0.0
619,20220916,13,4,6,131,0.35118662613791174,0,3,0,0,0,0,0,0.0,0.2308,0.0,0.0,0.0,0.0,0.0
619,20220917,25,9,10,1200,0.5067300265277781,0,18,0,0,0,0,0,0.0,0.72,0.0,0.0,0.0,0.0,0.0
619,20220918,28,7,12,169,0.2984902571222324,0,6,0,0,0,0,0,0.0,0.2143,0.0,0.0,0.0,0.0,0.0
619,20220919,17,7,6,483,0.29659601581228445,0,12,0,0,0,0,0,0.0,0.7059,0.0,0.0,0.0,0.0,0.0
619,20220920,21,7,7,580,0.24003519464930856,0,12,0,0,0,0,0,0.0,0.5714,0.0,0.0,0.0,0.0,0.0
619,20220921,40,5,14,895,0.6689909647333697,0,19,0,0,0,0,0,0.0,0.475,0.0,0.0,0.0,0.0,0.0
619,20220922,27,6,9,1095,0.4325902795355684,0,21,0,0,0,0,0,0.0,0.7778,0.0,0.0,0.0,0.0,0.0
620,20220916,3,1,1,57,1.0,0,3,0,0,0,0,0,0.0,1.0,0.0,0.0,0.0,0.0,0.0
620,20220917,3,1,1,45,0.8982035928143713,0,3,0,0,0,0,0,0.0,1.0,0.0,0.0,0.0,0.0,0.0
621,20220916,3,1,1,6,0.11090778018077968,0,0,0,0,0,0,0,0.0,0.0,0.0,0.0,0.0,0.0,0.0
621,20220917,5,2,2,63,1.0,0,3,0,0,0,0,0,0.0,0.6,0.0,0.0,0.0,0.0,0.0
621,20220919,4,2,2,11,0.08751659649527951,0,0,0,0,0,0,0,0.0,0.0,0.0,0.0,0.0,0.0,0.0
621,20220920,2,1,1,6,0.07323324789454412,0,0,0,0,0,0,0,0.0,0.0,0.0,0.0,0.0,0.0,0.0
622,20220916,1,1,1,2,0.06666666666666667,0,0,0,0,0,0,0,0.0,0.0,0.0,0.0,0.0,0.0,0.0
622,20220921,3,1,1,21,0.9503122454520772,0,0,0,0,0,0,0,0.0,0.0,0.0,0.0,0.0,0.0,0.0
622,20220922,9,1,3,126,0.4666666666666667,0,3,0,0,0,0,0,0.0,0.3333,0.0,0.0,0.0,0.0,0.0
623,20220915,3,1,1,18,0.07444168734491316,0,0,0,0,0,0,0,0.0,0.0,0.0,0.0,0.0,0.0,0.0
623,20220916,17,5,6,420,0.7466545382891953,0,9,0,0,0,0,0,0.0,0.5294,0.0,0.0,0.0,0.0,0.0
623,20220917,6,2,2,51,0.24700637428025898,0,3,0,0,0,0,0,0.0,0.5,0.0,0.0,0.0,0.0,0.0
623,20220918,21,5,7,2103,0.507045158472641,3,12,0,0,0,0,0,0.1429,0.5714,0.0,0.0,0.0,0.0,0.0
623,20220919,12,4,4,306,0.5493633820976146,0,6,0,0,0,0,0,0.0,0.5,0.0,0.0,0.0,0.0,0.0
623,20220920,20,7,7,1014,0.5366823770803844,0,14,0,0,0,0,0,0.0,0.7,0.0,0.0,0.0,0.0,0.0
623,20220921,8,3,3,375,0.35194375516956167,0,6,0,0,0,0,0,0.0,0.75,0.0,0.0,0.0,0.0,0.0
624,20220919,4,1,2,270,0.30328082456439887,0,2,0,0,0,0,0,0.0,0.5,0.0,0.0,0.0,0.0,0.0
624,20220921,4,1,2,566,0.6357664692720361,0,4,0,0,0,0,0,0.0,1.0,0.0,0.0,0.0,0.0,0.0
628,20220915,5,2,2,274,0.8839303561096207,0,5,0,0,0,0,0,0.0,1.0,0.0,0.0,0.0,0.0,0.0
628,20220916,62,15,19,2065,0.4730125859998036,0,40,0,0,0,0,0,0.0,0.6452,0.0,0.0,0.0,0.0,0.0
628,20220917,76,19,27,3449,0.5229893287229437,0,52,0,0,0,0,0,0.0,0.6842,0.0,0.0,0.0,0.0,0.0
628,20220918,102,20,39,2581,0.41121594281443974,4,43,0,0,0,0,0,0.0392,0.4216,0.0,0.0,0.0,0.0,0.0
628,20220919,63,12,23,1418,0.43912371180581944,2,35,0,0,0,0,0,0.0317,0.5556,0.0,0.0,0.0,0.0,0.0
628,20220920,100,17,33,2790,0.4356006557286533,0,61,0,0,0,0,0,0.0,0.61,0.0,0.0,0.0,0.0,0.0
628,20220921,76,18,27,2722,0.39844485538430524,0,39,0,0,0,0,0,0.0,0.5132,0.0,0.0,0.0,0.0,0.0
628,20220922,82,16,29,4812,0.5242730755892705,0,50,0,0,0,0,0,0.0,0.6098,0.0,0.0,0.0,0.0,0.0
629,20220916,2,1,1,96,1.0,0,2,0,0,0,0,0,0.0,1.0,0.0,0.0,0.0,0.0,0.0
642,20220916,15,1,5,810,0.23475566282826663,0,6,0,0,0,0,0,0.0,0.4,0.0,0.0,0.0,0.0,0.0
643,20220915,2,1,1,30,1.0,0,2,0,0,0,0,0,0.0,1.0,0.0,0.0,0.0,0.0,0.0
643,20220916,4,1,2,32,0.5826446280991735,0,2,0,0,0,0,0,0.0,0.5,0.0,0.0,0.0,0.0,0.0
643,20220917,6,1,3,50,0.6363636363636364,0,4,0,0,0,0,0,0.0,0.6667,0.0,0.0,0.0,0.0,0.0
643,20220918,13,2,4,86,0.6661157024793389,0,9,0,0,0,0,0,0.0,0.6923,0.0,0.0,0.0,0.0,0.0
643,20220919,13,2,5,142,0.510378949114127,0,5,0,0,0,0,0,0.0,0.3846,0.0,0.0,0.0,0.0,0.0
643,20220920,14,2,5,68,0.47113854524921717,0,3,0,0,0,0,0,0.0,0.2143,0.0,0.0,0.0,0.0,0.0
643,20220921,6,2,2,60,0.7717391304347826,0,3,0,0,0,0,0,0.0,0.5,0.0,0.0,0.0,0.0,0.0
643,20220922,2,1,1,4,0.1652892561983471,0,0,0,0,0,0,0,0.0,0.0,0.0,0.0,0.0,0.0,0.0
644,20220916,2,1,1,50,1.0,0,2,0,0,0,0,0,0.0,1.0,0.0,0.0,0.0,0.0,0.0
644,20220917,3,1,1,36,0.6185567010309279,0,3,0,0,0,0,0,0.0,1.0,0.0,0.0,0.0,0.0,0.0
644,20220918,8,2,4,87,0.4616703790581696,0,4,0,0,0,0,0,0.0,0.5,0.0,0.0,0.0,0.0,0.0
644,20220919,6,2,2,21,0.7836113287809247,0,0,0,0,0,0,0,0.0,0.0,0.0,0.0,0.0,0.0,0.0
646,20220916,48,15,22,1005,0.5418178009927282,0,35,0,0,0,0,0,0.0,0.7292,0.0,0.0,0.0,0.0,0.0
646,20220917,97,24,40,4294,0.5621253676822362,5,63,0,0,0,0,0,0.0515,0.6495,0.0,0.0,0.0,0.0,0.0
646,20220918,31,10,14,1186,0.2724078338622894,0,19,0,0,0,0,0,0.0,0.6129,0.0,0.0,0.0,0.0,0.0
646,20220919,18,8,11,957,0.711138417375778,1,13,0,0,1,0,0,0.0556,0.7222,0.0,0.0,0.0556,0.0,0.0
646,20220920,40,15,18,1817,0.48746864507933513,4,26,2,0,0,0,0,0.1,0.65,0.05,0.0,0.0,0.0,0.0
646,20220921,21,7,9,1010,0.385144109117688,0,11,0,0,0,3,0,0.0,0.5238,0.0,0.0,0.0,0.1429,0.0
646,20220922,23,9,10,922,0.6453886049480055,0,18,0,0,0,0,0,0.0,0.7826,0.0,0.0,0.0,0.0,0.0
647,20220916,67,19,26,3005,0.34476002397018973,3,52,0,0,3,0,0,0.0448,0.7761,0.0,0.0,0.0448,0.0,0.0
647,20220917,68,20,29,5324,0.6084096612531208,3,59,0,0,3,0,0,0.0441,0.8676,0.0,0.0,0.0441,0.0,0.0
647,20220918,63,17,23,2976,0.3127460214055574,0,29,0,0,0,0,0,0.0,0.4603,0.0,0.0,0.0,0.0,0.0
647,20220919,47,13,16,3662,0.5359966793299284,1,33,0,0,0,0,0,0.0213,0.7021,0.0,0.0,0.0,0.0,0.0
647,20220920,102,13,38,6418,0.5435067382238453,3,82,0,0,0,0,0,0.0294,0.8039,0.0,0.0,0.0,0.0,0.0
647,20220921,71,13,26,3473,0.3785933750756987,0,43,0,0,1,0,0,0.0,0.6056,0.0,0.0,0.0141,0.0,0.0
647,20220922,51,9,18,2262,0.43962270562351874,0,35,0,0,0,0,0,0.0,0.6863,0.0,0.0,0.0,0.0,0.0
648,20220915,39,12,13,2931,0.7715426764546447,0,34,0,0,0,0,0,0.0,0.8718,0.0,0.0,0.0,0.0,0.0
648,20220916,212,52,60,7582,0.5912995644434306,6,138,0,6,0,0,0,0.0283,0.6509,0.0,0.0283,0.0,0.0,0.0
648,20220917,219,54,63,6550,0.49282427402432855,6,119,0,3,6,0,0,0.0274,0.5434,0.0,0.0137,0.0274,0.0,0.0
648,20220918,191,44,66,4223,0.4767610227794785,0,100,0,0,3,0,0,0.0,0.5236,0.0,0.0,0.0157,0.0,0.0
648,20220919,199,43,63,4222,0.4996159066787734,0,106,0,0,6,3,0,0.0,0.5327,0.0,0.0,0.0302,0.0151,0.0
648,20220920,207,42,68,5353,0.5852904231801858,0,134,0,3,0,3,0,0.0,0.6473,0.0,0.0145,0.0,0.0145,0.0
648,20220921,159,30,49,4439,0.5950919338646937,3,97,5,0,0,0,0,0.0189,0.6101,0.0314,0.0,0.0,0.0,0.0
648,20220922,82,22,28,1704,0.46952216638880423,6,49,0,6,3,0,0,0.0732,0.5976,0.0,0.0732,0.0366,0.0,0.0
653,20220916,12,2,4,168,0.5116700021546411,0,6,0,0,0,0,0,0.0,0.5,0.0,0.0,0.0,0.0,0.0
653,20220917,7,3,3,179,0.5870380245905669,0,4,0,0,0,0,0,0.0,0.5714,0.0,0.0,0.0,0.0,0.0
653,20220918,17,3,7,177,0.41629480045497746,0,7,0,0,0,0,0,0.0,0.4118,0.0,0.0,0.0,0.0,0.0
653,20220919,7,3,3,17,0.18533105804491076,0,0,0,0,0,0,0,0.0,0.0,0.0,0.0,0.0,0.0,0.0
653,20220920,12,3,4,219,0.6255682106927002,0,6,0,0,0,0,0,0.0,0.5,0.0,0.0,0.0,0.0,0.0
653,20220921,6,1,2,9,0.2549719530851607,0,0,0,0,0,0,0,0.0,0.0,0.0,0.0,0.0,0.0,0.0
653,20220922,9,2,3,288,1.0,3,9,0,0,0,0,0,0.3333,1.0,0.0,0.0,0.0,0.0,0.0
660,20220916,1,1,1,9,0.18150284354454885,0,1,0,0,0,0,0,0.0,1.0,0.0,0.0,0.0,0.0,0.0
660,20220918,2,1,2,27,0.2722542653168233,0,1,0,0,0,0,0,0.0,0.5,0.0,0.0,0.0,0.0,0.0
661,20220915,3,1,1,366,0.8180617301335052,0,3,0,0,0,0,0,0.0,1.0,0.0,0.0,0.0,0.0,0.0
661,20220916,18,6,9,644,0.6999908213277182,0,11,0,0,0,0,0,0.0,0.6111,0.0,0.0,0.0,0.0,0.0
661,20220917,13,5,7,892,0.47438120777902093,0,11,0,0,0,0,0,0.0,0.8462,0.0,0.0,0.0,0.0,0.0
661,20220918,17,8,12,644,0.2246317932614772,0,11,0,0,0,0,0,0.0,0.6471,0.0,0.0,0.0,0.0,0.0
661,20220919,12,3,4,267,0.3578213813030995,0,9,0,0,0,0,0,0.0,0.75,0.0,0.0,0.0,0.0,0.0
661,20220920,2,2,2,79,0.6592039800995024,0,2,0,0,0,0,0,0.0,1.0,0.0,0.0,0.0,0.0,0.0
661,20220921,9,3,3,432,0.6456083903527969,0,6,0,0,0,0,0,0.0,0.6667,0.0,0.0,0.0,0.0,0.0
661,20220922,12,4,4,510,0.42642807187445714,0,6,0,0,0,0,0,0.0,0.5,0.0,0.0,0.0,0.0,0.0
663,20220916,2,1,1,4,0.29850746268656714,0,0,0,0,0,0,0,0.0,0.0,0.0,0.0,0.0,0.0,0.0
663,20220918,2,1,1,6,0.44776119402985076,0,0,0,0,0,0,0,0.0,0.0,0.0,0.0,0.0,0.0,0.0
663,20220920,2,1,1,8,0.5970149253731343,0,0,0,0,0,0,0,0.0,0.0,0.0,0.0,0.0,0.0,0.0
663,20220921,2,1,1,20,1.0,0,2,0,0,0,0,0,0.0,1.0,0.0,0.0,0.0,0.0,0.0
1000,20220916,3,1,1,234,0.35991804942874545,0,3,0,0,0,3,0,0.0,1.0,0.0,0.0,0.0,1.0,0.0
1000,20220917,10,3,6,136,0.15455653755006465,0,3,0,0,0,0,0,0.0,0.3,0.0,0.0,0.0,0.0,0.0
1000,20220918,18,4,8,252,0.2879794228171923,0,7,0,0,0,0,0,0.0,0.3889,0.0,0.0,0.0,0.0,0.0
1000,20220919,4,2,2,83,0.13499302609788205,0,4,0,0,0,0,0,0.0,1.0,0.0,0.0,0.0,0.0,0.0
1000,20220920,3,2,3,171,0.5696931357622285,0,2,0,0,0,0,0,0.0,0.6667,0.0,0.0,0.0,0.0,0.0
1000,20220921,6,2,2,750,0.5784436774395983,0,6,0,0,0,0,0,0.0,1.0,0.0,0.0,0.0,0.0,0.0
1000,20220922,5,2,3,158,0.6221676826854564,0,4,0,0,0,0,0,0.0,0.8,0.0,0.0,0.0,0.0,0.0
1001,20220916,104,19,37,2819,0.3582892356440939,10,63,0,9,0,0,0,0.0962,0.6058,0.0,0.0865,0.0,0.0,0.0
1001,20220917,198,16,63,7946,0.4656068776796252,6,121,0,6,0,0,0,0.0303,0.6111,0.0,0.0303,0.0,0.0,0.0
1001,20220918,115,18,41,3753,0.39366923945827853,3,56,0,0,0,0,0,0.0261,0.487,0.0,0.0,0.0,0.0,0.0
1001,20220919,80,14,26,1897,0.3488481701244264,3,34,0,3,0,0,0,0.0375,0.425,0.0,0.0375,0.0,0.0,0.0
1001,20220920,66,19,24,942,0.22408428757953244,3,24,0,0,0,0,0,0.0455,0.3636,0.0,0.0,0.0,0.0,0.0
1001,20220921,124,21,41,5089,0.37469403642078986,18,69,0,12,0,3,0,0.1452,0.5565,0.0,0.0968,0.0,0.0242,0.0
1001,20220922,80,21,31,2664,0.45674688619263065,3,54,0,0,0,0,0,0.0375,0.675,0.0,0.0,0.0,0.0,0.0
1002,20220915,14,4,5,57,0.09738462006966309,0,1,0,0,0,0,0,0.0,0.0714,0.0,0.0,0.0,0.0,0.0
1002,20220916,91,20,36,1426,0.37578612681245754,5,41,2,0,0,0,0,0.0549,0.4505,0.022,0.0,0.0,0.0,0.0
1002,20220917,68,19,28,1192,0.4418700022322729,0,42,0,0,0,0,0,0.0,0.6176,0.0,0.0,0.0,0.0,0.0
1002,20220918,138,35,68,2577,0.5190239368079339,4,89,1,1,1,0,0,0.029,0.6449,0.0072,0.0072,0.0072,0.0,0.0
1002,20220919,53,16,24,1763,0.5358143377680745,3,34,0,3,0,0,0,0.0566,0.6415,0.0,0.0566,0.0,0.0,0.0
1002,20220920,63,20,23,960,0.41882597384473635,1,33,0,0,1,0,0,0.0159,0.5238,0.0,0.0,0.0159,0.0,0.0
1002,20220921,83,21,36,1157,0.4152419373829738,5,39,0,2,0,0,0,0.0602,0.4699,0.0,0.0241,0.0,0.0,0.0
1002,20220922,60,17,25,1342,0.4827332284822364,0,28,0,0,0,0,0,0.0,0.4667,0.0,0.0,0.0,0.0,0.0
1003,20220915,1,1,1,89,1.0,1,1,0,0,0,0,0,1.0,1.0,0.0,0.0,0.0,0.0,0.0
1003,20220916,2,1,1,10,0.07740057895633061,0,0,0,0,0,0,0,0.0,0.0,0.0,0.0,0.0,0.0,0.0
1003,20220917,11,5,5,563,0.5051938127746252,0,8,0,0,0,0,0,0.0,0.7273,0.0,0.0,0.0,0.0,0.0
1003,20220918,3,2,2,125,0.7048561123237201,0,3,1,0,0,0,0,0.0,1.0,0.3333,0.0,0.0,0.0,0.0
1003,20220919,12,4,5,487,0.5101785155845031,0,6,0,0,0,0,0,0.0,0.5,0.0,0.0,0.0,0.0,0.0
1003,20220920,5,2,2,113,0.8012994458245748,0,2,0,0,0,0,0,0.0,0.4,0.0,0.0,0.0,0.0,0.0
1003,20220921,12,5,7,344,0.33586019882590584,0,8,0,0,0,0,0,0.0,0.6667,0.0,0.0,0.0,0.0,0.0
1003,20220922,20,7,9,157,0.2930414341977962,0,5,0,0,0,0,0,0.0,0.25,0.0,0.0,0.0,0.0,0.0
1039,20220915,3,1,1,6,0.03589246617135063,0,0,0,0,0,0,0,0.0,0.0,0.0,0.0,0.0,0.0,0.0
1039,20220916,3,1,1,42,1.0,0,3,0,0,0,0,0,0.0,1.0,0.0,0.0,0.0,0.0,0.0
1039,20220917,3,1,1,15,0.0631584265972766,0,0,0,0,0,0,0,0.0,0.0,0.0,0.0,0.0,0.0,0.0
1039,20220918,21,3,7,90,0.2648265301977393,0,3,0,0,0,0,0,0.0,0.1429,0.0,0.0,0.0,0.0,0.0
1039,20220919,11,4,4,49,0.1943412058847436,0,2,0,0,0,0,0,0.0,0.1818,0.0,0.0,0.0,0.0,0.0
1039,20220920,6,2,2,9,0.08182526122482188,0,0,0,0,0,0,0,0.0,0.0,0.0,0.0,0.0,0.0,0.0
1039,20220921,11,3,4,33,0.1218317779622596,0,0,0,0,0,0,0,0.0,0.0,0.0,0.0,0.0,0.0,0.0
1039,20220922,3,1,1,6,0.03589246617135063,0,0,0,0,0,0,0,0.0,0.0,0.0,0.0,0.0,0.0,0.0
1040,20220916,9,4,4,268,0.6785434333357087,0,6,0,0,0,0,0,0.0,0.6667,0.0,0.0,0.0,0.0,0.0
1040,20220917,8,3,3,25,0.18437932216803732,0,0,0,0,0,0,0,0.0,0.0,0.0,0.0,0.0,0.0,0.0
1040,20220918,6,3,3,279,0.7892607576314822,0,4,0,0,0,0,0,0.0,0.6667,0.0,0.0,0.0,0.0,0.0
1040,20220919,11,4,4,90,0.4878941831086063,3,5,0,0,0,0,0,0.2727,0.4545,0.0,0.0,0.0,0.0,0.0
1040,20220920,18,3,6,42,0.11401666537008774,0,0,0,0,0,0,0,0.0,0.0,0.0,0.0,0.0,0.0,0.0
1040,20220921,21,6,8,149,0.31677578582251203,0,6,0,0,0,0,0,0.0,0.2857,0.0,0.0,0.0,0.0,0.0
1041,20220916,100,16,33,1977,0.4667040753175398,3,40,0,0,0,0,0,0.03,0.4,0.0,0.0,0.0,0.0,0.0
1041,20220917,84,15,27,1221,0.5658832192068344,0,39,0,0,0,0,3,0.0,0.4643,0.0,0.0,0.0,0.0,0.0357
1041,20220918,49,14,17,757,0.39429913507239156,0,23,0,0,0,0,0,0.0,0.4694,0.0,0.0,0.0,0.0,0.0
1041,20220919,61,10,22,506,0.3999101532153931,0,15,0,0,0,0,0,0.0,0.2459,0.0,0.0,0.0,0.0,0.0
1041,20220920,44,12,18,258,0.3863550496777562,3,11,0,0,0,0,0,0.0682,0.25,0.0,0.0,0.0,0.0,0.0
1041,20220921,112,13,40,2265,0.5265449961477198,0,52,0,0,0,0,0,0.0,0.4643,0.0,0.0,0.0,0.0,0.0
1041,20220922,40,9,14,401,0.41538770790139595,0,12,0,0,0,0,0,0.0,0.3,0.0,0.0,0.0,0.0,0.0
1042,20220917,13,3,7,276,0.6057202068006927,0,8,0,0,0,0,0,0.0,0.6154,0.0,0.0,0.0,0.0,0.0
1042,20220918,8,1,3,480,0.8661704011271961,0,8,0,0,0,0,0,0.0,1.0,0.0,0.0,0.0,0.0,0.0
1042,20220919,1,1,1,2,0.12091167402212684,0,0,0,0,0,0,0,0.0,0.0,0.0,0.0,0.0,0.0,0.0
1042,20220920,2,1,1,52,0.972580705495081,0,2,0,0,0,0,0,0.0,1.0,0.0,0.0,0.0,0.0,0.0
1042,20220921,5,2,4,10,0.10502376323274591,0,0,0,0,0,0,0,0.0,0.0,0.0,0.0,0.0,0.0,0.0
1042,20220922,4,1,4,10,0.15113959252765855,0,0,0,0,0,0,0,0.0,0.0,0.0,0.0,0.0,0.0,0.0
1043,20220915,20,4,7,317,0.2534670092141109,0,3,0,0,0,0,0,0.0,0.15,0.0,0.0,0.0,0.0,0.0
1043,20220916,45,13,15,212,0.24215245001107916,0,3,0,0,0,0,0,0.0,0.0667,0.0,0.0,0.0,0.0,0.0
1043,20220917,29,10,12,187,0.3305283732979092,0,7,0,0,0,0,0,0.0,0.2414,0.0,0.0,0.0,0.0,0.0
1043,20220918,32,10,12,436,0.40028422600094044,0,8,0,0,0,0,0,0.0,0.25,0.0,0.0,0.0,0.0,0.0
1043,20220919,48,12,17,752,0.3889880460734298,2,14,0,0,0,0,0,0.0417,0.2917,0.0,0.0,0.0,0.0,0.0
1043,20220920,32,9,12,328,0.7491996275027835,0,21,0,0,0,0,0,0.0,0.6562,0.0,0.0,0.0,0.0,0.0
1043,20220921,20,7,7,127,0.4133523212341629,0,6,0,0,0,0,0,0.0,0.3,0.0,0.0,0.0,0.0,0.0
1043,20220922,36,10,12,441,0.7358390372459389,0,24,0,0,0,0,0,0.0,0.6667,0.0,0.0,0.0,0.0,0.0
1044,20220915,5,2,2,11,0.15353682252959422,0,0,0,0,0,0,0,0.0,0.0,0.0,0.0,0.0,0.0,0.0
1044,20220916,98,11,27,526,0.26904417764987215,0,15,0,0,0,0,0,0.0,0.1531,0.0,0.0,0.0,0.0,0.0
1044,20220917,45,8,16,143,0.19994744796066616,0,4,0,0,0,0,0,0.0,0.0889,0.0,0.0,0.0,0.0,0.0
1044,20220918,24,5,8,144,0.2987438086589007,0,3,0,0,0,0,0,0.0,0.125,0.0,0.0,0.0,0.0,0.0
1044,20220919,30,5,10,141,0.2555675371172092,0,3,0,0,0,0,0,0.0,0.1,0.0,0.0,0.0,0.0,0.0
1044,20220920,18,3,6,57,0.18649910092561753,0,3,0,0,0,0,0,0.0,0.1667,0.0,0.0,0.0,0.0,0.0
1044,20220921,17,6,6,62,0.18835354784672803,0,3,0,0,0,0,0,0.0,0.1765,0.0,0.0,0.0,0.0,0.0
1044,20220922,3,1,1,36,0.7659900421294523,0,3,0,0,0,0,0,0.0,1.0,0.0,0.0,0.0,0.0,0.0
1045,20220916,18,4,8,291,0.843629388082994,0,14,0,0,0,0,0,0.0,0.7778,0.0,0.0,0.0,0.0,0.0
1045,20220917,23,4,12,314,0.6154016086532218,2,16,0,0,2,0,0,0.087,0.6957,0.0,0.0,0.087,0.0,0.0
1045,20220918,18,5,7,385,0.9523809523809523,0,15,0,0,2,0,0,0.0,0.8333,0.0,0.0,0.1111,0.0,0.0
1045,20220919,15,3,5,216,1.0,0,12,0,0,0,0,0,0.0,0.8,0.0,0.0,0.0,0.0,0.0
1045,20220920,19,4,8,367,0.49920930429309346,0,8,0,0,0,0,0,0.0,0.4211,0.0,0.0,0.0,0.0,0.0
1045,20220921,11,4,5,101,0.5918668446900026,0,5,0,0,0,0,0,0.0,0.4545,0.0,0.0,0.0,0.0,0.0
1045,20220922,11,3,4,187,0.815631203501352,0,8,0,0,0,0,0,0.0,0.7273,0.0,0.0,0.0,0.0,0.0
1051,20220915,6,1,2,63,0.3756708407871199,0,3,0,0,0,0,0,0.0,0.5,0.0,0.0,0.0,0.0,0.0
1051,20220916,119,19,38,2459,0.5362657102480055,5,73,0,0,0,0,0,0.042,0.6134,0.0,0.0,0.0,0.0,0.0
1051,20220917,78,17,29,1843,0.6572737475689711,3,52,1,0,0,0,0,0.0385,0.6667,0.0128,0.0,0.0,0.0,0.0
1051,20220918,104,18,38,1613,0.5409417250785691,3,61,0,0,0,0,0,0.0288,0.5865,0.0,0.0,0.0,0.0,0.0
1051,20220919,28,6,10,497,0.7441251971374774,0,19,0,0,0,0,0,0.0,0.6786,0.0,0.0,0.0,0.0,0.0
1051,20220920,42,12,16,730,0.7507100638056797,0,31,0,0,0,0,0,0.0,0.7381,0.0,0.0,0.0,0.0,0.0
1051,20220921,109,10,38,1018,0.5407642242098597,0,53,0,0,0,0,3,0.0,0.4862,0.0,0.0,0.0,0.0,0.0275
1051,20220922,81,10,29,757,0.6170097976095676,0,45,0,0,0,0,0,0.0,0.5556,0.0,0.0,0.0,0.0,0.0
1052,20220916,9,2,3,45,0.1953912562048402,0,3,0,0,0,0,0,0.0,0.3333,0.0,0.0,0.0,0.0,0.0
1052,20220917,3,1,1,60,1.0,0,3,0,0,0,0,0,0.0,1.0,0.0,0.0,0.0,0.0,0.0
1052,20220919,6,2,2,27,0.16471640957907338,0,0,0,0,0,0,0,0.0,0.0,0.0,0.0,0.0,0.0,0.0
1053,20220916,6,1,2,192,0.5167319211591875,0,3,0,0,0,0,0,0.0,0.5,0.0,0.0,0.0,0.0,0.0
1053,20220917,7,2,3,35,0.7020678567623826,0,2,0,0,0,0,0,0.0,0.2857,0.0,0.0,0.0,0.0,0.0
1053,20220920,9,2,4,31,0.3744729491768144,0,0,0,0,0,0,0,0.0,0.0,0.0,0.0,0.0,0.0,0.0
1053,20220921,14,3,5,156,0.49968889971873537,0,14,0,0,0,0,0,0.0,1.0,0.0,0.0,0.0,0.0,0.0
1054,20220915,16,3,7,421,0.1457737208736343,0,6,0,0,0,0,0,0.0,0.375,0.0,0.0,0.0,0.0,0.0
1054,20220916,117,15,47,2148,0.2428042227950269,0,57,0,0,0,0,0,0.0,0.4872,0.0,0.0,0.0,0.0,0.0
1054,20220917,61,10,22,590,0.30610134376833303,3,16,0,3,0,0,0,0.0492,0.2623,0.0,0.0492,0.0,0.0,0.0
1054,20220918,68,14,25,951,0.3240446428399225,2,24,0,2,0,0,0,0.0294,0.3529,0.0,0.0294,0.0,0.0,0.0
1054,20220919,40,10,15,479,0.2462914776598689,2,6,0,0,0,0,0,0.05,0.15,0.0,0.0,0.0,0.0,0.0
1054,20220920,46,11,17,1067,0.42846894750479236,0,23,0,0,0,0,0,0.0,0.5,0.0,0.0,0.0,0.0,0.0
1054,20220921,63,17,21,1331,0.32253117430635625,0,24,0,0,0,0,0,0.0,0.381,0.0,0.0,0.0,0.0,0.0
1054,20220922,25,9,10,1753,0.44418928149517894,3,18,0,0,0,0,0,0.12,0.72,0.0,0.0,0.0,0.0,0.0
1055,20220916,22,7,8,614,1.0,0,19,0,0,0,0,0,0.0,0.8636,0.0,0.0,0.0,0.0,0.0
1055,20220917,7,3,3,128,0.8246439468895196,0,6,0,0,0,0,0,0.0,0.8571,0.0,0.0,0.0,0.0,0.0
1055,20220918,17,6,7,350,0.5315159863104573,0,14,0,0,0,0,0,0.0,0.8235,0.0,0.0,0.0,0.0,0.0
1055,20220919,4,2,2,81,1.0,0,3,0,0,0,0,0,0.0,0.75,0.0,0.0,0.0,0.0,0.0
1055,20220920,22,5,8,756,0.9802953130627156,3,22,0,0,0,0,0,0.1364,1.0,0.0,0.0,0.0,0.0,0.0
1055,20220921,3,2,2,18,0.1657767654898049,0,0,0,0,0,0,0,0.0,0.0,0.0,0.0,0.0,0.0,0.0
1055,20220922,18,5,8,369,0.6405418064414693,2,11,0,0,0,0,0,0.1111,0.6111,0.0,0.0,0.0,0.0,0.0
1056,20220915,14,6,4,454,0.615307824987087,0,14,0,0,0,0,0,0.0,1.0,0.0,0.0,0.0,0.0,0.0
1056,20220916,213,44,74,3984,0.7236138388358597,8,156,0,3,2,0,0,0.0376,0.7324,0.0,0.0141,0.0094,0.0,0.0
1056,20220917,165,42,64,3630,0.6907291942205012,9,110,0,0,7,0,0,0.0545,0.6667,0.0,0.0,0.0424,0.0,0.0
1056,20220918,142,48,51,2297,0.6490091899805414,2,98,0,0,0,0,0,0.0141,0.6901,0.0,0.0,0.0,0.0,0.0
1056,20220919,100,28,36,2118,0.7584987142794083,3,79,0,0,3,0,0,0.03,0.79,0.0,0.0,0.03,0.0,0.0
1056,20220920,95,23,36,1887,0.6846963715552514,3,61,0,0,2,0,0,0.0316,0.6421,0.0,0.0,0.0211,0.0,0.0
1056,20220921,128,18,47,1919,0.6748030337175371,1,78,0,0,1,0,0,0.0078,0.6094,0.0,0.0,0.0078,0.0,0.0
1056,20220922,56,17,25,797,0.6343819259114818,0,39,0,0,1,0,0,0.0,0.6964,0.0,0.0,0.0179,0.0,0.0
1057,20220915,6,2,1,291,0.6595744024164658,0,6,0,0,0,0,0,0.0,1.0,0.0,0.0,0.0,0.0,0.0
1057,20220916,19,8,8,282,0.3027102658802955,0,11,0,0,0,0,0,0.0,0.5789,0.0,0.0,0.0,0.0,0.0
1057,20220917,44,11,14,2758,0.7078944287257606,3,35,0,0,0,0,0,0.0682,0.7955,0.0,0.0,0.0,0.0,0.0
1057,20220918,74,17,21,2387,0.5435695308359819,0,43,0,0,0,0,0,0.0,0.5811,0.0,0.0,0.0,0.0,0.0
1057,20220919,56,14,17,2037,0.7690869251569348,0,37,0,0,0,0,0,0.0,0.6607,0.0,0.0,0.0,0.0,0.0
1057,20220920,87,15,26,2274,0.5990868405086421,0,49,0,0,0,0,0,0.0,0.5632,0.0,0.0,0.0,0.0,0.0
1057,20220921,48,9,16,3804,0.5349994768286116,0,37,0,0,0,0,0,0.0,0.7708,0.0,0.0,0.0,0.0,0.0
1057,20220922,85,16,27,1429,0.6703376922030857,0,51,0,0,0,3,0,0.0,0.6,0.0,0.0,0.0,0.0353,0.0
1058,20220916,4,2,2,169,1.0,0,4,0,0,0,0,0,0.0,1.0,0.0,0.0,0.0,0.0,0.0
1058,20220917,1,1,1,3,0.021757577076216797,0,0,0,0,0,0,0,0.0,0.0,0.0,0.0,0.0,0.0,0.0
1058,20220918,13,2,5,114,0.7580632816216822,0,7,0,0,0,0,0,0.0,0.5385,0.0,0.0,0.0,0.0,0.0
1058,20220919,3,1,1,0,0.0,0,0,0,0,0,0,0,0.0,0.0,0.0,0.0,0.0,0.0,0.0
1058,20220922,12,2,4,306,0.8448542033894398,0,10,0,0,0,0,0,0.0,0.8333,0.0,0.0,0.0,0.0,0.0
1059,20220916,21,5,9,449,0.8327148727874875,0,18,0,0,0,0,0,0.0,0.8571,0.0,0.0,0.0,0.0,0.0
1059,20220917,8,3,3,73,0.4585207069483273,0,3,0,0,0,0,0,0.0,0.375,0.0,0.0,0.0,0.0,0.0
1059,20220918,15,3,5,333,0.5422890252750148,0,9,0,0,0,0,0,0.0,0.6,0.0,0.0,0.0,0.0,0.0
1059,20220919,9,3,4,674,0.8089098173837739,0,7,0,0,0,0,0,0.0,0.7778,0.0,0.0,0.0,0.0,0.0
1059,20220920,15,4,6,75,0.07099387658908687,0,4,0,0,0,0,0,0.0,0.2667,0.0,0.0,0.0,0.0,0.0
1059,20220921,12,4,4,213,0.6370254505313183,0,9,0,0,0,0,0,0.0,0.75,0.0,0.0,0.0,0.0,0.0
1059,20220922,3,1,1,48,1.0,0,3,0,0,0,0,0,0.0,1.0,0.0,0.0,0.0,0.0,0.0
1060,20220915,2,1,1,6,0.08130081300813008,0,0,0,0,0,0,0,0.0,0.0,0.0,0.0,0.0,0.0,0.0
1060,20220916,31,2,16,1300,0.8783110411749279,0,29,0,0,0,0,0,0.0,0.9355,0.0,0.0,0.0,0.0,0.0
1060,20220917,42,4,21,1394,0.8384307652600337,2,38,0,2,0,0,0,0.0476,0.9048,0.0,0.0476,0.0,0.0,0.0
1060,20220918,25,2,12,724,0.7779945799457993,0,21,0,0,0,0,0,0.0,0.84,0.0,0.0,0.0,0.0,0.0
1060,20220919,22,1,11,494,0.5530918945553093,0,16,0,0,0,0,0,0.0,0.7273,0.0,0.0,0.0,0.0,0.0
1060,20220920,14,1,7,492,0.7572590011614402,0,12,0,0,0,0,0,0.0,0.8571,0.0,0.0,0.0,0.0,0.0
1060,20220921,24,1,12,608,0.5679765130984643,0,14,0,0,0,0,0,0.0,0.5833,0.0,0.0,0.0,0.0,0.0
1060,20220922,14,1,7,334,0.6024003097173829,0,8,0,0,0,0,0,0.0,0.5714,0.0,0.0,0.0,0.0,0.0
1061,20220917,2,1,1,20,0.12749735442989557,0,2,0,0,0,0,0,0.0,1.0,0.0,0.0,0.0,0.0,0.0
1061,20220918,4,1,2,238,0.5063748677214948,0,2,0,0,0,0,0,0.0,0.5,0.0,0.0,0.0,0.0,0.0
1062,20220916,1,1,1,17,1.0,0,1,0,0,0,0,0,0.0,1.0,0.0,0.0,0.0,0.0,0.0
1062,20220917,3,1,2,33,1.0,0,3,0,0,0,0,0,0.0,1.0,0.0,0.0,0.0,0.0,0.0
1062,20220918,4,2,2,55,0.7659918121921576,0,3,0,0,0,0,0,0.0,0.75,0.0,0.0,0.0,0.0,0.0
1062,20220920,7,2,3,44,0.37829075736706025,0,3,0,0,0,0,0,0.0,0.4286,0.0,0.0,0.0,0.0,0.0
1062,20220922,1,1,1,2,0.12793449753726094,0,0,0,0,0,0,0,0.0,0.0,0.0,0.0,0.0,0.0,0.0
1063,20220916,8,3,3,152,1.0,0,8,0,0,0,0,0,0.0,1.0,0.0,0.0,0.0,0.0,0.0
1063,20220917,2,1,1,6,0.10742292405199269,0,0,0,0,0,0,0,0.0,0.0,0.0,0.0,0.0,0.0,0.0
1063,20220918,8,2,3,117,0.7768557310129982,0,6,0,0,0,0,0,0.0,0.75,0.0,0.0,0.0,0.0,0.0
1063,20220920,3,1,1,33,0.9482758620689656,0,3,0,0,0,0,0,0.0,1.0,0.0,0.0,0.0,0.0,0.0
1063,20220922,3,1,1,48,1.0,0,3,0,0,0,0,0,0.0,1.0,0.0,0.0,0.0,0.0,0.0
1064,20220915,3,1,1,90,1.0,0,3,0,0,0,0,0,0.0,1.0,0.0,0.0,0.0,0.0,0.0
1064,20220916,10,3,5,162,0.9391100702576113,0,7,0,0,0,0,0,0.0,0.7,0.0,0.0,0.0,0.0,0.0
1064,20220917,29,4,12,894,0.6299000019492798,6,20,0,3,0,0,0,0.2069,0.6897,0.0,0.1034,0.0,0.0,0.0
1064,20220918,20,3,8,630,0.5240565716158807,0,10,0,0,0,0,0,0.0,0.5,0.0,0.0,0.0,0.0,0.0
1064,20220919,10,5,5,163,0.576475931094263,0,5,0,0,0,0,0,0.0,0.5,0.0,0.0,0.0,0.0,0.0
1064,20220920,37,8,14,795,0.49652778498890415,1,23,0,0,0,0,0,0.027,0.6216,0.0,0.0,0.0,0.0,0.0
1064,20220921,12,4,5,485,0.6309248250531837,0,7,0,0,0,0,0,0.0,0.5833,0.0,0.0,0.0,0.0,0.0
1064,20220922,8,4,4,137,0.5839563955380769,0,3,0,0,0,0,0,0.0,0.375,0.0,0.0,0.0,0.0,0.0
1065,20220916,6,3,4,74,0.521823472356935,0,6,0,0,0,0,0,0.0,1.0,0.0,0.0,0.0,0.0,0.0
1065,20220917,8,3,4,121,0.9816401251244135,0,7,0,0,0,0,0,0.0,0.875,0.0,0.0,0.0,0.0,0.0
1065,20220918,26,4,12,346,0.478382348205869,3,17,0,0,0,0,0,0.1154,0.6538,0.0,0.0,0.0,0.0,0.0
1065,20220919,4,2,2,36,0.271823472356935,0,1,0,0,0,0,0,0.0,0.25,0.0,0.0,0.0,0.0,0.0
1065,20220920,15,4,5,155,0.49201593604014593,5,10,0,0,0,0,0,0.3333,0.6667,0.0,0.0,0.0,0.0,0.0
1065,20220921,6,2,2,66,1.0,0,3,0,0,0,0,0,0.0,0.5,0.0,0.0,0.0,0.0,0.0
1065,20220922,8,2,3,58,1.0,0,5,0,0,0,0,0,0.0,0.625,0.0,0.0,0.0,0.0,0.0
1066,20220915,3,1,1,6,0.006952507421801673,0,0,0,0,0,0,0,0.0,0.0,0.0,0.0,0.0,0.0,0.0
1066,20220916,51,14,18,1481,0.2967918445312461,1,33,0,0,0,0,0,0.0196,0.6471,0.0,0.0,0.0,0.0,0.0
1066,20220917,71,13,25,7886,0.44137117020536715,2,39,0,0,0,0,0,0.0282,0.5493,0.0,0.0,0.0,0.0,0.0
1066,20220918,35,9,13,285,0.2585223022560599,0,14,3,0,0,0,0,0.0,0.4,0.0857,0.0,0.0,0.0,0.0
1066,20220919,31,10,12,3016,0.5506772541549348,0,25,0,0,0,0,0,0.0,0.8065,0.0,0.0,0.0,0.0,0.0
1066,20220920,38,10,16,2417,0.5225351210643708,3,26,0,0,0,0,0,0.0789,0.6842,0.0,0.0,0.0,0.0,0.0
1066,20220921,37,10,15,2612,0.4450503488596142,0,22,0,0,0,0,0,0.0,0.5946,0.0,0.0,0.0,0.0,0.0
1066,20220922,31,10,11,2851,0.37976064635531764,2,20,0,0,2,0,0,0.0645,0.6452,0.0,0.0,0.0645,0.0,0.0
1069,20220916,28,4,9,753,0.722544267783138,0,28,0,0,0,0,0,0.0,1.0,0.0,0.0,0.0,0.0,0.0
1069,20220917,30,5,11,639,0.7145785466920445,0,27,0,0,0,0,0,0.0,0.9,0.0,0.0,0.0,0.0,0.0
1069,20220918,22,4,8,356,0.5503488142218633,0,10,0,0,0,0,0,0.0,0.4545,0.0,0.0,0.0,0.0,0.0
1069,20220920,4,2,2,19,0.4000900540324195,0,1,0,0,0,0,0,0.0,0.25,0.0,0.0,0.0,0.0,0.0
1069,20220921,12,2,4,249,0.9315070269148991,0,12,0,0,0,0,0,0.0,1.0,0.0,0.0,0.0,0.0,0.0
1069,20220922,6,1,2,39,0.5145254492202961,0,0,0,0,0,0,0,0.0,0.0,0.0,0.0,0.0,0.0,0.0
1070,20220915,1,1,1,2,0.023432923257176334,0,1,0,0,0,0,0,0.0,1.0,0.0,0.0,0.0,0.0,0.0
1070,20220916,14,2,6,323,0.7892344547660891,0,10,0,0,0,0,0,0.0,0.7143,0.0,0.0,0.0,0.0,0.0
1070,20220917,19,2,7,567,0.90302527973477,2,17,0,0,2,0,0,0.1053,0.8947,0.0,0.0,0.1053,0.0,0.0
1070,20220918,12,1,4,294,0.8492063492063492,0,12,0,0,0,0,0,0.0,1.0,0.0,0.0,0.0,0.0,0.0
1070,20220919,9,1,3,75,0.38293650793650796,0,3,0,0,0,0,0,0.0,0.3333,0.0,0.0,0.0,0.0,0.0
1070,20220920,6,1,2,75,0.5496031746031745,0,3,0,0,0,0,0,0.0,0.5,0.0,0.0,0.0,0.0,0.0
1070,20220922,8,3,3,153,0.6271274604079617,0,5,0,0,0,0,0,0.0,0.625,0.0,0.0,0.0,0.0,0.0
1071,20220916,8,2,3,115,0.8477722772277227,0,5,0,0,0,0,0,0.0,0.625,0.0,0.0,0.0,0.0,0.0
1071,20220917,15,4,7,337,0.7125859926979975,0,12,0,0,0,0,0,0.0,0.8,0.0,0.0,0.0,0.0,0.0
1071,20220918,15,2,5,162,0.44132653061224486,0,6,0,0,0,0,0,0.0,0.4,0.0,0.0,0.0,0.0,0.0
1071,20220919,9,2,3,63,0.599009900990099,0,3,0,0,0,0,0,0.0,0.3333,0.0,0.0,0.0,0.0,0.0
1071,20220922,2,1,1,12,0.38136401194940567,0,0,0,0,0,0,0,0.0,0.0,0.0,0.0,0.0,0.0,0.0
1073,20220916,19,3,7,323,0.571928239828522,3,9,0,0,0,0,0,0.1579,0.4737,0.0,0.0,0.0,0.0,0.0
1073,20220917,9,3,3,246,0.9912892928637126,0,9,0,0,0,0,0,0.0,1.0,0.0,0.0,0.0,0.0,0.0
1073,20220918,23,3,8,159,0.46123125676588855,0,9,0,0,0,0,0,0.0,0.3913,0.0,0.0,0.0,0.0,0.0
1073,20220919,27,4,9,237,0.5239293488765776,0,15,0,0,0,0,0,0.0,0.5556,0.0,0.0,0.0,0.0,0.0
1073,20220920,12,2,4,81,0.48704363959531977,0,6,0,0,0,0,0,0.0,0.5,0.0,0.0,0.0,0.0,0.0
1073,20220921,7,3,3,236,0.9832630469161835,0,7,0,0,0,0,0,0.0,1.0,0.0,0.0,0.0,0.0,0.0
1073,20220922,20,5,7,102,0.33275705535393174,0,12,0,0,0,0,0,0.0,0.6,0.0,0.0,0.0,0.0,0.0
1074,20220916,9,1,3,945,0.8873121798641473,0,9,0,0,0,0,0,0.0,1.0,0.0,0.0,0.0,0.0,0.0
1074,20220917,37,7,14,1188,0.8487757006270473,0,31,0,0,0,0,0,0.0,0.8378,0.0,0.0,0.0,0.0,0.0
1074,20220918,15,4,6,278,0.8918813975743719,0,15,0,2,0,0,0,0.0,1.0,0.0,0.1333,0.0,0.0,0.0
1074,20220919,18,5,7,258,0.6142186903221882,0,15,0,0,0,0,0,0.0,0.8333,0.0,0.0,0.0,0.0,0.0
1074,20220920,12,2,4,312,0.33994885764950794,0,6,0,0,0,0,0,0.0,0.5,0.0,0.0,0.0,0.0,0.0
1074,20220921,2,1,1,12,0.2196514863083907,0,0,0,0,0,0,0,0.0,0.0,0.0,0.0,0.0,0.0,0.0
1074,20220922,17,3,6,497,0.23265813956357498,0,11,0,0,0,0,0,0.0,0.6471,0.0,0.0,0.0,0.0,0.0
1075,20220915,13,4,3,200,0.4960815727690267,3,9,0,0,0,0,0,0.2308,0.6923,0.0,0.0,0.0,0.0,0.0
1075,20220916,174,9,60,4197,0.7967400492577579,3,145,0,0,0,3,0,0.0172,0.8333,0.0,0.0,0.0,0.0172,0.0
1075,20220917,212,14,71,4637,0.7147581174257507,0,156,0,0,0,0,0,0.0,0.7358,0.0,0.0,0.0,0.0,0.0
1075,20220918,126,12,42,3355,0.7917017906943976,3,103,0,0,0,0,0,0.0238,0.8175,0.0,0.0,0.0,0.0,0.0
1075,20220919,86,16,26,1295,0.6029667433426812,0,62,0,0,0,0,0,0.0,0.7209,0.0,0.0,0.0,0.0,0.0
1075,20220920,115,12,40,2945,0.7029365214155285,0,81,0,0,0,0,0,0.0,0.7043,0.0,0.0,0.0,0.0,0.0
1075,20220921,67,13,24,1196,0.6323991650545611,0,42,0,2,2,0,0,0.0,0.6269,0.0,0.0299,0.0299,0.0,0.0
1075,20220922,40,10,14,896,0.5547782735421396,0,27,0,0,0,0,0,0.0,0.675,0.0,0.0,0.0,0.0,0.0
1100,20220916,166,30,46,5724,0.5477495645701076,0,88,0,0,0,3,0,0.0,0.5301,0.0,0.0,0.0,0.0181,0.0
1100,20220917,163,26,52,5664,0.45942324019797925,0,87,0,0,0,0,0,0.0,0.5337,0.0,0.0,0.0,0.0,0.0
1100,20220918,169,29,49,7520,0.423654072966715,0,106,0,0,0,0,0,0.0,0.6272,0.0,0.0,0.0,0.0,0.0
1100,20220919,128,29,41,3385,0.5068518310284387,3,80,0,0,0,0,0,0.0234,0.625,0.0,0.0,0.0,0.0,0.0
1100,20220920,106,23,33,4056,0.4526643865898514,3,55,4,0,3,0,0,0.0283,0.5189,0.0377,0.0,0.0283,0.0,0.0
1100,20220921,76,17,24,4118,0.5894036005704875,0,59,0,0,0,0,0,0.0,0.7763,0.0,0.0,0.0,0.0,0.0
1100,20220922,41,11,13,2387,0.41938984870615964,0,20,0,0,0,0,0,0.0,0.4878,0.0,0.0,0.0,0.0,0.0
1101,20220916,19,4,6,1880,0.6129393969518433,0,16,0,0,0,0,0,0.0,0.8421,0.0,0.0,0.0,0.0,0.0
1101,20220917,33,8,13,3817,0.6294008375388183,0,27,0,0,0,0,0,0.0,0.8182,0.0,0.0,0.0,0.0,0.0
1101,20220918,39,5,13,3210,0.3482983731521119,0,27,0,0,0,0,0,0.0,0.6923,0.0,0.0,0.0,0.0,0.0
1101,20220919,24,2,8,3624,0.5415820749083207,0,15,0,0,0,0,0,0.0,0.625,0.0,0.0,0.0,0.0,0.0
1101,20220920,11,3,5,119,0.28220174060890246,0,3,0,0,0,0,0,0.0,0.2727,0.0,0.0,0.0,0.0,0.0
1101,20220921,27,7,12,700,0.2505951082124308,0,13,0,0,0,0,0,0.0,0.4815,0.0,0.0,0.0,0.0,0.0
1101,20220922,26,4,11,1730,0.3895284493875323,0,8,0,0,0,0,0,0.0,0.3077,0.0,0.0,0.0,0.0,0.0
1102,20220916,46,15,17,2246,0.44987864060857924,0,23,0,0,0,0,0,0.0,0.5,0.0,0.0,0.0,0.0,0.0
1102,20220917,35,12,15,2623,0.5485497858725161,0,23,0,0,0,3,0,0.0,0.6571,0.0,0.0,0.0,0.0857,0.0
1102,20220918,39,10,14,2606,0.46399130211064904,0,25,0,0,0,0,0,0.0,0.641,0.0,0.0,0.0,0.0,0.0
1102,20220919,46,15,17,2007,0.4200561923941654,0,22,0,0,0,0,0,0.0,0.4783,0.0,0.0,0.0,0.0,0.0
1102,20220920,68,22,27,3330,0.4282197198279541,0,36,0,0,0,0,0,0.0,0.5294,0.0,0.0,0.0,0.0,0.0
1102,20220921,42,14,16,1911,0.4378578047275081,0,15,0,0,0,0,0,0.0,0.3571,0.0,0.0,0.0,0.0,0.0
1102,20220922,29,6,7,742,0.45346064388641805,0,11,0,0,0,0,0,0.0,0.3793,0.0,0.0,0.0,0.0,0.0
1105,20220917,3,1,1,18,0.019773722699904097,0,0,0,0,0,0,0,0.0,0.0,0.0,0.0,0.0,0.0,0.0
1106,20220916,11,2,3,654,0.7517641342009634,0,5,0,0,0,0,0,0.0,0.4545,0.0,0.0,0.0,0.0,0.0
1106,20220917,5,2,2,71,0.24365606293976735,0,3,0,0,0,0,0,0.0,0.6,0.0,0.0,0.0,0.0,0.0
1106,20220918,29,6,12,621,0.45009027151353065,5,20,0,0,0,0,0,0.1724,0.6897,0.0,0.0,0.0,0.0,0.0
1106,20220919,6,2,2,60,0.3649609466501422,0,6,0,0,0,0,0,0.0,1.0,0.0,0.0,0.0,0.0,0.0
1106,20220920,3,1,1,42,1.0,0,3,0,0,0,0,0,0.0,1.0,0.0,0.0,0.0,0.0,0.0
1106,20220921,3,1,1,9,0.056675419870402206,0,0,0,0,0,0,0,0.0,0.0,0.0,0.0,0.0,0.0,0.0
1106,20220922,21,2,7,552,0.8550438325719224,0,18,0,0,0,0,0,0.0,0.8571,0.0,0.0,0.0,0.0,0.0
1114,20220916,17,4,6,555,0.822611837872718,0,14,0,0,0,0,0,0.0,0.8235,0.0,0.0,0.0,0.0,0.0
1114,20220917,7,2,3,201,0.7765486610872149,0,5,0,0,0,0,0,0.0,0.7143,0.0,0.0,0.0,0.0,0.0
1114,20220918,19,5,7,295,0.5964327967004805,0,11,0,0,0,0,0,0.0,0.5789,0.0,0.0,0.0,0.0,0.0
1114,20220919,15,4,6,265,0.6418462407433622,0,9,0,0,0,0,0,0.0,0.6,0.0,0.0,0.0,0.0,0.0
1114,20220920,15,2,5,159,0.6828251490746062,0,9,0,0,0,0,0,0.0,0.6,0.0,0.0,0.0,0.0,0.0
1114,20220921,19,4,8,312,0.7974381430819698,0,14,0,0,0,0,0,0.0,0.7368,0.0,0.0,0.0,0.0,0.0
1114,20220922,8,2,3,100,0.7036938275172554,0,3,0,0,0,0,0,0.0,0.375,0.0,0.0,0.0,0.0,0.0
1121,20220915,2,1,1,56,1.0,0,2,0,0,0,0,0,0.0,1.0,0.0,0.0,0.0,0.0,0.0
1121,20220916,37,8,15,1095,0.6214041264837687,0,26,0,0,0,3,0,0.0,0.7027,0.0,0.0,0.0,0.0811,0.0
1121,20220917,70,13,28,2231,0.6733280807521297,0,45,0,0,0,0,0,0.0,0.6429,0.0,0.0,0.0,0.0,0.0
1121,20220918,53,12,21,1348,0.6149441578178608,6,36,0,0,0,0,0,0.1132,0.6792,0.0,0.0,0.0,0.0,0.0
1121,20220919,28,8,11,535,0.5134108315226461,0,15,0,0,3,0,0,0.0,0.5357,0.0,0.0,0.1071,0.0,0.0
1121,20220920,12,3,4,243,0.7713986133698536,0,9,0,0,0,0,0,0.0,0.75,0.0,0.0,0.0,0.0,0.0
1121,20220921,4,2,2,88,0.6192890373374687,0,2,0,0,0,0,0,0.0,0.5,0.0,0.0,0.0,0.0,0.0
1121,20220922,21,5,8,399,0.6561117857862232,0,14,0,0,0,0,0,0.0,0.6667,0.0,0.0,0.0,0.0,0.0
1122,20220916,9,2,3,93,0.6290883785664579,0,6,0,0,0,0,0,0.0,0.6667,0.0,0.0,0.0,0.0,0.0
1122,20220917,9,3,3,63,0.4838371306113241,0,6,0,0,0,0,0,0.0,0.6667,0.0,0.0,0.0,0.0,0.0
1122,20220918,3,1,1,36,0.06767426122264832,0,3,0,0,0,0,0,0.0,1.0,0.0,0.0,0.0,0.0,0.0
1122,20220919,9,3,3,99,1.0,0,6,0,0,0,0,0,0.0,0.6667,0.0,0.0,0.0,0.0,0.0
1122,20220920,24,2,8,483,0.04518268618457866,0,15,0,0,0,0,0,0.0,0.625,0.0,0.0,0.0,0.0,0.0
1122,20220921,33,2,11,1992,0.24385738336006865,0,18,0,0,0,0,0,0.0,0.5455,0.0,0.0,0.0,0.0,0.0
1122,20220922,24,4,8,372,0.47377934631309643,0,18,0,0,0,0,0,0.0,0.75,0.0,0.0,0.0,0.0,0.0
1127,20220921,2,1,1,4,0.05805515239477503,0,0,0,0,0,0,0,0.0,0.0,0.0,0.0,0.0,0.0,0.0
1131,20220915,3,1,1,48,1.0,0,3,0,0,0,0,0,0.0,1.0,0.0,0.0,0.0,0.0,0.0
1131,20220916,22,2,6,467,0.7175351372048551,0,15,0,0,0,0,0,0.0,0.6818,0.0,0.0,0.0,0.0,0.0
1131,20220917,14,3,3,117,0.3625310957689301,0,4,0,0,0,0,0,0.0,0.2857,0.0,0.0,0.0,0.0,0.0
1131,20220918,9,2,3,528,0.7231638418079096,0,6,0,0,0,0,0,0.0,0.6667,0.0,0.0,0.0,0.0,0.0
1131,20220919,4,1,1,20,0.2262443438914027,0,0,0,0,0,0,0,0.0,0.0,0.0,0.0,0.0,0.0,0.0
1131,20220920,6,1,2,189,0.6165863516244365,0,3,0,0,0,0,0,0.0,0.5,0.0,0.0,0.0,0.0,0.0
1131,20220921,4,1,1,32,0.36199095022624433,0,4,0,0,0,0,0,0.0,1.0,0.0,0.0,0.0,0.0,0.0
1131,20220922,3,1,1,0,0.0,0,0,0,0,0,0,0,0.0,0.0,0.0,0.0,0.0,0.0,0.0
1132,20220915,1,1,1,9,0.19162798620278498,0,1,0,0,0,0,0,0.0,1.0,0.0,0.0,0.0,0.0,0.0
1132,20220916,25,6,11,308,0.4427213782497986,0,11,0,0,0,0,0,0.0,0.44,0.0,0.0,0.0,0.0,0.0
1132,20220917,18,9,10,398,0.6318466340601977,0,9,0,0,0,0,0,0.0,0.5,0.0,0.0,0.0,0.0,0.0
1132,20220918,7,3,7,17,0.07129175601659099,0,0,0,0,0,0,0,0.0,0.0,0.0,0.0,0.0,0.0,0.0
1132,20220919,10,4,4,104,0.34676904950822013,0,7,0,0,0,0,0,0.0,0.7,0.0,0.0,0.0,0.0,0.0
1132,20220920,15,5,10,310,0.4207874902335634,0,5,0,0,0,0,0,0.0,0.3333,0.0,0.0,0.0,0.0,0.0
1132,20220921,17,7,7,463,0.5036524030976067,0,11,0,0,0,0,0,0.0,0.6471,0.0,0.0,0.0,0.0,0.0
1132,20220922,9,5,5,661,0.5885672729377448,3,5,0,0,0,0,0,0.3333,0.5556,0.0,0.0,0.0,0.0,0.0
1133,20220916,3,1,1,39,1.0,0,3,0,0,0,0,0,0.0,1.0,0.0,0.0,0.0,0.0,0.0
1135,20220918,4,1,2,52,0.9593477262287551,0,4,0,0,0,0,0,0.0,1.0,0.0,0.0,0.0,0.0,0.0
1135,20220919,15,2,5,672,0.2934556926332419,3,6,0,0,0,0,0,0.2,0.4,0.0,0.0,0.0,0.0,0.0
1135,20220920,10,3,4,289,0.40649873924458657,0,4,0,0,0,0,0,0.0,0.4,0.0,0.0,0.0,0.0,0.0
1135,20220921,6,1,2,54,0.022306601762717242,3,3,0,0,0,0,0,0.5,0.5,0.0,0.0,0.0,0.0,0.0
1135,20220922,3,1,1,45,0.037177669604528736,0,3,0,0,0,0,0,0.0,1.0,0.0,0.0,0.0,0.0,0.0
1141,20220916,6,1,2,27,0.13024602026049206,0,0,0,0,0,0,0,0.0,0.0,0.0,0.0,0.0,0.0,0.0
1141,20220918,12,1,4,171,0.40918958031837915,0,6,0,0,0,0,0,0.0,0.5,0.0,0.0,0.0,0.0,0.0
1141,20220919,3,1,1,108,1.0,0,3,0,0,0,0,0,0.0,1.0,0.0,0.0,0.0,0.0,0.0
1142,20220916,9,3,3,201,0.8572398711976937,0,9,0,0,0,0,0,0.0,1.0,0.0,0.0,0.0,0.0,0.0
1142,20220917,21,5,6,237,0.5735928309215707,0,12,0,0,0,0,0,0.0,0.5714,0.0,0.0,0.0,0.0,0.0
1142,20220918,24,6,7,213,0.25592105485950334,0,12,0,0,3,0,0,0.0,0.5,0.0,0.0,0.125,0.0,0.0
1142,20220919,11,4,4,225,0.737622908400897,0,8,0,0,0,0,0,0.0,0.7273,0.0,0.0,0.0,0.0,0.0
1142,20220920,3,1,1,6,0.15852885225110971,0,0,0,0,0,0,0,0.0,0.0,0.0,0.0,0.0,0.0,0.0
1142,20220921,6,2,2,60,0.7176346225593832,0,3,0,0,0,0,0,0.0,0.5,0.0,0.0,0.0,0.0,0.0
1143,20220915,4,1,1,92,0.1689933872152829,0,4,0,0,0,0,0,0.0,1.0,0.0,0.0,0.0,0.0,0.0
1143,20220916,93,14,35,2762,0.6543672679194198,8,71,2,0,0,0,0,0.086,0.7634,0.0215,0.0,0.0,0.0,0.0
1143,20220917,116,20,42,3331,0.6610722411933289,5,83,6,1,3,0,0,0.0431,0.7155,0.0517,0.0086,0.0259,0.0,0.0
1143,20220918,70,17,26,2188,0.5730836467083568,6,50,0,4,3,0,0,0.0857,0.7143,0.0,0.0571,0.0429,0.0,0.0
1143,20220919,39,7,14,1314,0.7125435476330484,3,32,0,0,0,0,0,0.0769,0.8205,0.0,0.0,0.0,0.0,0.0
1143,20220920,47,13,18,2239,0.6826155176215645,0,46,0,0,0,0,0,0.0,0.9787,0.0,0.0,0.0,0.0,0.0
1143,20220921,28,8,13,513,0.4197779655211285,2,14,0,0,2,0,0,0.0714,0.5,0.0,0.0,0.0714,0.0,0.0
1143,20220922,14,7,8,146,0.13004614817320756,0,9,0,0,0,0,0,0.0,0.6429,0.0,0.0,0.0,0.0,0.0
1144,20220915,6,2,2,288,0.5278528961947879,0,6,0,0,0,0,0,0.0,1.0,0.0,0.0,0.0,0.0,0.0
1144,20220916,122,14,44,4139,0.5181366746176691,5,89,0,0,0,0,3,0.041,0.7295,0.0,0.0,0.0,0.0,0.0246
1144,20220917,49,13,19,1019,0.3706106921192764,3,23,0,0,3,0,0,0.0612,0.4694,0.0,0.0,0.0612,0.0,0.0
1144,20220918,94,18,32,4166,0.5166979416349727,2,60,0,0,0,0,0,0.0213,0.6383,0.0,0.0,0.0,0.0,0.0
1144,20220919,57,9,21,2354,0.5663446228660594,3,42,0,4,0,0,0,0.0526,0.7368,0.0,0.0702,0.0,0.0,0.0
1144,20220920,88,13,33,2325,0.38771169978037845,0,48,0,0,0,0,0,0.0,0.5455,0.0,0.0,0.0,0.0,0.0
1144,20220921,41,9,14,1986,0.7828063426245644,0,35,0,0,0,0,0,0.0,0.8537,0.0,0.0,0.0,0.0,0.0
1144,20220922,44,8,17,1068,0.39645557956886757,0,22,0,0,0,0,0,0.0,0.5,0.0,0.0,0.0,0.0,0.0
1145,20220919,9,3,3,90,0.5385969748336742,0,3,0,0,0,0,0,0.0,0.3333,0.0,0.0,0.0,0.0,0.0
1145,20220921,3,1,1,6,0.11310298026352994,0,0,0,0,0,0,0,0.0,0.0,0.0,0.0,0.0,0.0,0.0
1146,20220916,12,2,5,522,0.5825251657595882,0,9,0,0,0,0,0,0.0,0.75,0.0,0.0,0.0,0.0,0.0
1146,20220918,2,1,1,184,0.801631145112664,0,2,0,0,0,0,0,0.0,1.0,0.0,0.0,0.0,0.0,0.0
1146,20220919,11,3,4,165,0.6077261780362383,0,8,0,0,0,0,0,0.0,0.7273,0.0,0.0,0.0,0.0,0.0
1146,20220920,10,2,4,411,0.8644790268894968,0,10,0,0,0,0,0,0.0,1.0,0.0,0.0,0.0,0.0,0.0
1147,20220915,11,4,4,1157,0.4250678609178005,0,6,0,0,0,0,0,0.0,0.5455,0.0,0.0,0.0,0.0,0.0
1147,20220916,153,20,49,4833,0.4427190977445775,0,71,0,0,0,0,0,0.0,0.4641,0.0,0.0,0.0,0.0,0.0
1147,20220917,94,18,40,2445,0.37541647031589104,0,41,0,0,0,0,0,0.0,0.4362,0.0,0.0,0.0,0.0,0.0
1147,20220918,150,22,70,2882,0.6086991919332068,0,86,0,0,1,0,0,0.0,0.5733,0.0,0.0,0.0067,0.0,0.0
1147,20220919,79,18,31,2588,0.533106529076623,0,57,0,0,0,0,0,0.0,0.7215,0.0,0.0,0.0,0.0,0.0
1147,20220920,97,19,33,3649,0.5818674083755598,0,58,0,0,0,0,0,0.0,0.5979,0.0,0.0,0.0,0.0,0.0
1147,20220921,135,16,45,1851,0.43772284218482665,0,60,0,0,0,0,0,0.0,0.4444,0.0,0.0,0.0,0.0,0.0
1147,20220922,125,21,42,3471,0.5671445235579468,0,78,0,0,0,0,0,0.0,0.624,0.0,0.0,0.0,0.0,0.0
1148,20220915,9,2,3,69,0.34404186743578147,0,3,0,0,0,0,0,0.0,0.3333,0.0,0.0,0.0,0.0,0.0
1148,20220916,43,7,16,1024,0.5402599871698549,0,24,0,0,0,0,0,0.0,0.5581,0.0,0.0,0.0,0.0,0.0
1148,20220917,61,8,15,1972,0.4793780840242233,0,31,0,0,0,0,0,0.0,0.5082,0.0,0.0,0.0,0.0,0.0
1148,20220918,66,9,21,1119,0.3107451381287298,3,20,0,0,0,0,0,0.0455,0.303,0.0,0.0,0.0,0.0,0.0
1148,20220919,101,14,32,2361,0.45175972775016626,3,50,0,0,0,0,0,0.0297,0.495,0.0,0.0,0.0,0.0,0.0
1148,20220920,70,11,22,1138,0.49799999365026526,0,42,0,0,0,0,0,0.0,0.6,0.0,0.0,0.0,0.0,0.0
1148,20220921,27,6,8,1218,0.47107093046985854,0,12,0,0,0,0,0,0.0,0.4444,0.0,0.0,0.0,0.0,0.0
1148,20220922,21,4,7,279,0.5639867263900236,0,9,0,0,0,0,0,0.0,0.4286,0.0,0.0,0.0,0.0,0.0
1150,20220915,3,1,1,21,0.14227642276422764,0,0,0,0,0,0,0,0.0,0.0,0.0,0.0,0.0,0.0,0.0
1150,20220916,6,1,2,69,0.698242252031983,0,3,0,0,0,0,0,0.0,0.5,0.0,0.0,0.0,0.0,0.0
1150,20220917,9,2,3,381,1.0,3,9,0,0,0,0,0,0.3333,1.0,0.0,0.0,0.0,0.0,0.0
1150,20220918,9,1,3,111,0.4434679177955462,0,3,0,0,0,0,0,0.0,0.3333,0.0,0.0,0.0,0.0,0.0
1150,20220919,3,1,1,0,0.0,0,0,0,0,0,0,0,0.0,0.0,0.0,0.0,0.0,0.0,0.0
1150,20220921,3,1,1,51,1.0,0,3,0,0,0,0,0,0.0,1.0,0.0,0.0,0.0,0.0,0.0
1150,20220922,3,1,1,15,0.33040375338663847,0,0,0,0,0,0,0,0.0,0.0,0.0,0.0,0.0,0.0,0.0
1152,20220916,83,19,22,2131,0.48964482537158327,0,54,0,0,0,0,0,0.0,0.6506,0.0,0.0,0.0,0.0,0.0
1152,20220917,120,18,34,2883,0.3731366303357014,3,66,0,0,3,0,0,0.025,0.55,0.0,0.0,0.025,0.0,0.0
1152,20220918,84,15,27,2758,0.623620962077149,3,65,0,3,0,0,0,0.0357,0.7738,0.0,0.0357,0.0,0.0,0.0
1152,20220919,39,12,12,706,0.41161179180841223,0,28,0,0,0,0,0,0.0,0.7179,0.0,0.0,0.0,0.0,0.0
1152,20220920,55,14,18,1648,0.40139833000767333,0,24,0,0,0,0,0,0.0,0.4364,0.0,0.0,0.0,0.0,0.0
1152,20220921,46,11,15,1540,0.4192592756727003,0,28,0,0,0,0,0,0.0,0.6087,0.0,0.0,0.0,0.0,0.0
1152,20220922,27,6,9,825,0.3832882708168941,0,15,0,0,3,0,0,0.0,0.5556,0.0,0.0,0.1111,0.0,0.0
1153,20220916,9,3,4,141,0.4764846953719976,0,6,0,0,0,0,0,0.0,0.6667,0.0,0.0,0.0,0.0,0.0
1153,20220917,10,2,3,357,0.5716079575086457,0,7,0,0,0,0,0,0.0,0.7,0.0,0.0,0.0,0.0,0.0
1153,20220918,3,1,1,6,0.10245376773730853,0,0,0,0,0,0,0,0.0,0.0,0.0,0.0,0.0,0.0,0.0
1153,20220919,8,1,1,12,0.0516795865633075,0,0,0,0,0,0,0,0.0,0.0,0.0,0.0,0.0,0.0,0.0
1153,20220920,7,3,3,12,0.035693753552869106,0,0,0,0,0,0,0,0.0,0.0,0.0,0.0,0.0,0.0,0.0
1153,20220921,3,1,1,15,0.09074410163339382,0,0,0,0,0,0,0,0.0,0.0,0.0,0.0,0.0,0.0,0.0
1153,20220922,8,3,3,86,0.17896061055976248,3,4,0,0,0,0,0,0.375,0.5,0.0,0.0,0.0,0.0,0.0
1154,20220916,12,2,4,111,0.7990981041781707,0,9,0,0,0,0,0,0.0,0.75,0.0,0.0,0.0,0.0,0.0
1154,20220917,25,5,8,364,0.6530225797187359,0,13,0,0,0,0,0,0.0,0.52,0.0,0.0,0.0,0.0,0.0
1154,20220918,14,4,6,247,0.6646492361031999,0,10,0,0,0,0,0,0.0,0.7143,0.0,0.0,0.0,0.0,0.0
1154,20220919,18,3,5,261,0.7716215723715488,0,15,0,0,0,0,0,0.0,0.8333,0.0,0.0,0.0,0.0,0.0
1154,20220920,9,2,3,78,0.5058619093063462,0,3,0,0,0,0,0,0.0,0.3333,0.0,0.0,0.0,0.0,0.0
1154,20220921,3,1,1,18,0.8108108108108109,0,0,0,0,0,0,0,0.0,0.0,0.0,0.0,0.0,0.0,0.0
1155,20220915,2,1,1,36,0.8852604141051493,0,2,0,0,0,0,0,0.0,1.0,0.0,0.0,0.0,0.0,0.0
1155,20220916,15,3,5,324,0.6867544182621502,0,9,0,0,0,0,0,0.0,0.6,0.0,0.0,0.0,0.0,0.0
1155,20220917,44,8,14,318,0.44811115399707424,0,17,0,0,0,0,0,0.0,0.3864,0.0,0.0,0.0,0.0,0.0
1155,20220918,33,6,12,612,0.7021137389821208,0,27,0,0,0,0,0,0.0,0.8182,0.0,0.0,0.0,0.0,0.0
1155,20220919,15,5,6,271,0.7833935951237088,0,12,0,0,0,0,0,0.0,0.8,0.0,0.0,0.0,0.0,0.0
1155,20220920,11,2,4,37,0.3325803668228798,0,0,0,0,0,0,0,0.0,0.0,0.0,0.0,0.0,0.0,0.0
1155,20220921,3,1,1,3,0.1048987726843596,0,0,0,0,0,0,0,0.0,0.0,0.0,0.0,0.0,0.0,0.0
1155,20220922,9,3,3,96,0.7555555555555555,0,6,0,0,0,0,0,0.0,0.6667,0.0,0.0,0.0,0.0,0.0
1156,20220916,9,3,3,222,0.9135802469135803,0,9,0,0,0,0,0,0.0,1.0,0.0,0.0,0.0,0.0,0.0
1156,20220917,10,4,4,256,0.7780369374837423,0,7,0,0,0,1,0,0.0,0.7,0.0,0.0,0.0,0.1,0.0
1156,20220918,21,5,7,482,0.569382682434781,0,11,0,0,0,0,0,0.0,0.5238,0.0,0.0,0.0,0.0,0.0
1156,20220919,8,3,3,423,0.981367092044529,0,5,0,0,0,0,0,0.0,0.625,0.0,0.0,0.0,0.0,0.0
1156,20220920,12,3,4,135,0.7377057478804091,0,9,0,0,0,0,0,0.0,0.75,0.0,0.0,0.0,0.0,0.0
1156,20220921,16,5,6,141,0.628411506783471,0,8,0,0,0,0,0,0.0,0.5,0.0,0.0,0.0,0.0,0.0
1156,20220922,12,3,4,156,0.401817613433369,0,6,0,0,0,0,0,0.0,0.5,0.0,0.0,0.0,0.0,0.0
1157,20220915,9,3,3,345,0.5463203142370118,0,3,0,0,0,0,0,0.0,0.3333,0.0,0.0,0.0,0.0,0.0
1157,20220916,35,10,14,1197,0.277977475908361,0,19,0,0,0,0,0,0.0,0.5429,0.0,0.0,0.0,0.0,0.0
1157,20220917,61,16,22,1794,0.19290934982432617,0,25,0,0,0,0,0,0.0,0.4098,0.0,0.0,0.0,0.0,0.0
1157,20220918,38,12,16,1797,0.3209343985078391,0,26,0,0,0,0,0,0.0,0.6842,0.0,0.0,0.0,0.0,0.0
1157,20220919,26,9,10,1290,0.29493904614812344,0,11,0,0,0,0,0,0.0,0.4231,0.0,0.0,0.0,0.0,0.0
1157,20220920,21,5,9,650,0.17364730545929716,0,10,0,0,0,0,0,0.0,0.4762,0.0,0.0,0.0,0.0,0.0
1157,20220921,56,11,20,1826,0.3865690579493892,0,19,0,0,0,0,0,0.0,0.3393,0.0,0.0,0.0,0.0,0.0
1157,20220922,48,12,16,893,0.21802433172188554,0,18,0,0,0,0,0,0.0,0.375,0.0,0.0,0.0,0.0,0.0
1158,20220915,3,1,1,57,1.0,0,3,0,0,0,0,0,0.0,1.0,0.0,0.0,0.0,0.0,0.0
1158,20220916,19,4,6,337,0.5309527406654403,0,8,0,0,0,0,0,0.0,0.4211,0.0,0.0,0.0,0.0,0.0
1158,20220917,3,1,1,9,0.0835282325425994,0,0,0,0,0,0,0,0.0,0.0,0.0,0.0,0.0,0.0,0.0
1158,20220918,3,1,1,48,0.4454839068938636,0,3,0,0,0,0,0,0.0,1.0,0.0,0.0,0.0,0.0,0.0
1158,20220919,8,2,3,128,0.4588205813564985,0,5,0,0,0,0,0,0.0,0.625,0.0,0.0,0.0,0.0,0.0
1158,20220921,9,2,3,201,0.8043956752162439,0,6,0,0,0,0,0,0.0,0.6667,0.0,0.0,0.0,0.0,0.0
1159,20220915,16,4,6,125,0.08354211735449073,0,9,0,0,0,0,0,0.0,0.5625,0.0,0.0,0.0,0.0,0.0
1159,20220916,50,13,18,1165,0.1943324641531495,0,18,0,3,0,3,0,0.0,0.36,0.0,0.06,0.0,0.06,0.0
1159,20220917,87,21,32,3261,0.19004490416835526,3,38,0,3,0,3,0,0.0345,0.4368,0.0,0.0345,0.0,0.0345,0.0
1159,20220918,65,12,23,1704,0.2126463113667083,0,24,0,0,0,0,0,0.0,0.3692,0.0,0.0,0.0,0.0,0.0
1159,20220919,64,17,22,4345,0.44787966422821024,3,40,0,0,0,0,0,0.0469,0.625,0.0,0.0,0.0,0.0,0.0
1159,20220920,92,20,33,3511,0.24893172037528252,0,37,0,0,0,0,0,0.0,0.4022,0.0,0.0,0.0,0.0,0.0
1159,20220921,48,16,20,1338,0.29555065487363663,6,18,0,3,0,0,0,0.125,0.375,0.0,0.0625,0.0,0.0,0.0
1159,20220922,38,13,15,1320,0.3377411155901608,5,25,0,0,0,0,0,0.1316,0.6579,0.0,0.0,0.0,0.0,0.0
1160,20220915,8,3,3,36,0.5167498218104062,0,3,0,0,0,0,0,0.0,0.375,0.0,0.0,0.0,0.0,0.0
1160,20220916,73,21,34,1505,0.5797498508248161,0,39,0,0,0,0,0,0.0,0.5342,0.0,0.0,0.0,0.0,0.0
1160,20220917,122,22,46,3255,0.6247968157328578,0,65,0,0,0,0,0,0.0,0.5328,0.0,0.0,0.0,0.0,0.0
1160,20220918,120,19,44,1984,0.6452058419965377,0,70,1,0,0,0,0,0.0,0.5833,0.0083,0.0,0.0,0.0,0.0
1160,20220919,54,14,20,1001,0.6214321270614743,0,29,0,0,0,0,0,0.0,0.537,0.0,0.0,0.0,0.0,0.0
1160,20220920,55,19,26,908,0.6454713493266115,0,30,0,0,0,0,0,0.0,0.5455,0.0,0.0,0.0,0.0,0.0
1160,20220921,33,10,15,586,0.7116947955295271,0,21,0,0,0,0,0,0.0,0.6364,0.0,0.0,0.0,0.0,0.0
1160,20220922,29,8,14,710,0.6453912486049813,2,22,0,0,0,0,0,0.069,0.7586,0.0,0.0,0.0,0.0,0.0
1161,20220916,3,1,1,108,1.0,0,3,0,0,0,0,0,0.0,1.0,0.0,0.0,0.0,0.0,0.0
1161,20220917,3,1,1,105,1.0,0,3,0,0,0,0,0,0.0,1.0,0.0,0.0,0.0,0.0,0.0
1161,20220918,3,1,1,66,1.0,0,3,0,0,0,0,0,0.0,1.0,0.0,0.0,0.0,0.0,0.0
1161,20220919,12,3,4,327,0.23044223749444592,0,6,0,0,0,0,0,0.0,0.5,0.0,0.0,0.0,0.0,0.0
1161,20220920,6,2,2,336,0.506675567423231,3,3,0,0,0,0,0,0.5,0.5,0.0,0.0,0.0,0.0,0.0
1161,20220921,12,3,4,171,0.09702046878026589,0,6,0,0,0,0,0,0.0,0.5,0.0,0.0,0.0,0.0,0.0
1161,20220922,18,5,6,867,0.4206244610610082,0,9,0,0,0,0,0,0.0,0.5,0.0,0.0,0.0,0.0,0.0
1162,20220915,22,9,9,297,0.39934897899567334,0,15,0,0,0,0,0,0.0,0.6818,0.0,0.0,0.0,0.0,0.0
1162,20220916,159,29,54,3372,0.4872383281443828,0,88,0,0,0,0,0,0.0,0.5535,0.0,0.0,0.0,0.0,0.0
1162,20220917,158,32,46,2673,0.469166199295327,2,82,0,0,0,0,0,0.0127,0.519,0.0,0.0,0.0,0.0,0.0
1162,20220918,142,30,41,3516,0.5287977963140159,0,105,0,0,0,0,0,0.0,0.7394,0.0,0.0,0.0,0.0,0.0
1162,20220919,163,28,47,3031,0.5063072796130124,0,102,0,0,0,3,0,0.0,0.6258,0.0,0.0,0.0,0.0184,0.0
1162,20220920,182,32,54,4428,0.5095626687228065,0,106,0,0,0,0,0,0.0,0.5824,0.0,0.0,0.0,0.0,0.0
1162,20220921,117,24,41,1309,0.33145624835543924,0,52,0,0,0,0,0,0.0,0.4444,0.0,0.0,0.0,0.0,0.0
1162,20220922,117,21,45,2164,0.5838996614507341,0,78,0,0,1,0,0,0.0,0.6667,0.0,0.0,0.0085,0.0,0.0
1163,20220915,12,4,6,587,0.40168056735776786,0,6,0,0,0,0,0,0.0,0.5,0.0,0.0,0.0,0.0,0.0
1163,20220916,152,40,50,4674,0.4233424897788021,0,81,0,0,0,0,0,0.0,0.5329,0.0,0.0,0.0,0.0,0.0
1163,20220917,136,31,52,1970,0.48467651657409855,0,73,0,0,0,0,0,0.0,0.5368,0.0,0.0,0.0,0.0,0.0
1163,20220918,232,43,72,6531,0.507517227717144,3,141,0,0,0,0,0,0.0129,0.6078,0.0,0.0,0.0,0.0,0.0
1163,20220919,176,37,52,4697,0.4033980784426493,0,78,0,0,0,3,0,0.0,0.4432,0.0,0.0,0.0,0.017,0.0
1163,20220920,198,42,63,4982,0.45358391970443823,0,94,0,0,3,0,0,0.0,0.4747,0.0,0.0,0.0152,0.0,0.0
1163,20220921,100,31,30,3766,0.40888899220394165,0,60,0,0,0,0,0,0.0,0.6,0.0,0.0,0.0,0.0,0.0
1163,20220922,150,35,52,3205,0.23265321020398771,0,39,0,0,0,0,0,0.0,0.26,0.0,0.0,0.0,0.0,0.0
1164,20220915,1,1,1,30,1.0,0,1,0,0,0,0,0,0.0,1.0,0.0,0.0,0.0,0.0,0.0
1164,20220916,17,4,7,1016,0.86790776446891,0,17,0,0,0,0,0,0.0,1.0,0.0,0.0,0.0,0.0,0.0
1164,20220917,30,10,13,630,0.8954359359022559,0,25,0,0,0,0,0,0.0,0.8333,0.0,0.0,0.0,0.0,0.0
1164,20220918,23,7,9,188,0.49050120769887423,0,14,0,0,0,0,0,0.0,0.6087,0.0,0.0,0.0,0.0,0.0
1164,20220919,24,9,10,431,0.4845322009163642,0,14,0,0,0,0,0,0.0,0.5833,0.0,0.0,0.0,0.0,0.0
1164,20220920,23,7,12,453,0.5505080183947859,0,10,0,0,0,0,0,0.0,0.4348,0.0,0.0,0.0,0.0,0.0
1164,20220921,20,5,9,678,0.609062232529484,0,17,0,0,3,0,0,0.0,0.85,0.0,0.0,0.15,0.0,0.0
1164,20220922,21,7,8,192,0.3014237363263311,0,8,0,0,0,0,0,0.0,0.381,0.0,0.0,0.0,0.0,0.0
1165,20220916,3,1,1,69,0.6133333333333333,0,3,0,0,0,0,0,0.0,1.0,0.0,0.0,0.0,0.0,0.0
1165,20220917,3,1,1,33,0.29333333333333333,0,3,0,0,0,0,0,0.0,1.0,0.0,0.0,0.0,0.0,0.0
1166,20220916,3,1,1,99,1.0,0,3,0,0,0,0,0,0.0,1.0,0.0,0.0,0.0,0.0,0.0
1166,20220917,3,1,1,66,0.7586206896551723,0,3,0,0,0,0,0,0.0,1.0,0.0,0.0,0.0,0.0,0.0
1166,20220918,3,1,1,54,0.6206896551724138,0,3,0,0,0,0,0,0.0,1.0,0.0,0.0,0.0,0.0,0.0
1166,20220919,3,1,1,6,0.06896551724137931,0,0,0,0,0,0,0,0.0,0.0,0.0,0.0,0.0,0.0,0.0
1167,20220915,3,1,1,48,0.4047251663167481,0,3,0,0,0,0,0,0.0,1.0,0.0,0.0,0.0,0.0,0.0
1167,20220916,6,2,1,69,0.1448578600062491,0,6,0,0,0,0,0,0.0,1.0,0.0,0.0,0.0,0.0,0.0
1167,20220917,15,4,5,522,0.34752422833045066,0,9,0,0,0,0,0,0.0,0.6,0.0,0.0,0.0,0.0,0.0
1167,20220918,6,2,2,555,0.47828447817712555,0,3,0,0,0,0,0,0.0,0.5,0.0,0.0,0.0,0.0,0.0
1167,20220919,3,1,1,0,0.0,0,0,0,0,0,0,0,0.0,0.0,0.0,0.0,0.0,0.0,0.0
1167,20220920,9,2,3,78,0.19346497341813082,0,6,0,0,0,0,0,0.0,0.6667,0.0,0.0,0.0,0.0,0.0
1167,20220921,3,1,1,534,0.8327641219016964,0,3,0,0,0,0,0,0.0,1.0,0.0,0.0,0.0,0.0,0.0
1167,20220922,3,1,1,24,0.39215686274509814,0,3,0,0,0,0,0,0.0,1.0,0.0,0.0,0.0,0.0,0.0
1168,20220915,16,3,8,240,0.7788355554394064,0,12,0,0,0,0,0,0.0,0.75,0.0,0.0,0.0,0.0,0.0
1168,20220916,140,35,64,3906,0.6603489093374532,10,99,0,0,3,0,0,0.0714,0.7071,0.0,0.0,0.0214,0.0,0.0
1168,20220917,197,43,85,4246,0.6778517614928451,6,143,0,1,0,0,0,0.0305,0.7259,0.0,0.0051,0.0,0.0,0.0
1168,20220918,151,27,70,3365,0.7021664144265977,15,101,0,0,3,0,0,0.0993,0.6689,0.0,0.0,0.0199,0.0,0.0
1168,20220919,92,25,38,2605,0.6034077845391502,0,58,0,0,0,0,0,0.0,0.6304,0.0,0.0,0.0,0.0,0.0
1168,20220920,116,32,43,3023,0.601624393881137,2,70,0,0,3,0,0,0.0172,0.6034,0.0,0.0,0.0259,0.0,0.0
1168,20220921,136,31,61,3048,0.6656397867803797,11,94,0,3,5,0,0,0.0809,0.6912,0.0,0.0221,0.0368,0.0,0.0
1168,20220922,106,26,47,3930,0.566985494260187,12,73,0,0,5,3,0,0.1132,0.6887,0.0,0.0,0.0472,0.0283,0.0
1169,20220915,26,9,10,1358,0.5958938733216865,0,18,0,0,0,0,0,0.0,0.6923,0.0,0.0,0.0,0.0,0.0
1169,20220916,264,65,104,7098,0.505776811097154,6,147,3,0,3,0,0,0.0227,0.5568,0.0114,0.0,0.0114,0.0,0.0
1169,20220917,291,66,103,7516,0.4840320085418948,5,160,0,0,0,0,0,0.0172,0.5498,0.0,0.0,0.0,0.0,0.0
1169,20220918,418,77,130,8866,0.5966702465597855,16,234,0,3,0,0,0,0.0383,0.5598,0.0,0.0072,0.0,0.0,0.0
1169,20220919,234,47,95,6301,0.47802096880068795,6,123,1,5,0,3,0,0.0256,0.5256,0.0043,0.0214,0.0,0.0128,0.0
1169,20220920,210,53,93,5607,0.5858902537534098,2,131,0,0,0,3,0,0.0095,0.6238,0.0,0.0,0.0,0.0143,0.0
1169,20220921,223,50,88,6969,0.5866285020385476,0,129,2,0,0,0,0,0.0,0.5785,0.009,0.0,0.0,0.0,0.0
1169,20220922,232,49,83,6800,0.5694581254787555,3,156,0,0,0,0,0,0.0129,0.6724,0.0,0.0,0.0,0.0,0.0
1170,20220916,24,7,10,1250,0.6410717601809226,5,20,0,0,0,0,0,0.2083,0.8333,0.0,0.0,0.0,0.0,0.0
1170,20220917,28,6,14,1558,0.5672101193909521,2,21,0,0,0,0,0,0.0714,0.75,0.0,0.0,0.0,0.0,0.0
1170,20220918,20,7,7,495,0.28025613660109855,0,12,0,0,0,0,0,0.0,0.6,0.0,0.0,0.0,0.0,0.0
1170,20220919,32,7,11,692,0.6160783111748931,0,29,0,0,0,0,0,0.0,0.9062,0.0,0.0,0.0,0.0,0.0
1170,20220920,4,2,2,6,0.013793916748391175,0,0,0,0,0,0,0,0.0,0.0,0.0,0.0,0.0,0.0,0.0
1170,20220921,8,3,5,114,0.297308474922332,0,3,0,0,0,0,0,0.0,0.375,0.0,0.0,0.0,0.0,0.0
1170,20220922,2,1,1,226,1.0,0,2,0,0,0,0,0,0.0,1.0,0.0,0.0,0.0,0.0,0.0
1171,20220916,6,1,2,36,0.3936749557115675,0,0,0,0,0,0,0,0.0,0.0,0.0,0.0,0.0,0.0,0.0
1171,20220917,11,3,5,61,0.36388819318089055,0,3,0,0,0,0,0,0.0,0.2727,0.0,0.0,0.0,0.0,0.0
1171,20220918,10,2,4,94,0.7581196581196581,0,6,0,0,0,0,0,0.0,0.6,0.0,0.0,0.0,0.0,0.0
1172,20220916,16,5,8,133,0.0942650560464634,2,3,0,0,0,0,0,0.125,0.1875,0.0,0.0,0.0,0.0,0.0
1172,20220917,6,3,4,457,0.5334259724392514,0,6,0,0,0,0,0,0.0,1.0,0.0,0.0,0.0,0.0,0.0
1172,20220918,7,3,4,131,0.17723047297738848,0,2,0,0,0,0,0,0.0,0.2857,0.0,0.0,0.0,0.0,0.0
1172,20220919,9,3,6,402,0.3527606866167539,0,9,0,0,0,0,0,0.0,1.0,0.0,0.0,0.0,0.0,0.0
1172,20220920,5,2,3,67,0.2153584272970448,0,1,0,0,0,0,0,0.0,0.2,0.0,0.0,0.0,0.0,0.0
1172,20220921,9,2,5,148,0.10561480155778606,0,4,0,0,0,0,0,0.0,0.4444,0.0,0.0,0.0,0.0,0.0
1173,20220916,8,2,2,101,0.4393013100436681,0,2,0,0,0,0,0,0.0,0.25,0.0,0.0,0.0,0.0,0.0
1173,20220917,10,4,5,139,0.5094016078025377,0,3,0,0,0,0,0,0.0,0.3,0.0,0.0,0.0,0.0,0.0
1173,20220918,4,2,2,192,0.8114762788667838,0,3,0,0,0,0,0,0.0,0.75,0.0,0.0,0.0,0.0,0.0
1173,20220919,9,2,3,18,0.15165316475360144,0,0,0,0,0,0,0,0.0,0.0,0.0,0.0,0.0,0.0,0.0
1173,20220920,9,2,3,90,0.44758311090718994,0,3,0,0,0,0,0,0.0,0.3333,0.0,0.0,0.0,0.0,0.0
1173,20220921,4,2,2,5,0.06704900033894899,0,0,0,0,0,0,0,0.0,0.0,0.0,0.0,0.0,0.0,0.0
1173,20220922,26,4,10,364,0.6644265030799544,0,18,0,0,0,0,0,0.0,0.6923,0.0,0.0,0.0,0.0,0.0
1181,20220916,9,1,3,243,0.8032053442833941,0,9,0,0,0,0,0,0.0,1.0,0.0,0.0,0.0,0.0,0.0
1181,20220917,3,1,1,3,0.03064382680109092,0,0,0,0,0,0,0,0.0,0.0,0.0,0.0,0.0,0.0,0.0
1181,20220919,5,2,2,78,0.6681977614056919,0,5,0,0,0,0,0,0.0,1.0,0.0,0.0,0.0,0.0,0.0
1181,20220920,9,1,3,225,0.7419176906812122,0,9,0,0,0,0,0,0.0,1.0,0.0,0.0,0.0,0.0,0.0
1181,20220921,3,1,1,30,0.3064382680109092,0,3,0,0,0,0,0,0.0,1.0,0.0,0.0,0.0,0.0,0.0
1182,20220917,3,1,1,27,0.19679443727723964,0,3,0,0,0,0,0,0.0,1.0,0.0,0.0,0.0,0.0,0.0
1182,20220919,6,1,2,126,0.45918702031355907,0,6,0,0,0,0,0,0.0,1.0,0.0,0.0,0.0,0.0,0.0
1182,20220921,3,1,1,132,0.9621061377998382,0,3,0,0,0,0,0,0.0,1.0,0.0,0.0,0.0,0.0,0.0
1183,20220915,1,1,1,94,1.0,0,1,0,0,0,0,0,0.0,1.0,0.0,0.0,0.0,0.0,0.0
1183,20220916,22,8,10,790,0.5249079494280102,0,11,0,0,0,0,0,0.0,0.5,0.0,0.0,0.0,0.0,0.0
1183,20220917,28,9,13,362,0.25454078379628553,0,7,1,0,0,0,0,0.0,0.25,0.0357,0.0,0.0,0.0,0.0
1183,20220918,28,11,13,870,0.5160173359811625,0,16,0,0,0,0,0,0.0,0.5714,0.0,0.0,0.0,0.0,0.0
1183,20220919,24,6,12,1390,0.5595610574138903,0,19,0,0,0,0,0,0.0,0.7917,0.0,0.0,0.0,0.0,0.0
1183,20220920,16,7,8,545,0.8092435250055183,0,13,0,0,0,0,0,0.0,0.8125,0.0,0.0,0.0,0.0,0.0
1183,20220921,27,7,10,921,0.6179393118109888,0,24,0,0,0,0,0,0.0,0.8889,0.0,0.0,0.0,0.0,0.0
1183,20220922,18,5,7,616,0.6038481080193193,0,10,0,0,0,0,0,0.0,0.5556,0.0,0.0,0.0,0.0,0.0
1204,20220916,7,2,3,44,0.6383928571428571,0,4,0,0,0,0,0,0.0,0.5714,0.0,0.0,0.0,0.0,0.0
1204,20220917,3,1,1,51,1.0,0,3,0,0,0,0,0,0.0,1.0,0.0,0.0,0.0,0.0,0.0
1204,20220918,5,2,2,31,0.5578947368421052,0,2,0,0,0,0,0,0.0,0.4,0.0,0.0,0.0,0.0,0.0
1204,20220919,3,1,1,51,1.0,0,3,0,0,0,0,0,0.0,1.0,0.0,0.0,0.0,0.0,0.0
1204,20220922,3,1,1,0,0.0,0,0,0,0,0,0,0,0.0,0.0,0.0,0.0,0.0,0.0,0.0
1205,20220915,3,1,1,21,0.44682752457551383,0,0,0,0,0,0,0,0.0,0.0,0.0,0.0,0.0,0.0,0.0
1205,20220916,21,2,7,582,0.7365883707557417,3,21,0,0,0,0,0,0.1429,1.0,0.0,0.0,0.0,0.0,0.0
1205,20220917,15,3,5,384,0.9914975105323631,0,15,0,0,0,0,0,0.0,1.0,0.0,0.0,0.0,0.0,0.0
1205,20220918,12,2,4,408,0.8698596204125728,3,12,0,0,0,0,0,0.25,1.0,0.0,0.0,0.0,0.0,0.0
1205,20220919,8,3,3,259,0.6825326177980349,0,8,0,0,0,0,0,0.0,1.0,0.0,0.0,0.0,0.0,0.0
1205,20220920,3,1,1,12,0.025570052354682196,0,0,0,0,0,0,0,0.0,0.0,0.0,0.0,0.0,0.0,0.0
1205,20220921,6,1,2,105,0.6276650070215755,0,3,0,0,0,0,0,0.0,0.5,0.0,0.0,0.0,0.0,0.0
1205,20220922,6,2,2,168,0.5765345170671974,0,3,0,0,0,0,0,0.0,0.5,0.0,0.0,0.0,0.0,0.0
1206,20220916,60,2,20,489,0.7919835687657675,0,39,0,0,0,0,0,0.0,0.65,0.0,0.0,0.0,0.0,0.0
1206,20220917,54,2,18,477,0.7909081678028831,0,42,0,0,0,3,0,0.0,0.7778,0.0,0.0,0.0,0.0556,0.0
1206,20220918,30,3,10,348,0.6010183010267471,0,15,0,0,0,0,0,0.0,0.5,0.0,0.0,0.0,0.0,0.0
1206,20220919,21,3,7,201,0.5871850394586977,3,12,0,0,3,0,0,0.1429,0.5714,0.0,0.0,0.1429,0.0,0.0
1206,20220920,18,3,6,108,0.46954618267449555,0,6,0,0,0,0,0,0.0,0.3333,0.0,0.0,0.0,0.0,0.0
1206,20220921,6,1,2,30,0.6477978125923737,0,3,0,0,0,0,0,0.0,0.5,0.0,0.0,0.0,0.0,0.0
1206,20220922,26,3,9,125,0.45261403415857276,0,6,0,0,0,0,0,0.0,0.2308,0.0,0.0,0.0,0.0,0.0
1231,20220915,19,7,6,660,0.6574210854506757,5,11,0,3,0,0,0,0.2632,0.5789,0.0,0.1579,0.0,0.0,0.0
1231,20220916,172,47,68,3092,0.7761537530293988,3,118,0,0,0,0,0,0.0174,0.686,0.0,0.0,0.0,0.0,0.0
1231,20220917,278,54,92,4635,0.7238391477593712,5,168,0,5,0,0,0,0.018,0.6043,0.0,0.018,0.0,0.0,0.0
1231,20220918,212,51,82,4737,0.6675932319037828,2,122,0,5,0,0,0,0.0094,0.5755,0.0,0.0236,0.0,0.0,0.0
1231,20220919,257,47,92,4438,0.6741403881106823,3,148,0,5,0,0,0,0.0117,0.5759,0.0,0.0195,0.0,0.0,0.0
1231,20220920,181,40,71,2451,0.7010548893486831,3,102,0,0,0,0,0,0.0166,0.5635,0.0,0.0,0.0,0.0,0.0
1231,20220921,188,35,70,3160,0.6532840708427865,0,99,0,0,0,0,0,0.0,0.5266,0.0,0.0,0.0,0.0,0.0
1231,20220922,105,29,46,2131,0.7938965725464961,0,67,0,0,0,1,0,0.0,0.6381,0.0,0.0,0.0,0.0095,0.0
1233,20220915,6,1,2,420,1.0,0,6,0,0,0,0,0,0.0,1.0,0.0,0.0,0.0,0.0,0.0
1233,20220916,24,3,8,807,0.8325469345792958,0,21,0,0,0,0,0,0.0,0.875,0.0,0.0,0.0,0.0,0.0
1233,20220917,12,3,4,195,0.6147403335931859,3,6,0,0,0,0,0,0.25,0.5,0.0,0.0,0.0,0.0,0.0
1233,20220918,15,3,5,447,0.5693181730997922,0,6,0,0,0,0,0,0.0,0.4,0.0,0.0,0.0,0.0,0.0
1233,20220919,9,2,3,57,0.2200190270137562,0,3,0,0,0,0,0,0.0,0.3333,0.0,0.0,0.0,0.0,0.0
1233,20220920,3,1,1,87,0.6396682548085406,0,3,0,0,0,0,0,0.0,1.0,0.0,0.0,0.0,0.0,0.0
1233,20220921,3,1,1,24,0.2398081534772182,0,3,0,0,0,0,0,0.0,1.0,0.0,0.0,0.0,0.0,0.0
1233,20220922,6,1,2,30,0.18115942028985507,0,0,0,0,0,0,0,0.0,0.0,0.0,0.0,0.0,0.0,0.0
1234,20220915,5,2,2,31,0.13257924149906836,0,3,0,0,0,0,0,0.0,0.6,0.0,0.0,0.0,0.0,0.0
1234,20220916,83,18,39,2815,0.5605813635016273,0,52,0,0,0,0,0,0.0,0.6265,0.0,0.0,0.0,0.0,0.0
1234,20220917,54,12,23,1503,0.7136181252566675,0,37,0,0,0,0,0,0.0,0.6852,0.0,0.0,0.0,0.0,0.0
1234,20220918,40,12,18,1023,0.5281695933189547,3,20,0,0,0,0,0,0.075,0.5,0.0,0.0,0.0,0.0,0.0
1234,20220919,56,16,23,1510,0.690559751545937,0,44,0,0,3,0,0,0.0,0.7857,0.0,0.0,0.0536,0.0,0.0
1234,20220920,50,14,19,780,0.6261355523269048,0,32,0,0,0,0,0,0.0,0.64,0.0,0.0,0.0,0.0,0.0
1234,20220921,35,11,14,951,0.63158078667159,0,24,0,0,0,0,0,0.0,0.6857,0.0,0.0,0.0,0.0,0.0
1234,20220922,39,11,15,802,0.5168236241786784,0,25,0,0,0,0,0,0.0,0.641,0.0,0.0,0.0,0.0,0.0
1236,20220915,6,2,2,354,0.629032258064516,0,3,0,0,0,0,0,0.0,0.5,0.0,0.0,0.0,0.0,0.0
1236,20220916,140,23,47,3731,0.5939552291860568,2,76,0,0,0,0,0,0.0143,0.5429,0.0,0.0,0.0,0.0,0.0
1236,20220917,176,31,64,4845,0.5816416462697841,4,116,0,0,0,2,0,0.0227,0.6591,0.0,0.0,0.0,0.0114,0.0
1236,20220918,152,25,51,3306,0.5115313896297013,3,104,0,3,3,0,0,0.0197,0.6842,0.0,0.0197,0.0197,0.0,0.0
1236,20220919,189,19,63,4989,0.5851752337730058,3,119,3,0,0,0,0,0.0159,0.6296,0.0159,0.0,0.0,0.0,0.0
1236,20220920,99,21,35,2770,0.5497188478115255,3,67,0,0,6,0,0,0.0303,0.6768,0.0,0.0,0.0606,0.0,0.0
1236,20220921,86,17,30,2635,0.4741880324972952,0,57,0,0,0,0,0,0.0,0.6628,0.0,0.0,0.0,0.0,0.0
1236,20220922,71,16,25,3340,0.5805269308198493,3,50,0,0,3,0,0,0.0423,0.7042,0.0,0.0,0.0423,0.0,0.0
1237,20220915,10,4,4,106,0.13214803286557752,0,8,0,0,0,0,0,0.0,0.8,0.0,0.0,0.0,0.0,0.0
1237,20220916,142,22,52,2217,0.38492516745518196,0,54,0,0,0,0,3,0.0,0.3803,0.0,0.0,0.0,0.0,0.0211
1237,20220917,99,25,28,839,0.3175179264495705,0,31,0,0,0,0,0,0.0,0.3131,0.0,0.0,0.0,0.0,0.0
1237,20220918,149,40,51,3450,0.38234074569201676,6,73,0,0,3,0,0,0.0403,0.4899,0.0,0.0,0.0201,0.0,0.0
1237,20220919,65,18,18,1969,0.5079484242487668,0,42,0,0,0,0,0,0.0,0.6462,0.0,0.0,0.0,0.0,0.0
1237,20220920,65,18,21,1513,0.6115828665532367,0,41,0,0,0,0,0,0.0,0.6308,0.0,0.0,0.0,0.0,0.0
1237,20220921,43,16,17,608,0.39057824299003396,0,19,0,0,0,0,0,0.0,0.4419,0.0,0.0,0.0,0.0,0.0
1237,20220922,36,12,13,755,0.313735294347098,0,18,0,0,0,0,0,0.0,0.5,0.0,0.0,0.0,0.0,0.0
1238,20220915,3,1,1,15,0.028208744710860368,0,0,0,0,0,0,0,0.0,0.0,0.0,0.0,0.0,0.0,0.0
1238,20220917,3,1,1,69,1.0,0,3,0,0,0,0,0,0.0,1.0,0.0,0.0,0.0,0.0,0.0
1238,20220918,3,1,1,111,1.0,0,3,0,0,0,0,0,0.0,1.0,0.0,0.0,0.0,0.0,0.0
1238,20220919,8,2,2,109,0.5989204985434566,0,5,0,0,0,0,0,0.0,0.625,0.0,0.0,0.0,0.0,0.0
1238,20220920,6,2,2,27,0.16554549281004252,0,3,0,0,0,0,0,0.0,0.5,0.0,0.0,0.0,0.0,0.0
1238,20220922,3,1,1,276,0.5190409026798307,0,3,0,0,0,0,0,0.0,1.0,0.0,0.0,0.0,0.0,0.0
1240,20220919,5,1,1,75,0.962587435025348,0,5,0,0,0,0,0,0.0,1.0,0.0,0.0,0.0,0.0,0.0
1241,20220916,12,4,4,99,0.4967082167402164,0,6,0,0,0,0,0,0.0,0.5,0.0,0.0,0.0,0.0,0.0
1241,20220917,12,3,3,192,0.3985872526468621,0,3,0,0,0,0,0,0.0,0.25,0.0,0.0,0.0,0.0,0.0
1241,20220918,3,1,1,69,1.0,0,3,0,0,0,0,0,0.0,1.0,0.0,0.0,0.0,0.0,0.0
1241,20220919,6,2,1,81,0.5489404394851465,0,3,0,0,0,0,0,0.0,0.5,0.0,0.0,0.0,0.0,0.0
1242,20220915,12,4,6,203,0.31245488072051286,0,3,0,0,0,0,0,0.0,0.25,0.0,0.0,0.0,0.0,0.0
1242,20220916,35,11,13,445,0.5220598872452774,0,21,0,0,0,0,0,0.0,0.6,0.0,0.0,0.0,0.0,0.0
1242,20220917,60,16,24,419,0.3062366869366894,0,19,0,0,0,0,0,0.0,0.3167,0.0,0.0,0.0,0.0,0.0
1242,20220918,43,13,18,204,0.16987002170199558,0,4,0,0,0,0,0,0.0,0.093,0.0,0.0,0.0,0.0,0.0
1242,20220919,102,15,36,826,0.3935768185547911,0,24,0,0,0,0,0,0.0,0.2353,0.0,0.0,0.0,0.0,0.0
1242,20220920,164,14,50,1208,0.391434792047432,0,42,0,0,0,0,0,0.0,0.2561,0.0,0.0,0.0,0.0,0.0
1242,20220921,54,12,18,879,0.40699695284489534,0,27,0,0,0,0,0,0.0,0.5,0.0,0.0,0.0,0.0,0.0
1242,20220922,18,5,6,195,0.29058191022691,0,9,0,0,0,0,0,0.0,0.5,0.0,0.0,0.0,0.0,0.0
1243,20220921,3,1,1,3,0.01610305958132045,0,0,0,0,0,0,0,0.0,0.0,0.0,0.0,0.0,0.0,0.0
1244,20220918,3,1,1,153,1.0,0,3,0,0,0,0,0,0.0,1.0,0.0,0.0,0.0,0.0,0.0
1244,20220919,10,1,5,96,0.682422760348324,0,6,0,0,0,0,0,0.0,0.6,0.0,0.0,0.0,0.0,0.0
1244,20220920,5,2,2,201,1.0,0,5,0,0,0,0,0,0.0,1.0,0.0,0.0,0.0,0.0,0.0
1245,20220916,3,1,1,0,0.0,0,0,0,0,0,0,0,0.0,0.0,0.0,0.0,0.0,0.0,0.0
1245,20220918,3,1,1,6,0.025467001133281552,0,0,0,0,0,0,0,0.0,0.0,0.0,0.0,0.0,0.0,0.0
1245,20220919,6,1,2,300,0.5127335005666407,0,3,0,0,0,0,0,0.0,0.5,0.0,0.0,0.0,0.0,0.0
1245,20220921,6,1,2,771,1.0,0,6,0,0,0,0,0,0.0,1.0,0.0,0.0,0.0,0.0,0.0
1245,20220922,3,1,1,183,0.7767435345650874,0,3,0,0,0,0,0,0.0,1.0,0.0,0.0,0.0,0.0,0.0
1248,20220915,3,1,1,63,1.0,0,3,0,0,0,0,0,0.0,1.0,0.0,0.0,0.0,0.0,0.0
1248,20220916,32,6,12,411,0.7001150016061509,0,22,0,0,0,0,0,0.0,0.6875,0.0,0.0,0.0,0.0,0.0
1248,20220917,29,4,12,408,0.5941533483045341,0,13,0,0,0,0,0,0.0,0.4483,0.0,0.0,0.0,0.0,0.0
1248,20220918,8,2,3,81,0.7334173209891012,0,8,0,0,0,0,0,0.0,1.0,0.0,0.0,0.0,0.0,0.0
1248,20220919,16,5,5,59,0.32989872188410185,0,5,0,0,0,0,0,0.0,0.3125,0.0,0.0,0.0,0.0,0.0
1248,20220920,10,4,4,43,0.47798475343907004,0,3,0,0,0,0,0,0.0,0.3,0.0,0.0,0.0,0.0,0.0
1248,20220922,8,3,3,119,0.7180521091811414,0,5,0,0,0,0,0,0.0,0.625,0.0,0.0,0.0,0.0,0.0
1254,20220919,6,1,2,12,0.2992667963489451,0,0,0,0,0,0,0,0.0,0.0,0.0,0.0,0.0,0.0,0.0
1254,20220920,6,1,2,42,0.523716893610654,0,3,0,0,0,0,0,0.0,0.5,0.0,0.0,0.0,0.0,0.0
1254,20220921,3,1,1,12,0.2992667963489451,0,0,0,0,0,0,0,0.0,0.0,0.0,0.0,0.0,0.0,0.0
1258,20220916,22,4,9,582,0.8033510575733526,0,16,0,0,0,0,0,0.0,0.7273,0.0,0.0,0.0,0.0,0.0
1258,20220917,8,2,3,299,0.48157750920740017,0,5,0,0,0,0,0,0.0,0.625,0.0,0.0,0.0,0.0,0.0
1258,20220918,6,1,2,63,0.8913383772501957,0,6,0,0,0,0,0,0.0,1.0,0.0,0.0,0.0,0.0,0.0
1258,20220919,14,3,5,210,0.6992224954677412,0,11,0,0,0,0,0,0.0,0.7857,0.0,0.0,0.0,0.0,0.0
1258,20220920,135,4,44,2007,0.8003097146097012,0,93,0,0,0,0,0,0.0,0.6889,0.0,0.0,0.0,0.0,0.0
1258,20220921,21,3,7,282,0.7217123207095479,0,12,0,0,0,0,0,0.0,0.5714,0.0,0.0,0.0,0.0,0.0
1258,20220922,12,3,4,324,0.6482835903775273,0,6,0,3,0,0,0,0.0,0.5,0.0,0.25,0.0,0.0,0.0
1260,20220916,3,1,1,102,1.0,0,3,0,0,0,0,0,0.0,1.0,0.0,0.0,0.0,0.0,0.0
1260,20220917,3,1,1,9,0.09316770186335403,0,0,0,0,0,0,0,0.0,0.0,0.0,0.0,0.0,0.0,0.0
1262,20220916,6,3,3,12,0.09841120910892083,0,0,0,0,0,0,0,0.0,0.0,0.0,0.0,0.0,0.0,0.0
1262,20220917,10,6,5,124,0.3319812903470673,0,4,0,0,0,0,0,0.0,0.4,0.0,0.0,0.0,0.0,0.0
1262,20220918,11,6,6,200,0.2153566124979025,0,5,0,0,0,0,0,0.0,0.4545,0.0,0.0,0.0,0.0,0.0
1262,20220919,11,6,6,43,0.14426617404474357,1,1,0,1,1,0,0,0.0909,0.0909,0.0,0.0909,0.0909,0.0,0.0
1262,20220920,9,4,3,295,0.5281070390278987,3,6,0,0,0,0,0,0.3333,0.6667,0.0,0.0,0.0,0.0,0.0
1262,20220921,9,2,3,27,0.11133048930107546,0,0,0,0,0,0,0,0.0,0.0,0.0,0.0,0.0,0.0,0.0
1262,20220922,11,4,4,175,0.27451636618073044,0,4,0,0,0,0,0,0.0,0.3636,0.0,0.0,0.0,0.0,0.0
1263,20220915,2,1,2,144,0.31780923500668723,0,2,0,0,0,0,0,0.0,1.0,0.0,0.0,0.0,0.0,0.0
1263,20220916,15,3,9,210,0.09933051821461454,0,3,0,0,0,0,0,0.0,0.2,0.0,0.0,0.0,0.0,0.0
1263,20220917,18,3,9,325,0.17789561879978688,0,9,0,0,0,0,0,0.0,0.5,0.0,0.0,0.0,0.0,0.0
1263,20220918,15,4,7,195,0.14365739564518576,0,3,0,0,0,0,0,0.0,0.2,0.0,0.0,0.0,0.0,0.0
1263,20220919,4,2,2,11,0.08422501608563955,0,0,0,0,0,0,0,0.0,0.0,0.0,0.0,0.0,0.0,0.0
1263,20220920,4,2,2,59,0.18525086786358425,0,1,0,0,0,0,0,0.0,0.25,0.0,0.0,0.0,0.0,0.0
1263,20220921,2,1,2,73,0.16111162607977894,0,1,0,0,0,0,0,0.0,0.5,0.0,0.0,0.0,0.0,0.0
1263,20220922,2,1,2,4,0.008828034305741313,0,0,0,0,0,0,0,0.0,0.0,0.0,0.0,0.0,0.0,0.0
1265,20220916,9,1,3,57,0.5062539627644245,0,3,0,0,0,0,0,0.0,0.3333,0.0,0.0,0.0,0.0,0.0
1265,20220917,3,1,1,18,0.5187618882932734,0,0,0,0,0,0,0,0.0,0.0,0.0,0.0,0.0,0.0,0.0
1265,20220918,6,1,2,63,0.7161507867888638,0,3,0,0,0,0,0,0.0,0.5,0.0,0.0,0.0,0.0,0.0
1265,20220919,12,1,4,51,0.3674563375410686,0,3,0,0,0,0,0,0.0,0.25,0.0,0.0,0.0,0.0,0.0
1265,20220921,3,1,1,9,0.2593809441466367,0,0,0,0,0,0,0,0.0,0.0,0.0,0.0,0.0,0.0,0.0
1265,20220922,6,1,2,24,0.34584125886218225,0,0,0,0,0,0,0,0.0,0.0,0.0,0.0,0.0,0.0,0.0
1268,20220916,6,1,3,98,1.0,2,6,0,0,0,0,0,0.3333,1.0,0.0,0.0,0.0,0.0,0.0
1268,20220918,3,1,1,3,0.02900232018561485,0,0,0,0,0,0,0,0.0,0.0,0.0,0.0,0.0,0.0,0.0
1269,20220916,6,1,2,468,0.7044025157232704,0,6,0,0,0,0,0,0.0,1.0,0.0,0.0,0.0,0.0,0.0
1269,20220917,15,3,6,460,0.6531383704843837,0,13,0,3,0,0,0,0.0,0.8667,0.0,0.2,0.0,0.0,0.0
1269,20220918,2,1,1,32,0.21988291234917404,0,2,0,0,0,0,0,0.0,1.0,0.0,0.0,0.0,0.0,0.0
1269,20220919,3,1,1,42,0.10946051602814698,0,3,0,0,0,0,0,0.0,1.0,0.0,0.0,0.0,0.0,0.0
1269,20220920,3,1,1,99,1.0,0,3,0,0,0,0,0,0.0,1.0,0.0,0.0,0.0,0.0,0.0
1269,20220921,3,1,1,105,1.0,0,3,0,0,0,0,0,0.0,1.0,0.0,0.0,0.0,0.0,0.0
1269,20220922,3,1,1,102,1.0,0,3,0,0,0,0,0,0.0,1.0,0.0,0.0,0.0,0.0,0.0
1270,20220916,9,2,3,51,0.08055850257479007,0,3,0,0,0,0,0,0.0,0.3333,0.0,0.0,0.0,0.0,0.0
1270,20220920,6,1,2,57,0.09353523817025382,0,3,0,0,0,0,0,0.0,0.5,0.0,0.0,0.0,0.0,0.0
1270,20220921,3,1,1,9,0.02953744363271173,0,0,0,0,0,0,0,0.0,0.0,0.0,0.0,0.0,0.0,0.0
1270,20220922,3,1,1,42,0.13784140361932143,3,3,0,0,0,0,0,1.0,1.0,0.0,0.0,0.0,0.0,0.0
1272,20220915,27,12,8,489,0.7039096484591207,0,23,0,0,0,0,0,0.0,0.8519,0.0,0.0,0.0,0.0,0.0
1272,20220916,383,105,129,10855,0.6471554605772355,8,285,0,4,4,0,0,0.0209,0.7441,0.0,0.0104,0.0104,0.0,0.0
1272,20220917,538,127,187,14835,0.6358049239113446,9,369,0,0,6,3,0,0.0167,0.6859,0.0,0.0,0.0112,0.0056,0.0
1272,20220918,442,96,154,13156,0.675298352647775,2,305,0,3,2,3,0,0.0045,0.69,0.0,0.0068,0.0045,0.0068,0.0
1272,20220919,278,70,107,5767,0.6562883419062852,4,191,0,3,3,2,0,0.0144,0.6871,0.0,0.0108,0.0108,0.0072,0.0
1272,20220920,277,71,104,9211,0.6235620515123259,6,182,0,3,0,0,0,0.0217,0.657,0.0,0.0108,0.0,0.0,0.0
1272,20220921,277,66,98,7235,0.6894773031671185,4,201,0,1,3,0,0,0.0144,0.7256,0.0,0.0036,0.0108,0.0,0.0
1272,20220922,198,56,77,4476,0.6205844755651352,1,131,0,0,0,0,0,0.0051,0.6616,0.0,0.0,0.0,0.0,0.0
1273,20220915,2,1,1,128,1.0,0,2,0,0,0,0,0,0.0,1.0,0.0,0.0,0.0,0.0,0.0
1273,20220917,8,2,6,119,0.3144035530054262,0,3,0,0,0,0,0,0.0,0.375,0.0,0.0,0.0,0.0,0.0
1273,20220918,2,1,2,50,0.8105363144819524,0,2,0,0,0,0,0,0.0,1.0,0.0,0.0,0.0,0.0,0.0
1273,20220919,3,1,3,104,0.6743143845292026,0,3,0,1,0,0,0,0.0,1.0,0.0,0.3333,0.0,0.0,0.0
1273,20220920,6,2,4,428,0.5222261371219303,0,5,0,0,0,0,0,0.0,0.8333,0.0,0.0,0.0,0.0,0.0
1273,20220921,2,1,2,32,0.5365336840567003,0,1,0,0,0,0,0,0.0,0.5,0.0,0.0,0.0,0.0,0.0
1273,20220922,4,2,3,23,0.07902139278812291,0,2,0,0,0,0,0,0.0,0.5,0.0,0.0,0.0,0.0,0.0
1294,20220917,6,2,2,144,0.2915724985398405,0,3,0,0,0,0,0,0.0,0.5,0.0,0.0,0.0,0.0,0.0
1294,20220922,3,1,1,48,1.0,3,3,0,0,0,0,0,1.0,1.0,0.0,0.0,0.0,0.0,0.0
1300,20220916,28,12,13,1201,0.7018115546822102,0,24,0,0,0,0,0,0.0,0.8571,0.0,0.0,0.0,0.0,0.0
1300,20220917,43,10,16,905,0.7147652403472058,0,38,0,0,1,0,0,0.0,0.8837,0.0,0.0,0.0233,0.0,0.0
1300,20220918,38,13,16,1222,0.49654368510204994,0,28,0,0,0,0,0,0.0,0.7368,0.0,0.0,0.0,0.0,0.0
1300,20220919,17,6,8,335,0.5592975954390758,0,13,0,0,0,0,0,0.0,0.7647,0.0,0.0,0.0,0.0,0.0
1300,20220920,15,5,5,463,0.5310169273605064,0,12,0,0,3,0,0,0.0,0.8,0.0,0.0,0.2,0.0,0.0
1300,20220921,20,4,5,1036,0.5158673418229187,0,15,0,0,0,0,0,0.0,0.75,0.0,0.0,0.0,0.0,0.0
1300,20220922,4,2,2,106,0.6159678858162354,0,4,0,0,0,0,0,0.0,1.0,0.0,0.0,0.0,0.0,0.0
1310,20220915,1,1,1,0,0.0,0,0,0,0,0,0,0,0.0,0.0,0.0,0.0,0.0,0.0,0.0
1310,20220916,15,5,4,830,0.6182697584725075,0,12,0,0,0,0,0,0.0,0.8,0.0,0.0,0.0,0.0,0.0
1310,20220917,4,2,2,290,0.8240389086963261,0,4,0,0,0,0,0,0.0,1.0,0.0,0.0,0.0,0.0,0.0
1310,20220918,2,1,2,55,0.5198019801980198,0,1,0,0,0,0,0,0.0,0.5,0.0,0.0,0.0,0.0,0.0
1310,20220919,15,2,4,1143,0.6034842613741503,0,9,0,0,0,0,0,0.0,0.6,0.0,0.0,0.0,0.0,0.0
1310,20220920,7,2,3,320,0.4440365479546909,0,3,0,0,0,0,0,0.0,0.4286,0.0,0.0,0.0,0.0,0.0
1310,20220922,3,1,1,282,0.9898279384200662,0,3,0,0,0,0,0,0.0,1.0,0.0,0.0,0.0,0.0,0.0
1312,20220918,1,1,1,2,0.014918025450151418,0,0,0,0,0,0,0,0.0,0.0,0.0,0.0,0.0,0.0,0.0
1312,20220920,1,1,1,2,0.014918025450151418,0,0,0,0,0,0,0,0.0,0.0,0.0,0.0,0.0,0.0,0.0
1315,20220916,3,1,1,6,0.15345661014348194,0,0,0,0,0,0,0,0.0,0.0,0.0,0.0,0.0,0.0,0.0
1315,20220917,9,3,3,255,0.5261088641558564,0,6,0,0,0,0,0,0.0,0.6667,0.0,0.0,0.0,0.0,0.0
1315,20220918,17,4,6,480,0.4602373938773119,0,14,0,0,0,0,0,0.0,0.8235,0.0,0.0,0.0,0.0,0.0
1315,20220919,9,3,3,174,0.2097680352073815,0,3,0,0,0,0,0,0.0,0.3333,0.0,0.0,0.0,0.0,0.0
1315,20220920,3,1,1,18,0.7058823529411765,0,0,0,0,0,0,0,0.0,0.0,0.0,0.0,0.0,0.0,0.0
1315,20220921,2,1,1,14,0.05496662740478995,0,0,0,0,0,0,0,0.0,0.0,0.0,0.0,0.0,0.0,0.0
1315,20220922,4,2,2,12,0.5651846269781462,0,0,0,0,0,0,0,0.0,0.0,0.0,0.0,0.0,0.0,0.0
1319,20220915,4,2,2,333,0.27724438622202224,0,3,0,0,0,0,0,0.0,0.75,0.0,0.0,0.0,0.0,0.0
1319,20220916,44,17,19,941,0.46413851426857167,4,28,0,0,0,0,0,0.0909,0.6364,0.0,0.0,0.0,0.0,0.0
1319,20220917,69,24,29,2347,0.42701327889794766,3,53,3,0,3,0,0,0.0435,0.7681,0.0435,0.0,0.0435,0.0,0.0
1319,20220918,73,24,28,4288,0.5692485933716392,0,51,0,0,0,0,3,0.0,0.6986,0.0,0.0,0.0,0.0,0.0411
1319,20220919,27,11,10,1402,0.5661190064339784,0,18,0,0,0,0,0,0.0,0.6667,0.0,0.0,0.0,0.0,0.0
1319,20220920,30,7,10,975,0.32605698132537037,3,13,0,3,0,0,0,0.1,0.4333,0.0,0.1,0.0,0.0,0.0
1319,20220921,19,8,7,1218,0.47017173845217375,0,12,0,0,0,0,0,0.0,0.6316,0.0,0.0,0.0,0.0,0.0
1319,20220922,30,8,12,2299,0.3844570836610936,1,14,0,0,1,1,0,0.0333,0.4667,0.0,0.0,0.0333,0.0333,0.0
1320,20220915,9,4,4,855,0.5573400585511238,2,6,0,0,0,0,0,0.2222,0.6667,0.0,0.0,0.0,0.0,0.0
1320,20220916,171,59,53,5378,0.5613174880454648,0,115,0,0,0,0,0,0.0,0.6725,0.0,0.0,0.0,0.0,0.0
1320,20220917,223,74,75,7663,0.5583318417713534,2,161,1,0,3,2,0,0.009,0.722,0.0045,0.0,0.0135,0.009,0.0
1320,20220918,244,70,77,11670,0.5617339269826988,4,180,3,0,2,2,0,0.0164,0.7377,0.0123,0.0,0.0082,0.0082,0.0
1320,20220919,34,16,19,2051,0.6359126255086688,3,28,0,3,3,0,0,0.0882,0.8235,0.0,0.0882,0.0882,0.0,0.0
1320,20220920,35,13,18,1032,0.6328089555336338,0,31,0,0,1,0,0,0.0,0.8857,0.0,0.0,0.0286,0.0,0.0
1320,20220921,56,21,27,1984,0.5865716561154737,0,40,0,0,1,3,0,0.0,0.7143,0.0,0.0,0.0179,0.0536,0.0
1320,20220922,92,29,30,3513,0.4691073692538047,0,57,0,0,0,0,0,0.0,0.6196,0.0,0.0,0.0,0.0,0.0
1321,20220915,2,1,1,4,0.026058631921824105,0,0,0,0,0,0,0,0.0,0.0,0.0,0.0,0.0,0.0,0.0
1321,20220916,6,1,3,40,0.13029315960912052,0,2,0,0,0,0,0,0.0,0.3333,0.0,0.0,0.0,0.0,0.0
1321,20220917,2,1,1,4,0.026058631921824105,0,0,0,0,0,0,0,0.0,0.0,0.0,0.0,0.0,0.0,0.0
1321,20220918,4,1,2,8,0.026058631921824105,0,0,0,0,0,0,0,0.0,0.0,0.0,0.0,0.0,0.0,0.0
1322,20220916,6,3,6,101,0.6169472787596076,0,5,0,0,0,0,0,0.0,0.8333,0.0,0.0,0.0,0.0,0.0
1322,20220917,5,3,4,178,0.7143292701333672,0,5,0,0,0,0,0,0.0,1.0,0.0,0.0,0.0,0.0,0.0
1322,20220918,10,2,3,276,0.783125519534497,0,7,0,0,0,0,0,0.0,0.7,0.0,0.0,0.0,0.0,0.0
1322,20220919,3,1,1,42,1.0,0,3,0,0,0,0,0,0.0,1.0,0.0,0.0,0.0,0.0,0.0
1324,20220917,9,2,3,333,0.4848484848484848,0,6,0,0,0,0,0,0.0,0.6667,0.0,0.0,0.0,0.0,0.0
1324,20220918,5,2,2,106,0.9483986612201682,0,5,0,0,0,0,0,0.0,1.0,0.0,0.0,0.0,0.0,0.0
1324,20220919,3,1,1,192,0.3827751196172249,0,3,0,0,0,0,0,0.0,1.0,0.0,0.0,0.0,0.0,0.0
1324,20220922,6,1,2,93,1.0,0,3,0,0,0,0,0,0.0,0.5,0.0,0.0,0.0,0.0,0.0
1330,20220915,3,1,1,105,0.5303030303030303,0,3,0,0,0,0,0,0.0,1.0,0.0,0.0,0.0,0.0,0.0
1330,20220918,4,2,2,40,0.12626812230359796,0,2,0,0,0,0,0,0.0,0.5,0.0,0.0,0.0,0.0,0.0
1330,20220920,2,1,1,126,0.5481454412570802,0,2,0,0,0,0,0,0.0,1.0,0.0,0.0,0.0,0.0,0.0
1330,20220921,2,1,1,184,0.8004663586611329,0,2,0,0,0,0,0,0.0,1.0,0.0,0.0,0.0,0.0,0.0
1331,20220915,5,2,2,85,0.2224987240811846,0,5,0,0,0,0,0,0.0,1.0,0.0,0.0,0.0,0.0,0.0
1331,20220916,5,3,3,94,0.2847448209674262,0,3,0,0,0,0,0,0.0,0.6,0.0,0.0,0.0,0.0,0.0
1331,20220918,4,2,2,351,0.8290659822211094,0,4,0,0,0,0,0,0.0,1.0,0.0,0.0,0.0,0.0,0.0
1337,20220916,3,1,1,225,0.996902954820358,0,3,0,0,0,0,0,0.0,1.0,0.0,0.0,0.0,0.0,0.0
1337,20220917,3,1,1,87,0.2067249773671792,0,3,0,0,0,0,0,0.0,1.0,0.0,0.0,0.0,0.0,0.0
1338,20220915,30,15,12,1209,0.5075352394660214,3,25,0,0,0,0,0,0.1,0.8333,0.0,0.0,0.0,0.0,0.0
1338,20220916,498,149,145,21391,0.49268126373072196,25,348,10,9,5,4,2,0.0502,0.6988,0.0201,0.0181,0.01,0.008,0.004
1338,20220917,551,181,155,20650,0.47850257337078933,9,375,3,3,4,0,0,0.0163,0.6806,0.0054,0.0054,0.0073,0.0,0.0
1338,20220918,634,198,177,27229,0.4963514081794708,20,423,6,10,9,3,0,0.0315,0.6672,0.0095,0.0158,0.0142,0.0047,0.0
1338,20220919,208,83,76,8267,0.4953398266457359,4,147,0,1,2,3,0,0.0192,0.7067,0.0,0.0048,0.0096,0.0144,0.0
1338,20220920,219,90,80,8907,0.48106870261962126,3,157,1,3,2,3,2,0.0137,0.7169,0.0046,0.0137,0.0091,0.0137,0.0091
1338,20220921,224,88,78,7142,0.46025046022394167,3,151,3,0,0,0,0,0.0134,0.6741,0.0134,0.0,0.0,0.0,0.0
1338,20220922,189,68,70,6857,0.41942427930336945,1,120,0,0,2,3,0,0.0053,0.6349,0.0,0.0,0.0106,0.0159,0.0
1340,20220915,2,1,1,4,0.3658982802780827,0,0,0,0,0,0,0,0.0,0.0,0.0,0.0,0.0,0.0,0.0
1340,20220916,18,6,10,554,0.4743215466653259,0,7,0,0,0,0,0,0.0,0.3889,0.0,0.0,0.0,0.0,0.0
1340,20220917,31,13,13,1551,0.8436426408657525,2,27,1,2,0,0,0,0.0645,0.871,0.0323,0.0645,0.0,0.0,0.0
1340,20220918,21,7,7,1259,0.6842803973170628,3,20,3,3,0,0,0,0.1429,0.9524,0.1429,0.1429,0.0,0.0,0.0
1340,20220919,5,2,2,133,0.20905952650074622,0,5,0,0,0,0,0,0.0,1.0,0.0,0.0,0.0,0.0,0.0
1340,20220920,10,4,2,490,0.5516273168011546,0,8,0,0,0,0,0,0.0,0.8,0.0,0.0,0.0,0.0,0.0
1340,20220921,6,4,3,342,0.9198861755047506,0,5,0,0,1,0,0,0.0,0.8333,0.0,0.0,0.1667,0.0,0.0
1340,20220922,2,1,1,76,1.0,0,2,0,0,0,0,0,0.0,1.0,0.0,0.0,0.0,0.0,0.0
1341,20220915,41,21,13,864,0.3761186008143646,1,23,0,0,0,0,0,0.0244,0.561,0.0,0.0,0.0,0.0,0.0
1341,20220916,427,141,122,17561,0.6297766029156923,0,329,1,0,0,0,0,0.0,0.7705,0.0023,0.0,0.0,0.0,0.0
1341,20220917,607,189,149,25490,0.528997757504148,17,420,0,3,7,0,0,0.028,0.6919,0.0,0.0049,0.0115,0.0,0.0
1341,20220918,628,191,169,20734,0.5244587284875399,22,418,2,0,6,0,1,0.035,0.6656,0.0032,0.0,0.0096,0.0,0.0016
1341,20220919,350,117,96,13132,0.5309428499312323,4,227,4,0,3,0,0,0.0114,0.6486,0.0114,0.0,0.0086,0.0,0.0
1341,20220920,404,124,95,13832,0.5616477667329116,6,274,3,3,0,0,0,0.0149,0.6782,0.0074,0.0074,0.0,0.0,0.0
1341,20220921,422,102,161,15073,0.5792982196720844,9,268,7,0,6,0,0,0.0213,0.6351,0.0166,0.0,0.0142,0.0,0.0
1341,20220922,191,70,70,5427,0.5397779486120405,5,116,0,0,0,0,0,0.0262,0.6073,0.0,0.0,0.0,0.0,0.0
1342,20220915,6,1,2,60,0.7219066216935914,0,3,0,0,0,0,0,0.0,0.5,0.0,0.0,0.0,0.0,0.0
1342,20220916,56,6,20,1645,0.6225425930754728,3,34,3,0,0,0,0,0.0536,0.6071,0.0536,0.0,0.0,0.0,0.0
1342,20220917,45,6,16,422,0.3958896405960263,0,16,0,0,0,0,0,0.0,0.3556,0.0,0.0,0.0,0.0,0.0
1342,20220918,26,4,9,487,0.44167519203942696,0,12,0,0,0,0,0,0.0,0.4615,0.0,0.0,0.0,0.0,0.0
1342,20220919,21,1,7,36,0.17752529735487313,0,0,0,0,3,0,0,0.0,0.0,0.0,0.0,0.1429,0.0,0.0
1342,20220920,18,4,7,751,0.4270679806928358,0,10,0,0,0,0,0,0.0,0.5556,0.0,0.0,0.0,0.0,0.0
1342,20220921,27,3,9,294,0.40260821187444873,0,12,0,0,0,0,0,0.0,0.4444,0.0,0.0,0.0,0.0,0.0
1342,20220922,21,1,7,93,0.320382440212016,0,3,0,0,0,0,0,0.0,0.1429,0.0,0.0,0.0,0.0,0.0
1344,20220917,2,2,2,157,0.5143587387283901,0,1,0,0,0,0,0,0.0,0.5,0.0,0.0,0.0,0.0,0.0
1344,20220918,1,1,1,154,1.0,0,1,0,0,0,0,0,0.0,1.0,0.0,0.0,0.0,0.0,0.0
1344,20220920,1,1,1,3,0.0196700674027643,0,0,0,0,0,0,0,0.0,0.0,0.0,0.0,0.0,0.0,0.0
1344,20220921,1,1,1,12,0.1148699098271208,0,1,0,0,0,0,0,0.0,1.0,0.0,0.0,0.0,0.0,0.0
1348,20220915,3,1,1,3,0.003946859483908654,0,0,0,0,0,0,0,0.0,0.0,0.0,0.0,0.0,0.0,0.0
1348,20220916,42,6,13,1041,0.3850964997197027,0,30,0,0,0,0,0,0.0,0.7143,0.0,0.0,0.0,0.0,0.0
1348,20220917,24,8,9,292,0.31715685555816275,3,9,0,0,0,0,0,0.125,0.375,0.0,0.0,0.0,0.0,0.0
1348,20220918,20,5,8,375,0.4445875094675099,0,12,0,0,0,0,0,0.0,0.6,0.0,0.0,0.0,0.0,0.0
1348,20220919,11,4,4,270,0.2360298336127486,0,8,0,0,0,0,0,0.0,0.7273,0.0,0.0,0.0,0.0,0.0
1348,20220920,23,4,8,572,0.31012785973142976,3,17,0,0,0,0,0,0.1304,0.7391,0.0,0.0,0.0,0.0,0.0
1348,20220921,3,1,1,168,1.0,0,3,0,0,0,0,0,0.0,1.0,0.0,0.0,0.0,0.0,0.0
1348,20220922,3,1,1,42,0.25400972494375496,0,3,0,0,0,0,0,0.0,1.0,0.0,0.0,0.0,0.0,0.0
1349,20220916,9,1,2,351,0.5272643001254158,0,3,0,0,0,0,0,0.0,0.3333,0.0,0.0,0.0,0.0,0.0
1349,20220917,3,1,1,90,0.5452860025083156,0,3,0,0,0,0,0,0.0,1.0,0.0,0.0,0.0,0.0,0.0
1349,20220918,21,2,6,405,0.3624264214524459,0,9,0,0,0,0,0,0.0,0.4286,0.0,0.0,0.0,0.0,0.0
1349,20220919,3,1,1,66,0.3998764018394314,0,3,0,0,0,0,0,0.0,1.0,0.0,0.0,0.0,0.0,0.0
1349,20220920,12,1,3,42,0.08482226705684909,0,6,0,0,0,0,0,0.0,0.5,0.0,0.0,0.0,0.0,0.0
1349,20220921,3,1,1,24,0.14540960066888414,0,3,0,0,0,0,0,0.0,1.0,0.0,0.0,0.0,0.0,0.0
1349,20220922,9,1,3,210,0.7001114827201784,0,6,0,0,0,0,0,0.0,0.6667,0.0,0.0,0.0,0.0,0.0
1350,20220915,196,54,66,11253,0.3598919184881565,0,128,0,0,0,3,0,0.0,0.6531,0.0,0.0,0.0,0.0153,0.0
1350,20220916,1461,310,450,73955,0.35138177121958897,31,938,2,6,16,3,0,0.0212,0.642,0.0014,0.0041,0.011,0.0021,0.0
1350,20220917,1217,315,382,73456,0.37483229874633384,25,723,0,0,11,2,3,0.0205,0.5941,0.0,0.0,0.009,0.0016,0.0025
1350,20220918,1203,299,373,68792,0.3498406880282662,20,674,0,2,0,0,2,0.0166,0.5603,0.0,0.0017,0.0,0.0,0.0017
1350,20220919,1401,304,421,75644,0.36731825556650055,18,890,2,1,9,0,0,0.0128,0.6353,0.0014,0.0007,0.0064,0.0,0.0
1350,20220920,1568,289,457,81275,0.3739278986922712,36,952,1,2,6,3,0,0.023,0.6071,0.0006,0.0013,0.0038,0.0019,0.0
1350,20220921,1022,231,363,53635,0.34723702286704394,0,576,2,2,0,1,0,0.0,0.5636,0.002,0.002,0.0,0.001,0.0
1350,20220922,778,181,267,40836,0.37080410427183896,15,446,0,4,4,5,0,0.0193,0.5733,0.0,0.0051,0.0051,0.0064,0.0
1351,20220915,9,3,4,169,0.24943583585968135,0,2,0,0,0,0,0,0.0,0.2222,0.0,0.0,0.0,0.0,0.0
1351,20220916,98,18,32,4581,0.2833966862711507,0,53,0,0,0,0,0,0.0,0.5408,0.0,0.0,0.0,0.0,0.0
1351,20220917,50,15,21,1887,0.24435138039125248,1,17,0,0,0,0,0,0.02,0.34,0.0,0.0,0.0,0.0,0.0
1351,20220918,55,13,23,3307,0.3561165990429746,0,30,0,0,0,0,0,0.0,0.5455,0.0,0.0,0.0,0.0,0.0
1351,20220919,70,14,51,4787,0.30982894139779205,1,43,0,0,0,0,0,0.0143,0.6143,0.0,0.0,0.0,0.0,0.0
1351,20220920,81,12,51,4608,0.23268367958616806,1,55,0,0,0,0,0,0.0123,0.679,0.0,0.0,0.0,0.0,0.0
1351,20220921,46,5,42,2193,0.24133272960566957,2,28,0,0,0,1,0,0.0435,0.6087,0.0,0.0,0.0,0.0217,0.0
1351,20220922,45,10,24,4193,0.5198954082242748,2,29,0,0,0,0,0,0.0444,0.6444,0.0,0.0,0.0,0.0,0.0
1352,20220915,11,4,4,188,0.25438843267446515,0,6,0,0,0,0,0,0.0,0.5455,0.0,0.0,0.0,0.0,0.0
1352,20220916,153,12,51,7291,0.41866212911567097,3,87,0,3,0,0,0,0.0196,0.5686,0.0,0.0196,0.0,0.0,0.0
1352,20220917,66,14,23,3691,0.4962115129139368,0,41,0,0,0,0,0,0.0,0.6212,0.0,0.0,0.0,0.0,0.0
1352,20220918,76,13,29,3820,0.37007608787727064,0,40,0,0,0,0,0,0.0,0.5263,0.0,0.0,0.0,0.0,0.0
1352,20220919,67,11,26,4043,0.40605787493460843,0,33,0,0,0,0,0,0.0,0.4925,0.0,0.0,0.0,0.0,0.0
1352,20220920,78,12,26,5549,0.6599356846790001,9,57,0,0,0,0,0,0.1154,0.7308,0.0,0.0,0.0,0.0,0.0
1352,20220921,52,12,20,3491,0.41632831210403387,3,29,3,3,0,0,0,0.0577,0.5577,0.0577,0.0577,0.0,0.0,0.0
1352,20220922,39,10,14,2367,0.4363489606279631,0,19,0,0,0,0,0,0.0,0.4872,0.0,0.0,0.0,0.0,0.0
1353,20220915,23,7,13,813,0.26090632171703504,0,13,0,0,0,1,0,0.0,0.5652,0.0,0.0,0.0,0.0435,0.0
1353,20220916,402,81,147,20092,0.40095410316397584,12,281,2,3,11,0,0,0.0299,0.699,0.005,0.0075,0.0274,0.0,0.0
1353,20220917,550,106,200,31601,0.5047395331291736,13,390,2,1,12,0,0,0.0236,0.7091,0.0036,0.0018,0.0218,0.0,0.0
1353,20220918,393,88,144,22348,0.42801671046000833,10,267,1,0,5,0,0,0.0254,0.6794,0.0025,0.0,0.0127,0.0,0.0
1353,20220919,206,52,73,12564,0.4550865754535597,13,147,0,0,1,3,0,0.0631,0.7136,0.0,0.0,0.0049,0.0146,0.0
1353,20220920,249,64,78,12420,0.4208674407288955,14,182,2,0,5,3,0,0.0562,0.7309,0.008,0.0,0.0201,0.012,0.0
1353,20220921,197,55,69,10307,0.46666035759568175,3,139,0,1,1,5,0,0.0152,0.7056,0.0,0.0051,0.0051,0.0254,0.0
1353,20220922,200,48,65,8054,0.38362159724629497,0,140,0,0,0,2,0,0.0,0.7,0.0,0.0,0.0,0.01,0.0
1354,20220915,55,16,20,1729,0.2388795572418299,0,30,0,0,0,0,0,0.0,0.5455,0.0,0.0,0.0,0.0,0.0
1354,20220916,667,131,240,32256,0.32069117630365035,6,375,0,3,3,0,0,0.009,0.5622,0.0,0.0045,0.0045,0.0,0.0
1354,20220917,619,125,234,30152,0.3223403016526255,12,343,0,3,0,2,0,0.0194,0.5541,0.0,0.0048,0.0,0.0032,0.0
1354,20220918,554,110,205,41427,0.4060835175524127,1,368,0,4,0,0,0,0.0018,0.6643,0.0,0.0072,0.0,0.0,0.0
1354,20220919,597,111,208,37349,0.3444421024995237,6,368,0,3,6,3,0,0.0101,0.6164,0.0,0.005,0.0101,0.005,0.0
1354,20220920,568,105,200,34456,0.35219451799312473,19,344,0,4,5,0,0,0.0335,0.6056,0.0,0.007,0.0088,0.0,0.0
1354,20220921,482,101,177,26612,0.2723722282812842,8,273,0,0,3,0,0,0.0166,0.5664,0.0,0.0,0.0062,0.0,0.0
1354,20220922,341,79,128,21800,0.3244685987041366,2,195,0,0,0,0,0,0.0059,0.5718,0.0,0.0,0.0,0.0,0.0
1355,20220915,106,27,36,7190,0.3853716935958135,0,87,0,0,0,0,0,0.0,0.8208,0.0,0.0,0.0,0.0,0.0
1355,20220916,943,182,292,48212,0.3652029412054112,18,613,2,2,11,0,0,0.0191,0.6501,0.0021,0.0021,0.0117,0.0,0.0
1355,20220917,819,178,260,45959,0.33347471704579884,13,491,3,0,3,0,3,0.0159,0.5995,0.0037,0.0,0.0037,0.0,0.0037
1355,20220918,858,195,257,47598,0.3385159111426692,9,458,2,2,3,0,2,0.0105,0.5338,0.0023,0.0023,0.0035,0.0,0.0023
1355,20220919,890,174,265,50261,0.38882711771975204,19,563,5,3,3,0,0,0.0213,0.6326,0.0056,0.0034,0.0034,0.0,0.0
1355,20220920,890,174,288,41939,0.36060589631714146,11,515,0,0,0,0,0,0.0124,0.5787,0.0,0.0,0.0,0.0,0.0
1355,20220921,653,132,226,34824,0.3595998990537694,3,359,0,0,0,1,0,0.0046,0.5498,0.0,0.0,0.0,0.0015,0.0
1355,20220922,459,103,159,33862,0.46723709501688865,3,318,0,9,0,2,0,0.0065,0.6928,0.0,0.0196,0.0,0.0044,0.0
1357,20220915,50,16,20,2294,0.2699969755897907,6,29,0,3,0,0,0,0.12,0.58,0.0,0.06,0.0,0.0,0.0
1357,20220916,418,69,158,21851,0.3169048317697454,6,240,0,3,3,0,0,0.0144,0.5742,0.0,0.0072,0.0072,0.0,0.0
1357,20220917,353,72,140,17936,0.32175566302070424,4,203,0,0,0,2,0,0.0113,0.5751,0.0,0.0,0.0,0.0057,0.0
1357,20220918,333,69,142,22271,0.3653685505985789,6,209,2,3,4,0,0,0.018,0.6276,0.006,0.009,0.012,0.0,0.0
1357,20220919,272,59,117,12918,0.3000243844715282,6,160,0,0,0,0,0,0.0221,0.5882,0.0,0.0,0.0,0.0,0.0
1357,20220920,486,79,185,34916,0.39588022751464874,7,318,2,7,3,0,0,0.0144,0.6543,0.0041,0.0144,0.0062,0.0,0.0
1357,20220921,352,66,137,20532,0.31905511648248436,2,210,0,0,0,0,0,0.0057,0.5966,0.0,0.0,0.0,0.0,0.0
1357,20220922,270,60,101,17907,0.33627659264867465,6,157,0,3,0,0,0,0.0222,0.5815,0.0,0.0111,0.0,0.0,0.0
1360,20220915,56,20,25,3961,0.4340134355177893,0,39,0,0,0,3,0,0.0,0.6964,0.0,0.0,0.0,0.0536,0.0
1360,20220916,612,138,225,33362,0.35334729493875916,11,373,0,3,6,3,0,0.018,0.6095,0.0,0.0049,0.0098,0.0049,0.0
1360,20220917,582,143,201,35664,0.3902382998901202,8,343,0,0,3,0,0,0.0137,0.5893,0.0,0.0,0.0052,0.0,0.0
1360,20220918,645,156,212,38112,0.37260059578682786,7,383,2,0,0,0,0,0.0109,0.5938,0.0031,0.0,0.0,0.0,0.0
1360,20220919,642,139,209,37613,0.41253901573482643,6,390,3,0,3,0,0,0.0093,0.6075,0.0047,0.0,0.0047,0.0,0.0
1360,20220920,521,133,177,30872,0.3817738673644307,22,323,0,5,6,0,0,0.0422,0.62,0.0,0.0096,0.0115,0.0,0.0
1360,20220921,459,121,176,27633,0.39684829493644175,7,297,0,0,0,0,0,0.0153,0.6471,0.0,0.0,0.0,0.0,0.0
1360,20220922,297,82,108,16005,0.3625841451481906,11,175,0,1,0,3,0,0.037,0.5892,0.0,0.0034,0.0,0.0101,0.0
1361,20220915,113,27,44,6352,0.39395884004853143,0,81,0,0,3,1,0,0.0,0.7168,0.0,0.0,0.0265,0.0088,0.0
1361,20220916,1096,188,358,51005,0.294508495213937,16,624,2,5,4,0,0,0.0146,0.5693,0.0018,0.0046,0.0036,0.0,0.0
1361,20220917,969,177,343,58535,0.32219579614929417,20,604,4,8,13,2,3,0.0206,0.6233,0.0041,0.0083,0.0134,0.0021,0.0031
1361,20220918,848,182,282,43505,0.286951946729829,16,484,1,0,1,0,0,0.0189,0.5708,0.0012,0.0,0.0012,0.0,0.0
1361,20220919,793,177,263,45911,0.3340016485892683,8,483,0,7,6,1,0,0.0101,0.6091,0.0,0.0088,0.0076,0.0013,0.0
1361,20220920,948,173,322,50207,0.34534666960916793,17,605,0,0,6,6,0,0.0179,0.6382,0.0,0.0,0.0063,0.0063,0.0
1361,20220921,683,144,241,42717,0.38008165808732364,9,430,2,7,4,2,0,0.0132,0.6296,0.0029,0.0102,0.0059,0.0029,0.0
1361,20220922,582,122,202,37267,0.37646882290831807,3,367,0,3,0,0,0,0.0052,0.6306,0.0,0.0052,0.0,0.0,0.0
1362,20220915,26,6,10,890,0.34848141604692867,0,17,0,0,0,0,0,0.0,0.6538,0.0,0.0,0.0,0.0,0.0
1362,20220916,136,29,54,5634,0.2621687192266363,5,87,0,0,0,0,0,0.0368,0.6397,0.0,0.0,0.0,0.0,0.0
1362,20220917,175,28,67,10983,0.3364221219074214,0,113,0,0,0,0,0,0.0,0.6457,0.0,0.0,0.0,0.0,0.0
1362,20220918,93,21,38,4322,0.273075279022377,0,60,0,0,3,0,0,0.0,0.6452,0.0,0.0,0.0323,0.0,0.0
1362,20220919,86,21,34,4237,0.29251868666361885,0,38,0,0,0,0,0,0.0,0.4419,0.0,0.0,0.0,0.0,0.0
1362,20220920,112,24,45,5458,0.3268543477235717,2,79,0,0,2,0,0,0.0179,0.7054,0.0,0.0,0.0179,0.0,0.0
1362,20220921,88,20,33,5773,0.3636159890249239,1,54,0,0,0,0,0,0.0114,0.6136,0.0,0.0,0.0,0.0,0.0
1362,20220922,60,17,25,2563,0.2957867499791122,0,36,0,0,0,0,0,0.0,0.6,0.0,0.0,0.0,0.0,0.0
1365,20220915,8,4,4,834,0.7243306023793828,1,7,0,0,0,0,0,0.125,0.875,0.0,0.0,0.0,0.0,0.0
1365,20220916,157,34,72,11209,0.38813513424734586,5,94,0,0,3,0,0,0.0318,0.5987,0.0,0.0,0.0191,0.0,0.0
1365,20220917,281,40,141,20594,0.3326901950484951,7,179,0,3,0,0,0,0.0249,0.637,0.0,0.0107,0.0,0.0,0.0
1365,20220918,195,48,94,10095,0.2992324384617408,5,116,0,1,0,0,0,0.0256,0.5949,0.0,0.0051,0.0,0.0,0.0
1365,20220919,366,47,144,23652,0.42307386337236036,3,235,0,0,0,0,0,0.0082,0.6421,0.0,0.0,0.0,0.0,0.0
1365,20220920,445,49,174,30193,0.3551929939880206,6,250,0,5,3,0,0,0.0135,0.5618,0.0,0.0112,0.0067,0.0,0.0
1365,20220921,309,34,137,18274,0.359127328330674,0,189,0,0,0,0,0,0.0,0.6117,0.0,0.0,0.0,0.0,0.0
1365,20220922,261,39,103,11446,0.35961742633474003,0,133,0,0,0,0,0,0.0,0.5096,0.0,0.0,0.0,0.0,0.0
1367,20220915,9,2,3,321,0.47589367310155833,0,9,0,0,0,0,0,0.0,1.0,0.0,0.0,0.0,0.0,0.0
1367,20220916,192,41,69,10691,0.4494316816706758,5,136,0,0,2,0,0,0.026,0.7083,0.0,0.0,0.0104,0.0,0.0
1367,20220917,206,43,81,11462,0.46584130591115114,9,150,0,2,3,0,0,0.0437,0.7282,0.0,0.0097,0.0146,0.0,0.0
1367,20220918,149,42,62,8125,0.4052746597345191,0,100,0,0,3,0,0,0.0,0.6711,0.0,0.0,0.0201,0.0,0.0
1367,20220919,85,25,33,4385,0.5146267281726764,1,60,0,2,0,0,0,0.0118,0.7059,0.0,0.0235,0.0,0.0,0.0
1367,20220920,123,32,57,5218,0.4521841957340049,6,81,0,0,6,0,0,0.0488,0.6585,0.0,0.0,0.0488,0.0,0.0
1367,20220921,108,30,53,5919,0.4395628970497371,3,81,0,0,2,2,0,0.0278,0.75,0.0,0.0,0.0185,0.0185,0.0
1367,20220922,88,20,33,4898,0.43293689562062126,3,57,0,0,0,0,0,0.0341,0.6477,0.0,0.0,0.0,0.0,0.0
1368,20220915,8,2,3,237,0.3940981225937218,0,8,0,0,0,0,0,0.0,1.0,0.0,0.0,0.0,0.0,0.0
1368,20220916,75,23,29,3859,0.3527703789228375,0,50,0,0,0,0,0,0.0,0.6667,0.0,0.0,0.0,0.0,0.0
1368,20220917,103,23,44,5219,0.38410333799671653,0,62,0,0,0,0,0,0.0,0.6019,0.0,0.0,0.0,0.0,0.0
1368,20220918,71,19,29,3721,0.4169318300639036,0,43,0,0,3,0,0,0.0,0.6056,0.0,0.0,0.0423,0.0,0.0
1368,20220919,50,12,18,3909,0.3825590147251016,3,31,0,0,0,0,0,0.06,0.62,0.0,0.0,0.0,0.0,0.0
1368,20220920,114,20,43,5758,0.324763492458277,3,60,0,0,0,0,0,0.0263,0.5263,0.0,0.0,0.0,0.0,0.0
1368,20220921,53,16,23,1917,0.30651738652044247,0,28,0,0,0,0,0,0.0,0.5283,0.0,0.0,0.0,0.0,0.0
1368,20220922,50,11,18,3142,0.26655089917109626,0,26,0,0,0,0,0,0.0,0.52,0.0,0.0,0.0,0.0,0.0
1369,20220915,31,10,13,2368,0.45114728316038016,1,24,0,0,0,0,0,0.0323,0.7742,0.0,0.0,0.0,0.0,0.0
1369,20220916,340,70,122,10941,0.2264207757689852,7,166,0,0,2,0,0,0.0206,0.4882,0.0,0.0,0.0059,0.0,0.0
1369,20220917,298,69,100,18895,0.4125487442616335,4,193,0,0,3,0,0,0.0134,0.6477,0.0,0.0,0.0101,0.0,0.0
1369,20220918,273,70,94,13332,0.3176021458239019,6,142,0,3,0,2,0,0.022,0.5201,0.0,0.011,0.0,0.0073,0.0
1369,20220919,344,61,127,21134,0.35044012412825365,3,192,1,0,0,0,0,0.0087,0.5581,0.0029,0.0,0.0,0.0,0.0
1369,20220920,419,58,160,27587,0.41373344793746103,14,259,0,6,0,0,0,0.0334,0.6181,0.0,0.0143,0.0,0.0,0.0
1369,20220921,262,60,106,13383,0.31350651291807186,1,150,0,3,0,0,0,0.0038,0.5725,0.0,0.0115,0.0,0.0,0.0
1369,20220922,267,54,101,18042,0.4253117310345765,2,152,0,1,0,0,0,0.0075,0.5693,0.0,0.0037,0.0,0.0,0.0
1371,20220915,10,2,3,325,0.19083217456099302,0,3,0,0,0,0,0,0.0,0.3,0.0,0.0,0.0,0.0,0.0
1371,20220916,295,53,119,15848,0.3925177741019638,4,220,0,3,6,0,0,0.0136,0.7458,0.0,0.0102,0.0203,0.0,0.0
1371,20220917,335,65,131,19652,0.4542076616068216,3,219,0,0,0,0,0,0.009,0.6537,0.0,0.0,0.0,0.0,0.0
1371,20220918,222,64,95,9839,0.3632235209912313,4,146,0,1,3,0,0,0.018,0.6577,0.0,0.0045,0.0135,0.0,0.0
1371,20220919,188,43,75,10523,0.46886821545325624,10,129,0,0,1,0,0,0.0532,0.6862,0.0,0.0,0.0053,0.0,0.0
1371,20220920,237,49,90,15184,0.40841681685117737,13,178,0,0,0,3,0,0.0549,0.7511,0.0,0.0,0.0,0.0127,0.0
1371,20220921,169,36,69,8222,0.320158957655993,0,116,0,1,0,3,0,0.0,0.6864,0.0,0.0059,0.0,0.0178,0.0
1371,20220922,153,31,54,7583,0.3769319192662038,0,106,0,0,0,2,0,0.0,0.6928,0.0,0.0,0.0,0.0131,0.0
1374,20220915,16,6,6,1283,0.23849027697498887,0,14,0,0,0,0,0,0.0,0.875,0.0,0.0,0.0,0.0,0.0
1374,20220916,207,40,70,8663,0.23619073391403325,2,115,0,0,0,0,0,0.0097,0.5556,0.0,0.0,0.0,0.0,0.0
1374,20220917,183,40,64,7660,0.26485860522109805,1,106,0,1,0,0,0,0.0055,0.5792,0.0,0.0055,0.0,0.0,0.0
1374,20220918,163,26,54,9761,0.22890342290355054,0,97,0,3,0,0,0,0.0,0.5951,0.0,0.0184,0.0,0.0,0.0
1374,20220919,257,45,86,15744,0.35522527063332504,0,178,0,2,0,0,0,0.0,0.6926,0.0,0.0078,0.0,0.0,0.0
1374,20220920,214,30,74,12337,0.32759722812388065,9,145,3,0,0,0,0,0.0421,0.6776,0.014,0.0,0.0,0.0,0.0
1374,20220921,126,27,46,7768,0.3882135683793075,0,86,0,0,0,0,0,0.0,0.6825,0.0,0.0,0.0,0.0,0.0
1374,20220922,138,26,47,8829,0.3695152668040953,6,93,0,0,3,0,0,0.0435,0.6739,0.0,0.0,0.0217,0.0,0.0
1375,20220917,9,2,3,144,0.12267203378458616,0,6,0,0,0,0,0,0.0,0.6667,0.0,0.0,0.0,0.0,0.0
1375,20220918,1,1,1,10,1.0,0,1,0,0,0,0,0,0.0,1.0,0.0,0.0,0.0,0.0,0.0
1375,20220919,4,2,2,124,0.3712167610881437,0,4,0,0,0,0,0,0.0,1.0,0.0,0.0,0.0,0.0,0.0
1375,20220920,3,1,1,195,1.0,0,3,0,0,0,0,0,0.0,1.0,0.0,0.0,0.0,0.0,0.0
1376,20220915,31,14,16,3106,0.5193622377723509,0,20,0,0,0,0,0,0.0,0.6452,0.0,0.0,0.0,0.0,0.0
1376,20220916,302,78,120,15480,0.3756913341798899,11,184,0,6,3,0,0,0.0364,0.6093,0.0,0.0199,0.0099,0.0,0.0
1376,20220917,440,86,154,19619,0.33180587246493554,9,238,0,0,3,0,0,0.0205,0.5409,0.0,0.0,0.0068,0.0,0.0
1376,20220918,422,95,148,25002,0.4272924572621658,0,276,0,0,0,0,0,0.0,0.654,0.0,0.0,0.0,0.0,0.0
1376,20220919,425,83,145,22441,0.4647293858320325,13,268,0,0,6,0,0,0.0306,0.6306,0.0,0.0,0.0141,0.0,0.0
1376,20220920,373,91,130,20853,0.43287520603262575,26,269,1,5,0,3,0,0.0697,0.7212,0.0027,0.0134,0.0,0.008,0.0
1376,20220921,225,65,92,12188,0.3852751951326285,0,152,0,0,0,0,0,0.0,0.6756,0.0,0.0,0.0,0.0,0.0
1376,20220922,165,50,64,10267,0.38030761525670304,8,107,0,0,0,3,0,0.0485,0.6485,0.0,0.0,0.0,0.0182,0.0
1378,20220915,19,5,5,86,0.02365101343235009,0,3,0,0,0,0,0,0.0,0.1579,0.0,0.0,0.0,0.0,0.0
1378,20220916,144,40,52,8486,0.41534100175005334,6,112,0,0,2,0,0,0.0417,0.7778,0.0,0.0,0.0139,0.0,0.0
1378,20220917,181,33,67,10721,0.4420101365833967,3,111,0,0,5,2,0,0.0166,0.6133,0.0,0.0,0.0276,0.011,0.0
1378,20220918,191,45,75,8105,0.365471189685799,4,118,0,0,3,0,0,0.0209,0.6178,0.0,0.0,0.0157,0.0,0.0
1378,20220919,204,47,82,11134,0.43701375450797714,4,136,0,2,3,0,0,0.0196,0.6667,0.0,0.0098,0.0147,0.0,0.0
1378,20220920,220,43,93,13559,0.40751490374385635,8,139,0,2,0,0,0,0.0364,0.6318,0.0,0.0091,0.0,0.0,0.0
1378,20220921,166,29,79,10378,0.2880708772086167,2,101,0,0,2,0,0,0.012,0.6084,0.0,0.0,0.012,0.0,0.0
1378,20220922,110,15,46,6169,0.46690066106074757,0,66,0,6,0,0,0,0.0,0.6,0.0,0.0545,0.0,0.0,0.0
1384,20220916,93,30,38,5243,0.3759278724062033,0,56,0,0,0,0,0,0.0,0.6022,0.0,0.0,0.0,0.0,0.0
1384,20220917,118,31,49,8844,0.4399080432627954,3,75,0,0,3,0,0,0.0254,0.6356,0.0,0.0,0.0254,0.0,0.0
1384,20220918,112,29,47,13765,0.5149302990941206,0,78,0,0,0,0,0,0.0,0.6964,0.0,0.0,0.0,0.0,0.0
1384,20220919,253,32,89,21033,0.34215438156818007,3,164,0,3,3,3,0,0.0119,0.6482,0.0,0.0119,0.0119,0.0119,0.0
1384,20220920,185,28,65,11675,0.2662319718119313,2,94,0,0,0,0,0,0.0108,0.5081,0.0,0.0,0.0,0.0,0.0
1384,20220921,140,24,47,8015,0.25388174673122715,0,67,0,0,0,0,0,0.0,0.4786,0.0,0.0,0.0,0.0,0.0
1384,20220922,103,20,37,4803,0.19371103961196776,0,39,0,0,0,0,0,0.0,0.3786,0.0,0.0,0.0,0.0,0.0
1385,20220915,61,23,25,4488,0.3815994110103353,0,38,0,0,0,0,0,0.0,0.623,0.0,0.0,0.0,0.0,0.0
1385,20220916,900,166,305,44915,0.37405835860818376,16,597,0,5,11,3,0,0.0178,0.6633,0.0,0.0056,0.0122,0.0033,0.0
1385,20220917,886,176,317,47387,0.4072978076539102,19,588,0,2,16,2,0,0.0214,0.6637,0.0,0.0023,0.0181,0.0023,0.0
1385,20220918,739,175,254,45187,0.37018531035164426,8,452,0,0,8,3,0,0.0108,0.6116,0.0,0.0,0.0108,0.0041,0.0
1385,20220919,678,155,224,38186,0.3569541361514574,14,442,0,0,7,0,0,0.0206,0.6519,0.0,0.0,0.0103,0.0,0.0
1385,20220920,866,163,277,43446,0.32767967456431024,35,530,0,7,3,6,0,0.0404,0.612,0.0,0.0081,0.0035,0.0069,0.0
1385,20220921,572,134,202,33325,0.3434916801841484,5,366,0,0,0,2,0,0.0087,0.6399,0.0,0.0,0.0,0.0035,0.0
1385,20220922,509,111,174,26394,0.33571452520521633,9,323,0,6,0,2,0,0.0177,0.6346,0.0,0.0118,0.0,0.0039,0.0
1387,20220916,7,2,3,109,0.06900612899558269,0,3,0,0,0,0,0,0.0,0.4286,0.0,0.0,0.0,0.0,0.0
1387,20220917,9,3,3,87,0.050933649665928976,0,3,0,0,0,0,0,0.0,0.3333,0.0,0.0,0.0,0.0,0.0
1387,20220918,19,3,7,435,0.12335070126778434,0,7,0,0,0,0,0,0.0,0.3684,0.0,0.0,0.0,0.0,0.0
1387,20220919,6,1,2,759,0.420265780730897,0,3,0,0,0,0,0,0.0,0.5,0.0,0.0,0.0,0.0,0.0
1387,20220921,3,1,1,252,1.0,0,3,0,0,0,0,0,0.0,1.0,0.0,0.0,0.0,0.0,0.0
1388,20220916,12,5,5,713,0.5205735833348533,0,7,0,0,0,0,0,0.0,0.5833,0.0,0.0,0.0,0.0,0.0
1388,20220917,39,6,12,2901,0.42620386493278845,0,27,0,0,3,0,0,0.0,0.6923,0.0,0.0,0.0769,0.0,0.0
1388,20220918,21,7,9,923,0.3410410489027993,0,11,0,0,0,0,0,0.0,0.5238,0.0,0.0,0.0,0.0,0.0
1388,20220919,45,7,18,1910,0.49448204365875165,0,26,0,0,0,0,0,0.0,0.5778,0.0,0.0,0.0,0.0,0.0
1388,20220920,24,6,10,1169,0.5005552062712862,0,19,0,0,0,0,0,0.0,0.7917,0.0,0.0,0.0,0.0,0.0
1388,20220921,6,2,2,15,0.02561003381822218,0,0,0,0,0,0,0,0.0,0.0,0.0,0.0,0.0,0.0,0.0
1388,20220922,11,2,4,441,0.4802672870328479,0,6,0,0,0,0,0,0.0,0.5455,0.0,0.0,0.0,0.0,0.0
1389,20220915,2,1,2,236,0.9922637066935756,0,2,0,0,0,0,0,0.0,1.0,0.0,0.0,0.0,0.0,0.0
1389,20220916,18,4,14,1179,0.4721795193909215,0,10,0,0,0,0,0,0.0,0.5556,0.0,0.0,0.0,0.0,0.0
1389,20220917,11,4,7,577,0.3194882353368205,0,9,0,0,0,0,0,0.0,0.8182,0.0,0.0,0.0,0.0,0.0
1389,20220918,15,4,8,693,0.34053157394032585,0,10,0,0,0,0,0,0.0,0.6667,0.0,0.0,0.0,0.0,0.0
1389,20220919,9,3,6,867,0.5811063749619214,0,9,0,0,0,0,0,0.0,1.0,0.0,0.0,0.0,0.0,0.0
1389,20220920,7,3,5,247,0.14426305139655324,2,3,0,2,0,0,0,0.2857,0.4286,0.0,0.2857,0.0,0.0,0.0
1389,20220921,4,2,3,9,0.07525344146965746,0,0,0,0,0,0,0,0.0,0.0,0.0,0.0,0.0,0.0,0.0
1389,20220922,14,5,8,1108,0.6844188903182513,0,13,0,0,0,0,0,0.0,0.9286,0.0,0.0,0.0,0.0,0.0
1390,20220915,61,19,26,3447,0.4784089354701941,6,35,0,3,0,0,0,0.0984,0.5738,0.0,0.0492,0.0,0.0,0.0
1390,20220916,480,96,184,26901,0.41615621572752737,9,285,0,8,3,0,0,0.0188,0.5938,0.0,0.0167,0.0062,0.0,0.0
1390,20220917,370,80,146,15950,0.3553564327040843,9,210,0,0,3,0,3,0.0243,0.5676,0.0,0.0,0.0081,0.0,0.0081
1390,20220918,409,87,168,20645,0.35013641753642866,5,238,4,0,1,0,0,0.0122,0.5819,0.0098,0.0,0.0024,0.0,0.0
1390,20220919,374,76,156,22096,0.43782651031499037,9,230,0,0,0,0,0,0.0241,0.615,0.0,0.0,0.0,0.0,0.0
1390,20220920,477,77,197,31851,0.4963100436188426,2,328,2,0,5,0,0,0.0042,0.6876,0.0042,0.0,0.0105,0.0,0.0
1390,20220921,317,72,135,15001,0.33664026991064594,3,185,0,0,0,3,0,0.0095,0.5836,0.0,0.0,0.0,0.0095,0.0
1390,20220922,290,63,114,20575,0.45204564578609396,3,183,0,3,0,0,0,0.0103,0.631,0.0,0.0103,0.0,0.0,0.0
1392,20220916,31,7,12,668,0.21698065334816732,0,27,0,0,2,0,0,0.0,0.871,0.0,0.0,0.0645,0.0,0.0
1392,20220917,21,5,8,287,0.5567201751803017,0,12,0,0,0,0,0,0.0,0.5714,0.0,0.0,0.0,0.0,0.0
1392,20220918,3,2,2,5,0.06321112515802782,0,0,0,0,0,0,0,0.0,0.0,0.0,0.0,0.0,0.0,0.0
1392,20220919,4,1,2,176,0.10735215899830677,0,4,0,0,0,0,0,0.0,1.0,0.0,0.0,0.0,0.0,0.0
1392,20220920,7,3,3,336,0.6292778615449928,0,5,0,0,0,0,0,0.0,0.7143,0.0,0.0,0.0,0.0,0.0
1392,20220921,2,1,1,8,0.022455131839692815,0,0,0,0,0,0,0,0.0,0.0,0.0,0.0,0.0,0.0,0.0
1392,20220922,9,3,3,138,0.0690985218871437,0,3,0,0,0,0,0,0.0,0.3333,0.0,0.0,0.0,0.0,0.0
1393,20220916,32,5,10,2271,0.5998105590470233,0,25,0,0,0,0,0,0.0,0.7812,0.0,0.0,0.0,0.0,0.0
1393,20220917,39,5,13,2265,0.4375794320295831,0,18,0,0,0,0,0,0.0,0.4615,0.0,0.0,0.0,0.0,0.0
1393,20220918,27,6,9,886,0.32841394372505694,3,14,0,0,0,0,0,0.1111,0.5185,0.0,0.0,0.0,0.0,0.0
1393,20220919,27,4,8,2184,0.5045858538838098,3,21,0,0,0,0,0,0.1111,0.7778,0.0,0.0,0.0,0.0,0.0
1393,20220920,30,4,10,2364,0.3592624277980062,0,24,0,0,0,0,0,0.0,0.8,0.0,0.0,0.0,0.0,0.0
1393,20220921,18,5,6,381,0.15311201239135505,0,6,0,0,0,0,0,0.0,0.3333,0.0,0.0,0.0,0.0,0.0
1393,20220922,3,1,1,39,0.04475967497589864,0,3,0,0,0,0,0,0.0,1.0,0.0,0.0,0.0,0.0,0.0
1394,20220915,47,14,15,2134,0.28100318546733555,0,28,0,0,0,0,0,0.0,0.5957,0.0,0.0,0.0,0.0,0.0
1394,20220916,619,96,226,32858,0.4045091086366423,15,354,0,3,0,0,0,0.0242,0.5719,0.0,0.0048,0.0,0.0,0.0
1394,20220917,497,84,201,29322,0.3840912013564613,16,308,0,6,3,0,0,0.0322,0.6197,0.0,0.0121,0.006,0.0,0.0
1394,20220918,392,94,157,20681,0.32451854345389974,7,230,0,0,0,2,0,0.0179,0.5867,0.0,0.0,0.0,0.0051,0.0
1394,20220919,584,101,221,37554,0.38502094290324146,0,344,1,0,0,0,0,0.0,0.589,0.0017,0.0,0.0,0.0,0.0
1394,20220920,614,90,227,40766,0.41966871481786516,23,367,0,6,0,0,0,0.0375,0.5977,0.0,0.0098,0.0,0.0,0.0
1394,20220921,388,84,145,16957,0.35848216847837405,6,213,3,6,0,0,0,0.0155,0.549,0.0077,0.0155,0.0,0.0,0.0
1394,20220922,432,83,168,25168,0.40344394653545296,0,248,0,1,0,0,0,0.0,0.5741,0.0,0.0023,0.0,0.0,0.0
1396,20220916,34,5,14,2374,0.3774432159881491,2,23,0,0,3,0,0,0.0588,0.6765,0.0,0.0,0.0882,0.0,0.0
1396,20220917,21,4,10,1553,0.4030451608169989,3,14,0,0,0,0,0,0.1429,0.6667,0.0,0.0,0.0,0.0,0.0
1396,20220918,9,4,5,665,0.3777148157213462,0,7,0,0,0,0,0,0.0,0.7778,0.0,0.0,0.0,0.0,0.0
1396,20220919,10,3,4,18,0.016117863510083465,0,1,0,0,0,0,0,0.0,0.1,0.0,0.0,0.0,0.0,0.0
1396,20220920,11,4,5,228,0.13413540933072987,0,8,0,0,0,0,0,0.0,0.7273,0.0,0.0,0.0,0.0,0.0
1396,20220921,12,3,6,543,0.5295724787183625,0,9,0,0,0,0,0,0.0,0.75,0.0,0.0,0.0,0.0,0.0
1396,20220922,4,2,3,30,0.5847816871555744,0,1,0,0,0,0,0,0.0,0.25,0.0,0.0,0.0,0.0,0.0
1397,20220915,2,1,1,116,0.5187835420393561,0,2,0,0,0,0,0,0.0,1.0,0.0,0.0,0.0,0.0,0.0
1397,20220916,68,5,22,1787,0.07739514418225026,0,27,0,0,0,0,0,0.0,0.3971,0.0,0.0,0.0,0.0,0.0
1397,20220917,33,6,12,2318,0.23293989749005725,3,14,0,0,0,0,0,0.0909,0.4242,0.0,0.0,0.0,0.0,0.0
1397,20220918,37,4,12,4165,0.37791906444844237,0,20,0,0,0,0,0,0.0,0.5405,0.0,0.0,0.0,0.0,0.0
1397,20220919,24,2,8,1110,0.39308171000969344,0,15,0,0,0,0,0,0.0,0.625,0.0,0.0,0.0,0.0,0.0
1397,20220920,40,5,14,2442,0.424603844928974,0,32,0,0,0,0,0,0.0,0.8,0.0,0.0,0.0,0.0,0.0
1397,20220921,23,4,8,2508,0.44022520545596455,0,15,0,0,0,0,0,0.0,0.6522,0.0,0.0,0.0,0.0,0.0
1397,20220922,24,6,8,867,0.1099638851487111,0,6,0,0,0,0,0,0.0,0.25,0.0,0.0,0.0,0.0,0.0
1398,20220915,12,5,5,76,0.037695411314685456,3,3,0,0,0,0,0,0.25,0.25,0.0,0.0,0.0,0.0,0.0
1398,20220916,105,18,37,3602,0.20917720982040514,6,65,0,0,5,3,0,0.0571,0.619,0.0,0.0,0.0476,0.0286,0.0
1398,20220917,95,23,38,2971,0.2909471715646883,1,58,0,0,0,0,0,0.0105,0.6105,0.0,0.0,0.0,0.0,0.0
1398,20220918,50,14,18,2579,0.4640207918999719,3,33,0,0,0,0,0,0.06,0.66,0.0,0.0,0.0,0.0,0.0
1398,20220919,52,10,23,1687,0.2114782443276718,3,30,0,0,0,0,0,0.0577,0.5769,0.0,0.0,0.0,0.0,0.0
1398,20220920,38,13,14,3898,0.5287406222036244,0,36,0,0,0,0,0,0.0,0.9474,0.0,0.0,0.0,0.0,0.0
1398,20220921,32,8,11,2628,0.33060217119451224,0,27,0,0,0,0,0,0.0,0.8438,0.0,0.0,0.0,0.0,0.0
1398,20220922,41,13,16,1997,0.4053833417418595,0,27,0,0,0,0,0,0.0,0.6585,0.0,0.0,0.0,0.0,0.0
1399,20220916,15,2,5,966,0.18276342579671612,0,12,0,0,0,0,0,0.0,0.8,0.0,0.0,0.0,0.0,0.0
1399,20220917,9,1,3,504,0.11203742049844648,0,6,0,0,0,0,0,0.0,0.6667,0.0,0.0,0.0,0.0,0.0
1399,20220918,9,2,3,315,0.09896956625179476,0,9,0,0,0,0,0,0.0,1.0,0.0,0.0,0.0,0.0,0.0
1399,20220922,3,1,1,18,0.021311888837187824,0,0,0,0,0,0,0,0.0,0.0,0.0,0.0,0.0,0.0,0.0
1400,20220915,31,9,11,1948,0.47412971019225025,0,23,0,0,0,0,0,0.0,0.7419,0.0,0.0,0.0,0.0,0.0
1400,20220916,321,66,106,15190,0.3423842443777944,3,230,0,0,3,0,0,0.0093,0.7165,0.0,0.0,0.0093,0.0,0.0
1400,20220917,343,66,125,16763,0.359003649014415,9,201,0,0,5,0,0,0.0262,0.586,0.0,0.0,0.0146,0.0,0.0
1400,20220918,324,68,120,22467,0.4634276152984608,3,235,0,0,10,2,0,0.0093,0.7253,0.0,0.0,0.0309,0.0062,0.0
1400,20220919,229,45,83,13023,0.3365441965936483,0,140,0,0,0,0,0,0.0,0.6114,0.0,0.0,0.0,0.0,0.0
1400,20220920,277,45,93,17995,0.3584286624724798,7,196,0,4,0,3,0,0.0253,0.7076,0.0,0.0144,0.0,0.0108,0.0
1400,20220921,208,42,68,13893,0.3634291549291757,0,165,0,0,0,0,0,0.0,0.7933,0.0,0.0,0.0,0.0,0.0
1400,20220922,183,30,59,8880,0.32472489610637745,3,121,0,3,0,2,0,0.0164,0.6612,0.0,0.0164,0.0,0.0109,0.0
1402,20220915,1,1,1,67,0.35462306743660454,0,1,0,0,0,0,0,0.0,1.0,0.0,0.0,0.0,0.0,0.0
1402,20220916,139,38,52,6880,0.4058205058722846,0,91,0,0,2,0,0,0.0,0.6547,0.0,0.0,0.0144,0.0,0.0
1402,20220917,145,29,53,7409,0.5382433054531177,3,108,1,0,8,0,0,0.0207,0.7448,0.0069,0.0,0.0552,0.0,0.0
1402,20220918,141,35,53,6671,0.33661611999940105,0,80,0,0,0,0,0,0.0,0.5674,0.0,0.0,0.0,0.0,0.0
1402,20220919,46,17,17,2630,0.4230375467730989,1,27,0,0,1,0,0,0.0217,0.587,0.0,0.0,0.0217,0.0,0.0
1402,20220920,91,26,36,3699,0.38690949970741295,11,60,0,3,5,0,0,0.1209,0.6593,0.0,0.033,0.0549,0.0,0.0
1402,20220921,79,22,29,3847,0.3954462645505643,5,52,0,0,2,2,0,0.0633,0.6582,0.0,0.0,0.0253,0.0253,0.0
1402,20220922,77,19,25,3197,0.3353836499902461,0,56,0,0,0,0,0,0.0,0.7273,0.0,0.0,0.0,0.0,0.0
1403,20220916,7,2,4,39,0.2689225971587387,0,1,0,0,0,0,0,0.0,0.1429,0.0,0.0,0.0,0.0,0.0
1403,20220917,9,4,4,287,0.337778266024366,0,5,0,0,0,0,0,0.0,0.5556,0.0,0.0,0.0,0.0,0.0
1403,20220918,16,4,6,94,0.09207277575230677,0,4,0,0,0,0,0,0.0,0.25,0.0,0.0,0.0,0.0,0.0
1403,20220919,19,6,7,718,0.27208582258865305,3,10,0,0,0,0,0,0.1579,0.5263,0.0,0.0,0.0,0.0,0.0
1403,20220920,56,6,18,1931,0.18378218357969764,3,20,0,0,0,0,0,0.0536,0.3571,0.0,0.0,0.0,0.0,0.0
1403,20220921,27,4,9,774,0.1243146123657113,0,18,0,0,0,0,0,0.0,0.6667,0.0,0.0,0.0,0.0,0.0
1403,20220922,33,4,9,1839,0.23604041083127872,0,12,0,0,0,0,0,0.0,0.3636,0.0,0.0,0.0,0.0,0.0
1404,20220915,3,1,1,216,0.1340782122905028,0,3,0,0,0,0,0,0.0,1.0,0.0,0.0,0.0,0.0,0.0
1404,20220916,15,1,5,546,0.06778398510242087,0,12,0,0,0,0,0,0.0,0.8,0.0,0.0,0.0,0.0,0.0
1404,20220917,17,3,6,174,0.038633960618094446,0,3,0,0,0,0,0,0.0,0.1765,0.0,0.0,0.0,0.0,0.0
1404,20220918,6,1,2,57,0.05724270908652687,0,6,0,0,0,0,0,0.0,1.0,0.0,0.0,0.0,0.0,0.0
1404,20220919,18,4,6,315,0.11910223307270709,0,6,0,0,0,0,0,0.0,0.3333,0.0,0.0,0.0,0.0,0.0
1404,20220920,7,3,3,347,0.1496493182240955,0,6,0,0,0,0,0,0.0,0.8571,0.0,0.0,0.0,0.0,0.0
1404,20220921,4,1,2,174,0.5118483412322274,0,2,0,0,0,0,0,0.0,0.5,0.0,0.0,0.0,0.0,0.0
1404,20220922,12,2,4,255,0.08738146897409597,0,6,0,0,0,0,0,0.0,0.5,0.0,0.0,0.0,0.0,0.0
1405,20220918,3,1,1,339,1.0,0,3,0,0,0,0,0,0.0,1.0,0.0,0.0,0.0,0.0,0.0
1406,20220915,7,4,5,424,0.22359775717992258,0,5,0,0,0,0,0,0.0,0.7143,0.0,0.0,0.0,0.0,0.0
1406,20220916,187,40,88,11015,0.31297448443036274,0,106,0,0,0,0,0,0.0,0.5668,0.0,0.0,0.0,0.0,0.0
1406,20220917,133,29,62,9466,0.3155824787785519,0,69,0,0,0,0,0,0.0,0.5188,0.0,0.0,0.0,0.0,0.0
1406,20220918,142,33,56,9422,0.3132654343834414,0,89,0,0,0,0,0,0.0,0.6268,0.0,0.0,0.0,0.0,0.0
1406,20220919,162,36,58,7172,0.24552434817008495,3,84,0,0,0,0,0,0.0185,0.5185,0.0,0.0,0.0,0.0,0.0
1406,20220920,188,36,74,7626,0.27673101596379274,3,95,0,0,0,3,0,0.016,0.5053,0.0,0.0,0.0,0.016,0.0
1406,20220921,154,39,59,7752,0.30643936892107415,3,97,0,0,0,0,0,0.0195,0.6299,0.0,0.0,0.0,0.0,0.0
1406,20220922,82,23,34,5844,0.41549254170281896,0,48,0,0,0,0,0,0.0,0.5854,0.0,0.0,0.0,0.0,0.0
1407,20220916,14,4,5,477,0.1555076093933627,0,14,0,0,0,0,0,0.0,1.0,0.0,0.0,0.0,0.0,0.0
1407,20220917,9,4,5,341,0.19292337101183418,0,4,0,0,0,0,0,0.0,0.4444,0.0,0.0,0.0,0.0,0.0
1407,20220918,4,2,2,122,0.2004837361231912,0,4,0,0,0,0,0,0.0,1.0,0.0,0.0,0.0,0.0,0.0
1407,20220919,3,1,1,15,0.013155609815137371,0,0,0,0,0,0,0,0.0,0.0,0.0,0.0,0.0,0.0,0.0
1407,20220920,4,1,1,332,0.2884287928386258,0,4,0,0,0,0,0,0.0,1.0,0.0,0.0,0.0,0.0,0.0
1407,20220921,7,3,4,339,0.4723627380581999,2,6,0,0,0,0,0,0.2857,0.8571,0.0,0.0,0.0,0.0,0.0
1407,20220922,1,1,1,7,0.04613883835587545,0,0,0,0,0,0,0,0.0,0.0,0.0,0.0,0.0,0.0,0.0
1408,20220915,11,3,4,210,0.27772180754130366,0,3,0,0,0,0,0,0.0,0.2727,0.0,0.0,0.0,0.0,0.0
1408,20220916,79,27,35,4029,0.4510023359946159,3,59,0,0,0,0,0,0.038,0.7468,0.0,0.0,0.0,0.0,0.0
1408,20220917,151,36,57,6353,0.41783928526467995,2,90,0,0,0,0,0,0.0132,0.596,0.0,0.0,0.0,0.0,0.0
1408,20220918,138,36,57,8125,0.5143387868721465,4,80,0,1,0,0,0,0.029,0.5797,0.0,0.0072,0.0,0.0,0.0
1408,20220919,140,27,52,10728,0.5550642020105747,0,98,0,0,0,0,0,0.0,0.7,0.0,0.0,0.0,0.0,0.0
1408,20220920,285,49,106,18564,0.46164481992767287,14,189,2,0,3,0,0,0.0491,0.6632,0.007,0.0,0.0105,0.0,0.0
1408,20220921,91,27,42,3323,0.34921250639787293,2,50,0,0,0,0,0,0.022,0.5495,0.0,0.0,0.0,0.0,0.0
1408,20220922,134,28,48,5590,0.5589358353448888,6,95,0,0,0,0,0,0.0448,0.709,0.0,0.0,0.0,0.0,0.0
1451,20220916,6,1,2,63,0.9285714285714285,0,6,0,0,0,0,0,0.0,1.0,0.0,0.0,0.0,0.0,0.0
1451,20220917,5,2,2,84,0.6118969722205698,0,3,0,0,0,0,0,0.0,0.6,0.0,0.0,0.0,0.0,0.0
1451,20220918,6,2,2,117,1.0,0,6,0,0,0,0,0,0.0,1.0,0.0,0.0,0.0,0.0,0.0
1451,20220919,3,1,1,12,0.38095238095238093,0,0,0,0,0,0,0,0.0,0.0,0.0,0.0,0.0,0.0,0.0
1451,20220920,6,2,2,72,0.4429380932456972,0,6,0,0,0,0,0,0.0,1.0,0.0,0.0,0.0,0.0,0.0
1451,20220922,3,1,1,6,0.19047619047619047,0,0,0,0,0,0,0,0.0,0.0,0.0,0.0,0.0,0.0,0.0
1452,20220916,24,5,6,618,0.618272190618196,3,24,0,0,0,0,0,0.125,1.0,0.0,0.0,0.0,0.0,0.0
1452,20220917,12,2,4,177,0.4639197910008535,3,12,0,0,0,0,0,0.25,1.0,0.0,0.0,0.0,0.0,0.0
1452,20220918,12,2,4,258,0.8449379446170563,0,9,0,0,0,0,0,0.0,0.75,0.0,0.0,0.0,0.0,0.0
1452,20220919,3,1,1,42,0.4518606978020204,0,3,0,0,0,0,0,0.0,1.0,0.0,0.0,0.0,0.0,0.0
1452,20220920,11,4,3,422,0.6626214302200846,3,11,0,0,0,0,0,0.2727,1.0,0.0,0.0,0.0,0.0,0.0
1452,20220921,5,2,2,47,0.1956270163550327,0,2,0,0,0,0,0,0.0,0.4,0.0,0.0,0.0,0.0,0.0
1452,20220922,6,2,2,231,0.9638121139291211,0,6,0,0,0,0,0,0.0,1.0,0.0,0.0,0.0,0.0,0.0
1456,20220916,34,9,15,918,0.5578410779851243,0,17,0,0,0,0,0,0.0,0.5,0.0,0.0,0.0,0.0,0.0
1456,20220917,41,8,14,701,0.6065913998458253,0,25,0,0,0,0,0,0.0,0.6098,0.0,0.0,0.0,0.0,0.0
1456,20220918,18,6,10,483,0.6175241209301068,1,14,0,0,0,0,0,0.0556,0.7778,0.0,0.0,0.0,0.0,0.0
1456,20220919,12,4,6,67,0.2960958913854456,0,2,0,0,0,0,0,0.0,0.1667,0.0,0.0,0.0,0.0,0.0
1456,20220920,17,8,9,603,0.7221707400745851,0,12,0,0,0,0,0,0.0,0.7059,0.0,0.0,0.0,0.0,0.0
1456,20220921,9,2,5,361,0.7447177698766022,0,7,0,0,0,0,0,0.0,0.7778,0.0,0.0,0.0,0.0,0.0
1456,20220922,6,2,2,171,0.8655071603090382,0,6,0,0,0,0,0,0.0,1.0,0.0,0.0,0.0,0.0,0.0
1457,20220920,5,1,5,116,0.5964630225080386,0,3,0,0,0,0,0,0.0,0.6,0.0,0.0,0.0,0.0,0.0
1457,20220922,2,1,2,40,0.6286173633440515,0,2,0,0,0,0,0,0.0,1.0,0.0,0.0,0.0,0.0,0.0
1458,20220916,30,7,11,752,0.7188021585049053,0,21,0,0,0,2,0,0.0,0.7,0.0,0.0,0.0,0.0667,0.0
1458,20220917,24,6,9,170,0.26520161502460937,0,6,0,0,0,0,0,0.0,0.25,0.0,0.0,0.0,0.0,0.0
1458,20220918,31,8,11,1072,0.6174413583774774,0,22,0,0,0,0,0,0.0,0.7097,0.0,0.0,0.0,0.0,0.0
1458,20220919,56,8,20,913,0.5941192228142863,0,34,0,0,0,0,0,0.0,0.6071,0.0,0.0,0.0,0.0,0.0
1458,20220920,32,7,10,618,0.5737903152660555,0,19,0,0,0,0,0,0.0,0.5938,0.0,0.0,0.0,0.0,0.0
1458,20220921,40,7,15,1712,0.586061879509489,0,20,0,0,0,0,0,0.0,0.5,0.0,0.0,0.0,0.0,0.0
1458,20220922,13,3,5,204,0.4829120991792156,0,10,0,0,0,0,0,0.0,0.7692,0.0,0.0,0.0,0.0,0.0
1459,20220915,9,2,3,15,0.052648905361165635,0,0,0,0,0,0,0,0.0,0.0,0.0,0.0,0.0,0.0,0.0
1459,20220916,100,17,36,875,0.38412525395923086,0,33,0,0,0,0,2,0.0,0.33,0.0,0.0,0.0,0.0,0.02
1459,20220917,143,24,44,1632,0.4054486716437142,0,47,0,0,0,0,0,0.0,0.3287,0.0,0.0,0.0,0.0,0.0
1459,20220918,169,26,56,2096,0.41840409243282106,3,67,0,0,0,0,0,0.0178,0.3964,0.0,0.0,0.0,0.0,0.0
1459,20220919,178,19,55,1055,0.36025221203136654,3,44,0,0,0,0,0,0.0169,0.2472,0.0,0.0,0.0,0.0,0.0
1459,20220920,158,18,53,1037,0.3009115622344899,0,29,0,0,3,0,0,0.0,0.1835,0.0,0.0,0.019,0.0,0.0
1459,20220921,118,19,39,375,0.16166902181580886,0,12,0,0,0,0,0,0.0,0.1017,0.0,0.0,0.0,0.0,0.0
1459,20220922,112,15,37,1093,0.20524714641292535,0,21,0,0,0,0,0,0.0,0.1875,0.0,0.0,0.0,0.0,0.0
1460,20220915,18,4,5,168,0.5030106023247951,0,9,0,0,0,0,0,0.0,0.5,0.0,0.0,0.0,0.0,0.0
1460,20220916,361,41,111,9844,0.568847808519984,3,204,0,0,0,0,0,0.0083,0.5651,0.0,0.0,0.0,0.0,0.0
1460,20220917,268,40,85,8536,0.5839313132022302,3,145,0,0,0,0,0,0.0112,0.541,0.0,0.0,0.0,0.0,0.0
1460,20220918,283,39,91,6308,0.6005895909612295,0,167,0,3,0,0,0,0.0,0.5901,0.0,0.0106,0.0,0.0,0.0
1460,20220919,238,41,72,6323,0.43399030990683013,3,91,0,0,0,6,0,0.0126,0.3824,0.0,0.0,0.0,0.0252,0.0
1460,20220920,237,42,74,3749,0.5315523536202653,3,110,0,2,0,0,0,0.0127,0.4641,0.0,0.0084,0.0,0.0,0.0
1460,20220921,132,23,44,2579,0.568277119245095,2,70,0,0,0,3,0,0.0152,0.5303,0.0,0.0,0.0,0.0227,0.0
1460,20220922,127,26,37,5508,0.5084499837663793,0,63,0,0,0,3,0,0.0,0.4961,0.0,0.0,0.0,0.0236,0.0
1461,20220915,3,1,1,33,0.3136941766953744,0,3,0,0,0,0,0,0.0,1.0,0.0,0.0,0.0,0.0,0.0
1461,20220916,78,22,35,1018,0.5046539386636787,2,38,0,0,0,0,0,0.0256,0.4872,0.0,0.0,0.0,0.0,0.0
1461,20220917,102,21,42,3820,0.6237585810884176,2,60,0,0,0,0,0,0.0196,0.5882,0.0,0.0,0.0,0.0,0.0
1461,20220918,125,21,44,3376,0.5552653685922744,0,68,0,0,0,0,0,0.0,0.544,0.0,0.0,0.0,0.0,0.0
1461,20220919,74,17,28,1806,0.5724319445576291,0,43,0,0,0,0,0,0.0,0.5811,0.0,0.0,0.0,0.0,0.0
1461,20220920,87,14,32,2353,0.5576826861394273,0,47,0,0,0,0,0,0.0,0.5402,0.0,0.0,0.0,0.0,0.0
1461,20220921,40,10,15,1899,0.576579724959322,0,24,0,0,0,0,0,0.0,0.6,0.0,0.0,0.0,0.0,0.0
1461,20220922,60,11,26,2288,0.5228944917476916,2,37,0,0,0,0,0,0.0333,0.6167,0.0,0.0,0.0,0.0,0.0
1463,20220915,33,11,12,3045,0.4667555677259019,0,24,0,0,0,0,0,0.0,0.7273,0.0,0.0,0.0,0.0,0.0
1463,20220916,340,77,140,13592,0.4157848980576703,4,235,0,0,0,3,3,0.0118,0.6912,0.0,0.0,0.0,0.0088,0.0088
1463,20220917,342,83,120,13673,0.4035686812565794,0,213,0,0,2,0,0,0.0,0.6228,0.0,0.0,0.0058,0.0,0.0
1463,20220918,389,64,137,15281,0.5340572888670777,2,259,0,0,0,0,3,0.0051,0.6658,0.0,0.0,0.0,0.0,0.0077
1463,20220919,198,47,78,9982,0.527848617534472,7,123,0,0,0,0,0,0.0354,0.6212,0.0,0.0,0.0,0.0,0.0
1463,20220920,147,38,57,4034,0.4552910733386158,4,85,0,0,0,0,0,0.0272,0.5782,0.0,0.0,0.0,0.0,0.0
1463,20220921,178,38,66,10774,0.46218643262747094,0,115,0,0,0,0,0,0.0,0.6461,0.0,0.0,0.0,0.0,0.0
1463,20220922,159,34,60,10746,0.4578867505035461,9,106,0,3,0,0,0,0.0566,0.6667,0.0,0.0189,0.0,0.0,0.0
1464,20220921,3,1,1,6,0.007310850032533283,0,0,0,0,0,0,0,0.0,0.0,0.0,0.0,0.0,0.0,0.0
1524,20220915,3,1,1,0,0.0,0,0,0,0,0,0,0,0.0,0.0,0.0,0.0,0.0,0.0,0.0
1524,20220916,45,11,16,707,0.3636017503963632,0,23,0,0,0,0,0,0.0,0.5111,0.0,0.0,0.0,0.0,0.0
1524,20220917,48,12,17,321,0.2562688926494681,0,14,0,0,0,0,0,0.0,0.2917,0.0,0.0,0.0,0.0,0.0
1524,20220918,49,13,16,857,0.3337403025185166,0,15,0,0,0,0,0,0.0,0.3061,0.0,0.0,0.0,0.0,0.0
1524,20220919,23,7,8,673,0.6011450170764505,0,18,0,0,0,0,0,0.0,0.7826,0.0,0.0,0.0,0.0,0.0
1524,20220920,42,7,15,1133,0.3709192224780655,0,30,0,0,0,0,0,0.0,0.7143,0.0,0.0,0.0,0.0,0.0
1524,20220921,37,10,13,1021,0.428872529042254,0,26,0,0,0,0,0,0.0,0.7027,0.0,0.0,0.0,0.0,0.0
1524,20220922,30,5,12,1080,0.4627691212756629,0,18,0,0,0,0,0,0.0,0.6,0.0,0.0,0.0,0.0,0.0
1800,20220920,3,1,1,33,0.7746478873239436,0,3,0,0,0,0,0,0.0,1.0,0.0,0.0,0.0,0.0,0.0
1800,20220922,3,1,1,87,1.0,0,3,0,0,0,0,0,0.0,1.0,0.0,0.0,0.0,0.0,0.0
1802,20220915,17,7,7,325,0.5668111536068886,0,17,0,0,0,0,0,0.0,1.0,0.0,0.0,0.0,0.0,0.0
1802,20220916,156,22,51,3991,0.5557473774271978,3,87,0,3,0,0,0,0.0192,0.5577,0.0,0.0192,0.0,0.0,0.0
1802,20220917,100,19,32,1814,0.4139859826239357,3,49,0,0,0,0,0,0.03,0.49,0.0,0.0,0.0,0.0,0.0
1802,20220918,138,28,46,2306,0.5254113856515917,0,72,0,0,0,3,0,0.0,0.5217,0.0,0.0,0.0,0.0217,0.0
1802,20220919,124,29,52,3088,0.4911108636073139,0,62,0,0,0,0,0,0.0,0.5,0.0,0.0,0.0,0.0,0.0
1802,20220920,65,18,24,1294,0.5998715483463298,0,40,0,0,0,0,0,0.0,0.6154,0.0,0.0,0.0,0.0,0.0
1802,20220921,73,21,24,1878,0.5462423121132309,3,36,2,3,0,0,0,0.0411,0.4932,0.0274,0.0411,0.0,0.0,0.0
1802,20220922,29,10,12,589,0.5374898929167028,0,15,0,0,0,0,0,0.0,0.5172,0.0,0.0,0.0,0.0,0.0
1803,20220916,116,22,38,3830,0.437994033404986,3,79,0,0,0,0,0,0.0259,0.681,0.0,0.0,0.0,0.0,0.0
1803,20220917,108,26,38,6510,0.495238344188519,4,62,0,0,4,0,0,0.037,0.5741,0.0,0.0,0.037,0.0,0.0
1803,20220918,134,22,42,6538,0.5018061309040693,0,85,0,0,2,0,0,0.0,0.6343,0.0,0.0,0.0149,0.0,0.0
1803,20220919,102,16,37,5199,0.4342454540588161,3,59,0,0,3,0,0,0.0294,0.5784,0.0,0.0,0.0294,0.0,0.0
1803,20220920,85,18,30,2664,0.30689003161142897,0,45,0,0,0,0,0,0.0,0.5294,0.0,0.0,0.0,0.0,0.0
1803,20220921,125,19,41,5312,0.30490733653045166,0,72,3,0,0,0,0,0.0,0.576,0.024,0.0,0.0,0.0,0.0
1803,20220922,64,10,24,1858,0.2989395793183962,0,29,0,0,0,0,0,0.0,0.4531,0.0,0.0,0.0,0.0,0.0
1804,20220916,96,19,34,2423,0.3231568434759385,2,40,0,0,0,0,0,0.0208,0.4167,0.0,0.0,0.0,0.0,0.0
1804,20220917,116,28,41,2471,0.4485245868750951,3,51,0,0,0,0,0,0.0259,0.4397,0.0,0.0,0.0,0.0,0.0
1804,20220918,89,23,35,1468,0.4597884803306211,0,49,2,0,0,0,0,0.0,0.5506,0.0225,0.0,0.0,0.0,0.0
1804,20220919,52,18,20,1357,0.4773486012186558,0,25,0,0,0,0,0,0.0,0.4808,0.0,0.0,0.0,0.0,0.0
1804,20220920,37,12,13,1148,0.4858761491484482,4,20,0,0,4,0,0,0.1081,0.5405,0.0,0.0,0.1081,0.0,0.0
1804,20220921,33,12,14,819,0.4429182328131435,0,15,0,0,0,0,0,0.0,0.4545,0.0,0.0,0.0,0.0,0.0
1804,20220922,29,8,11,275,0.3548287867486055,0,6,0,0,0,0,0,0.0,0.2069,0.0,0.0,0.0,0.0,0.0
1807,20220915,15,5,4,2277,0.8131552984188326,0,12,0,0,0,0,0,0.0,0.8,0.0,0.0,0.0,0.0,0.0
1807,20220916,26,7,9,628,0.31726445060528463,0,6,0,0,0,0,0,0.0,0.2308,0.0,0.0,0.0,0.0,0.0
1807,20220917,29,6,9,550,0.6394785760664952,0,26,0,0,0,0,0,0.0,0.8966,0.0,0.0,0.0,0.0,0.0
1807,20220918,34,11,13,1315,0.599167164332071,0,30,0,0,3,3,0,0.0,0.8824,0.0,0.0,0.0882,0.0882,0.0
1807,20220919,18,5,6,1188,0.4479133309826971,0,6,0,0,0,0,0,0.0,0.3333,0.0,0.0,0.0,0.0,0.0
1807,20220920,28,9,9,1013,0.5733740211493853,0,18,0,0,0,3,0,0.0,0.6429,0.0,0.0,0.0,0.1071,0.0
1807,20220921,24,6,6,855,0.5706841240697739,0,21,0,0,0,0,0,0.0,0.875,0.0,0.0,0.0,0.0,0.0
1807,20220922,24,5,8,1878,0.6426908142572064,0,21,0,0,0,0,0,0.0,0.875,0.0,0.0,0.0,0.0,0.0
1810,20220915,11,4,4,154,0.48717641671000195,0,8,0,0,0,0,0,0.0,0.7273,0.0,0.0,0.0,0.0,0.0
1810,20220916,97,24,37,3762,0.518102946742154,3,62,0,0,0,0,0,0.0309,0.6392,0.0,0.0,0.0,0.0,0.0
1810,20220917,74,15,28,3578,0.3722602627950096,0,36,0,0,3,0,0,0.0,0.4865,0.0,0.0,0.0405,0.0,0.0
1810,20220918,54,16,21,924,0.3172353132997206,0,17,0,0,0,0,0,0.0,0.3148,0.0,0.0,0.0,0.0,0.0
1810,20220919,86,19,29,1920,0.4515608256171816,0,46,0,0,0,3,0,0.0,0.5349,0.0,0.0,0.0,0.0349,0.0
1810,20220920,127,21,44,3674,0.6030544573758551,0,86,0,0,0,0,0,0.0,0.6772,0.0,0.0,0.0,0.0,0.0
1810,20220921,76,11,27,1924,0.6133343325578535,0,49,3,0,0,0,0,0.0,0.6447,0.0395,0.0,0.0,0.0,0.0
1810,20220922,65,13,23,1616,0.6084120500239909,3,43,0,3,0,0,0,0.0462,0.6615,0.0,0.0462,0.0,0.0,0.0
1812,20220916,2,2,2,89,0.516741975158816,0,1,0,0,0,0,0,0.0,0.5,0.0,0.0,0.0,0.0,0.0
1812,20220917,22,6,11,326,0.3895050980584458,0,7,0,0,0,0,0,0.0,0.3182,0.0,0.0,0.0,0.0,0.0
1812,20220918,16,4,7,417,0.6208639370741262,0,11,0,0,0,0,0,0.0,0.6875,0.0,0.0,0.0,0.0,0.0
1812,20220919,17,6,7,179,0.34864400175360266,0,4,0,0,0,0,0,0.0,0.2353,0.0,0.0,0.0,0.0,0.0
1812,20220920,15,3,7,193,0.40992201823102925,0,7,0,0,0,0,0,0.0,0.4667,0.0,0.0,0.0,0.0,0.0
1812,20220921,9,1,3,675,0.7858952576827922,0,9,0,0,0,0,0,0.0,1.0,0.0,0.0,0.0,0.0,0.0
1812,20220922,6,1,2,36,0.4737091425864519,0,3,0,0,0,0,0,0.0,0.5,0.0,0.0,0.0,0.0,0.0
1816,20220918,3,1,1,12,0.030287886359850375,0,0,0,0,0,0,0,0.0,0.0,0.0,0.0,0.0,0.0,0.0
1816,20220919,3,1,1,9,0.022715914769887782,0,0,0,0,0,0,0,0.0,0.0,0.0,0.0,0.0,0.0,0.0
1816,20220921,4,1,1,64,1.0,0,4,0,0,0,0,0,0.0,1.0,0.0,0.0,0.0,0.0,0.0
1818,20220915,7,3,3,167,0.32370111193029655,0,7,0,0,0,0,0,0.0,1.0,0.0,0.0,0.0,0.0,0.0
1818,20220916,20,7,7,358,0.2357576711354409,0,12,0,0,0,0,0,0.0,0.6,0.0,0.0,0.0,0.0,0.0
1818,20220917,46,6,16,1797,0.5145229767534177,3,31,3,0,0,0,0,0.0652,0.6739,0.0652,0.0,0.0,0.0,0.0
1818,20220918,26,7,9,1644,0.5717389489762013,6,26,0,0,0,0,0,0.2308,1.0,0.0,0.0,0.0,0.0,0.0
1818,20220919,22,7,9,525,0.5778009403111922,0,21,0,0,0,0,0,0.0,0.9545,0.0,0.0,0.0,0.0,0.0
1818,20220920,15,5,6,687,0.6084935094056411,0,12,0,0,0,0,0,0.0,0.8,0.0,0.0,0.0,0.0,0.0
1818,20220921,6,3,3,307,0.21348717126921857,2,4,0,0,0,0,0,0.3333,0.6667,0.0,0.0,0.0,0.0,0.0
1818,20220922,6,2,2,258,0.4310293087926378,0,6,0,0,0,0,0,0.0,1.0,0.0,0.0,0.0,0.0,0.0
1820,20220915,3,1,1,45,1.0,0,3,0,0,0,0,0,0.0,1.0,0.0,0.0,0.0,0.0,0.0
1820,20220916,7,2,2,97,1.0,0,7,0,0,0,0,0,0.0,1.0,0.0,0.0,0.0,0.0,0.0
1820,20220917,21,4,8,245,0.8277089373895548,0,16,0,0,0,0,0,0.0,0.7619,0.0,0.0,0.0,0.0,0.0
1820,20220918,20,5,9,378,0.7415303777854104,0,16,0,0,0,0,0,0.0,0.8,0.0,0.0,0.0,0.0,0.0
1820,20220919,3,1,1,753,1.0,0,3,0,0,0,0,0,0.0,1.0,0.0,0.0,0.0,0.0,0.0
1820,20220920,8,3,3,366,1.0,1,8,0,0,0,0,0,0.125,1.0,0.0,0.0,0.0,0.0,0.0
1820,20220921,6,2,2,86,1.0,0,6,0,0,0,0,0,0.0,1.0,0.0,0.0,0.0,0.0,0.0
1820,20220922,11,3,4,90,0.6498247993670171,0,6,0,0,0,0,0,0.0,0.5455,0.0,0.0,0.0,0.0,0.0
1821,20220916,7,3,3,49,0.1933910070089198,0,3,0,0,0,0,0,0.0,0.4286,0.0,0.0,0.0,0.0,0.0
1821,20220917,6,1,2,54,0.6371993048568554,0,3,0,0,0,0,0,0.0,0.5,0.0,0.0,0.0,0.0,0.0
1821,20220918,15,4,5,540,0.3615089769558192,0,9,0,0,0,0,0,0.0,0.6,0.0,0.0,0.0,0.0,0.0
1821,20220919,9,1,3,57,0.05831798649478207,0,3,0,0,0,0,0,0.0,0.3333,0.0,0.0,0.0,0.0,0.0
1821,20220920,3,1,1,0,0.0,0,0,0,0,0,0,0,0.0,0.0,0.0,0.0,0.0,0.0,0.0
1821,20220921,6,2,2,90,0.4263750532140715,0,3,0,0,3,0,0,0.0,0.5,0.0,0.0,0.5,0.0,0.0
1822,20220916,6,2,2,204,1.0,0,6,0,0,0,0,0,0.0,1.0,0.0,0.0,0.0,0.0,0.0
1822,20220917,9,3,3,618,0.755360429277811,0,6,0,0,3,0,0,0.0,0.6667,0.0,0.0,0.3333,0.0,0.0
1822,20220918,9,1,3,84,0.5772411805139804,0,3,0,0,0,0,0,0.0,0.3333,0.0,0.0,0.0,0.0,0.0
1822,20220919,15,5,5,99,0.3213888057093468,0,6,0,0,0,0,0,0.0,0.4,0.0,0.0,0.0,0.0,0.0
1822,20220920,15,3,5,825,0.8037729293285829,0,12,0,0,0,0,0,0.0,0.8,0.0,0.0,0.0,0.0,0.0
1822,20220921,6,2,2,69,0.6330406439167167,0,3,0,0,0,0,0,0.0,0.5,0.0,0.0,0.0,0.0,0.0
1822,20220922,15,4,5,120,0.3665292741204997,0,6,0,0,0,0,0,0.0,0.4,0.0,0.0,0.0,0.0,0.0
1823,20220917,3,1,1,144,0.3235242575792297,0,3,0,3,0,0,0,0.0,1.0,0.0,1.0,0.0,0.0,0.0
1823,20220918,3,1,1,51,0.11458150789264386,0,3,0,0,0,0,0,0.0,1.0,0.0,0.0,0.0,0.0,0.0
1826,20220916,1,1,1,32,1.0,0,1,0,0,0,0,0,0.0,1.0,0.0,0.0,0.0,0.0,0.0
1826,20220917,3,1,1,210,1.0,0,3,0,0,0,0,0,0.0,1.0,0.0,0.0,0.0,0.0,0.0
1826,20220918,3,2,2,10,0.06070262771605079,0,0,0,0,0,0,0,0.0,0.0,0.0,0.0,0.0,0.0,0.0
1826,20220920,2,1,1,4,0.028596757127741713,0,0,0,0,0,0,0,0.0,0.0,0.0,0.0,0.0,0.0,0.0
1828,20220917,12,1,4,834,0.7317098849267764,0,9,0,0,0,0,0,0.0,0.75,0.0,0.0,0.0,0.0,0.0
1828,20220918,6,1,2,543,0.952802080372277,0,6,0,0,0,0,0,0.0,1.0,0.0,0.0,0.0,0.0,0.0
1828,20220920,3,1,1,57,0.2000357958792626,0,3,0,0,0,0,0,0.0,1.0,0.0,0.0,0.0,0.0,0.0
1830,20220915,148,41,60,3204,0.5572209759434287,2,93,0,0,0,0,0,0.0135,0.6284,0.0,0.0,0.0,0.0,0.0
1830,20220916,865,137,297,20798,0.5752690457552576,5,550,0,0,5,0,3,0.0058,0.6358,0.0,0.0,0.0058,0.0,0.0035
1830,20220917,655,106,230,14137,0.6360895637911858,3,431,3,0,0,0,0,0.0046,0.658,0.0046,0.0,0.0,0.0,0.0
1830,20220918,670,134,233,22256,0.5918624223877664,4,429,3,2,3,0,2,0.006,0.6403,0.0045,0.003,0.0045,0.0,0.003
1830,20220919,630,109,227,13750,0.5720270989530065,8,375,3,3,0,0,0,0.0127,0.5952,0.0048,0.0048,0.0,0.0,0.0
1830,20220920,706,99,232,15943,0.5777458843968635,7,425,0,3,0,3,0,0.0099,0.602,0.0,0.0042,0.0,0.0042,0.0
1830,20220921,505,79,186,13583,0.615537341746718,2,323,2,0,0,0,2,0.004,0.6396,0.004,0.0,0.0,0.0,0.004
1830,20220922,269,62,110,7721,0.5358868389619365,8,162,2,0,0,0,0,0.0297,0.6022,0.0074,0.0,0.0,0.0,0.0
1831,20220920,3,1,1,264,1.0,0,3,0,0,0,0,0,0.0,1.0,0.0,0.0,0.0,0.0,0.0
1833,20220919,12,1,4,180,0.3680080245456691,0,6,0,0,0,0,0,0.0,0.5,0.0,0.0,0.0,0.0,0.0
1833,20220921,3,1,1,3,0.026224005454593132,0,0,0,0,0,0,0,0.0,0.0,0.0,0.0,0.0,0.0,0.0
1834,20220915,4,1,2,22,0.6438848920863309,0,2,0,0,0,0,0,0.0,0.5,0.0,0.0,0.0,0.0,0.0
1834,20220916,25,4,11,295,0.7609247881215668,5,14,0,0,0,0,0,0.2,0.56,0.0,0.0,0.0,0.0,0.0
1834,20220917,22,4,9,235,0.6407194786687874,0,9,0,0,0,0,0,0.0,0.4091,0.0,0.0,0.0,0.0,0.0
1834,20220918,6,2,2,75,0.6045369015262387,0,3,0,0,0,0,0,0.0,0.5,0.0,0.0,0.0,0.0,0.0
1834,20220919,15,3,6,153,0.628757525027438,0,7,0,0,0,0,0,0.0,0.4667,0.0,0.0,0.0,0.0,0.0
1834,20220920,5,2,2,53,0.5881664227472299,0,2,0,0,0,0,0,0.0,0.4,0.0,0.0,0.0,0.0,0.0
1834,20220921,5,2,2,114,0.9453237410071942,0,3,0,0,0,0,0,0.0,0.6,0.0,0.0,0.0,0.0,0.0
1834,20220922,4,2,2,48,1.0,0,2,0,0,0,0,0,0.0,0.5,0.0,0.0,0.0,0.0,0.0
1836,20220917,2,1,1,4,0.04521715538875449,0,0,0,0,0,0,0,0.0,0.0,0.0,0.0,0.0,0.0,0.0
1836,20220918,2,1,1,6,0.06782573308313174,0,0,0,0,0,0,0,0.0,0.0,0.0,0.0,0.0,0.0,0.0
1837,20220916,3,1,1,87,1.0,3,3,0,3,0,0,0,1.0,1.0,0.0,1.0,0.0,0.0,0.0
1837,20220917,3,1,1,18,0.23968361762473533,0,0,0,0,0,0,0,0.0,0.0,0.0,0.0,0.0,0.0,0.0
1837,20220918,6,1,2,129,0.6198418088123676,0,3,0,0,0,0,0,0.0,0.5,0.0,0.0,0.0,0.0,0.0
1837,20220919,3,1,1,153,1.0,0,3,0,0,0,0,0,0.0,1.0,0.0,0.0,0.0,0.0,0.0
1837,20220921,3,1,1,75,0.998681740103064,0,3,0,0,0,0,0,0.0,1.0,0.0,0.0,0.0,0.0,0.0
1837,20220922,6,1,2,168,0.5798945392082451,0,3,0,0,0,0,0,0.0,0.5,0.0,0.0,0.0,0.0,0.0
1838,20220916,7,3,4,119,0.6008040528064843,2,4,0,0,0,0,0,0.2857,0.5714,0.0,0.0,0.0,0.0,0.0
1838,20220917,2,1,1,44,1.0,0,2,0,0,0,0,0,0.0,1.0,0.0,0.0,0.0,0.0,0.0
1838,20220919,2,1,1,4,0.0308641975308642,0,0,0,0,0,0,0,0.0,0.0,0.0,0.0,0.0,0.0,0.0
1838,20220920,2,1,1,24,0.1851851851851852,0,2,0,0,0,0,0,0.0,1.0,0.0,0.0,0.0,0.0,0.0
1838,20220921,11,2,5,396,0.7542087542087542,0,9,0,0,0,0,0,0.0,0.8182,0.0,0.0,0.0,0.0,0.0
1838,20220922,5,2,2,36,0.10287536894220699,0,2,0,0,0,0,0,0.0,0.4,0.0,0.0,0.0,0.0,0.0
1839,20220915,1,1,1,49,1.0,0,1,0,0,0,0,0,0.0,1.0,0.0,0.0,0.0,0.0,0.0
1839,20220916,33,9,12,948,0.6782192246008385,0,24,0,0,0,0,0,0.0,0.7273,0.0,0.0,0.0,0.0,0.0
1839,20220917,75,16,26,997,0.45422124292179605,0,30,0,0,0,0,0,0.0,0.4,0.0,0.0,0.0,0.0,0.0
1839,20220918,88,18,34,2846,0.6414689688462811,0,58,0,0,0,0,0,0.0,0.6591,0.0,0.0,0.0,0.0,0.0
1839,20220919,92,18,34,1432,0.5611561445865032,0,42,0,0,0,0,0,0.0,0.4565,0.0,0.0,0.0,0.0,0.0
1839,20220920,56,16,24,730,0.5188839239656423,0,29,0,0,0,0,0,0.0,0.5179,0.0,0.0,0.0,0.0,0.0
1839,20220921,47,14,18,814,0.5179942419844085,0,30,0,0,0,0,0,0.0,0.6383,0.0,0.0,0.0,0.0,0.0
1839,20220922,41,11,17,768,0.5595532316090209,0,19,0,0,0,0,0,0.0,0.4634,0.0,0.0,0.0,0.0,0.0
1843,20220915,31,12,13,1171,0.25477016345510406,3,8,0,0,0,0,0,0.0968,0.2581,0.0,0.0,0.0,0.0,0.0
1843,20220916,168,40,60,12218,0.34526849857959135,0,90,0,0,0,0,2,0.0,0.5357,0.0,0.0,0.0,0.0,0.0119
1843,20220917,187,50,61,8410,0.317600748479971,8,105,0,6,0,0,0,0.0428,0.5615,0.0,0.0321,0.0,0.0,0.0
1843,20220918,130,36,50,6400,0.21340354599650488,3,66,0,3,0,0,0,0.0231,0.5077,0.0,0.0231,0.0,0.0,0.0
1843,20220919,214,43,66,13171,0.358802802861711,0,128,0,3,0,3,0,0.0,0.5981,0.0,0.014,0.0,0.014,0.0
1843,20220920,154,44,61,10510,0.3524464427530961,0,90,0,2,0,0,0,0.0,0.5844,0.0,0.013,0.0,0.0,0.0
1843,20220921,164,37,59,8110,0.36014536193386715,13,96,0,0,3,0,0,0.0793,0.5854,0.0,0.0,0.0183,0.0,0.0
1843,20220922,117,31,38,5993,0.4101219339936303,0,71,0,0,0,0,0,0.0,0.6068,0.0,0.0,0.0,0.0,0.0
1844,20220916,3,1,1,6,0.025979761765584603,0,0,0,0,0,0,0,0.0,0.0,0.0,0.0,0.0,0.0,0.0
1844,20220920,3,1,1,6,0.03263707571801566,0,0,0,0,0,0,0,0.0,0.0,0.0,0.0,0.0,0.0,0.0
1852,20220916,9,2,3,99,0.34793613707165105,0,3,0,0,0,0,0,0.0,0.3333,0.0,0.0,0.0,0.0,0.0
1852,20220917,3,1,1,81,1.0,0,3,0,0,0,0,0,0.0,1.0,0.0,0.0,0.0,0.0,0.0
1852,20220919,2,1,1,36,0.4304572412473694,0,2,0,0,0,0,0,0.0,1.0,0.0,0.0,0.0,0.0,0.0
1852,20220920,3,1,1,12,0.16194331983805668,0,0,0,0,0,0,0,0.0,0.0,0.0,0.0,0.0,0.0,0.0
1852,20220921,4,1,1,12,0.06686577809477108,0,0,0,0,0,0,0,0.0,0.0,0.0,0.0,0.0,0.0,0.0
1853,20220916,6,2,2,57,0.2164384951270197,0,3,0,0,0,0,0,0.0,0.5,0.0,0.0,0.0,0.0,0.0
1853,20220917,22,7,8,290,0.34928630729936644,0,9,0,0,0,0,0,0.0,0.4091,0.0,0.0,0.0,0.0,0.0
1853,20220918,12,4,4,93,0.6185971253813216,0,6,0,0,0,0,0,0.0,0.5,0.0,0.0,0.0,0.0,0.0
1853,20220919,9,2,2,228,0.669150521609538,0,6,0,0,0,0,0,0.0,0.6667,0.0,0.0,0.0,0.0,0.0
1853,20220921,9,3,3,897,0.6341283581317155,0,6,0,0,0,0,0,0.0,0.6667,0.0,0.0,0.0,0.0,0.0
1853,20220922,15,2,5,486,0.6358217509671873,0,9,0,0,0,0,0,0.0,0.6,0.0,0.0,0.0,0.0,0.0
1854,20220916,25,3,11,2087,0.7514850320449328,0,18,0,0,0,0,0,0.0,0.72,0.0,0.0,0.0,0.0,0.0
1854,20220917,45,1,15,3345,0.5861900365739505,0,30,0,0,0,0,0,0.0,0.6667,0.0,0.0,0.0,0.0,0.0
1854,20220918,2,1,1,16,0.05399349378399903,0,2,0,0,0,0,0,0.0,1.0,0.0,0.0,0.0,0.0,0.0
1854,20220920,2,1,1,16,0.05399349378399903,0,2,0,0,0,0,0,0.0,1.0,0.0,0.0,0.0,0.0,0.0
1855,20220915,2,1,1,0,0.0,0,0,0,0,0,0,0,0.0,0.0,0.0,0.0,0.0,0.0,0.0
1855,20220916,39,6,13,1488,0.15995880475143734,0,22,0,0,0,3,0,0.0,0.5641,0.0,0.0,0.0,0.0769,0.0
1855,20220917,29,6,11,1726,0.4730213308964941,0,16,0,0,0,0,0,0.0,0.5517,0.0,0.0,0.0,0.0,0.0
1855,20220918,53,10,15,3919,0.6722301303203474,0,44,0,0,0,0,0,0.0,0.8302,0.0,0.0,0.0,0.0,0.0
1855,20220919,36,7,12,555,0.3731945921616632,0,12,0,0,0,0,0,0.0,0.3333,0.0,0.0,0.0,0.0,0.0
1855,20220920,15,3,7,232,0.24313553510364277,0,8,0,0,0,0,0,0.0,0.5333,0.0,0.0,0.0,0.0,0.0
1855,20220921,28,3,28,2465,0.47383323423023727,1,19,0,0,0,0,0,0.0357,0.6786,0.0,0.0,0.0,0.0,0.0
1855,20220922,9,2,9,364,0.21002682470571052,0,4,0,0,0,0,0,0.0,0.4444,0.0,0.0,0.0,0.0,0.0
1858,20220916,12,1,4,138,0.7623983206507479,0,9,0,0,0,0,0,0.0,0.75,0.0,0.0,0.0,0.0,0.0
1858,20220917,6,1,2,138,1.0,0,6,0,0,0,0,0,0.0,1.0,0.0,0.0,0.0,0.0,0.0
1858,20220918,18,1,6,255,0.920799440216916,0,15,0,0,0,0,0,0.0,0.8333,0.0,0.0,0.0,0.0,0.0
1858,20220919,15,1,5,126,0.5749322137671654,0,6,0,0,0,0,0,0.0,0.4,0.0,0.0,0.0,0.0,0.0
1858,20220920,12,1,4,465,0.712353129828858,0,6,0,0,0,0,0,0.0,0.5,0.0,0.0,0.0,0.0,0.0
1858,20220921,6,1,2,45,0.6559958016268695,0,3,0,0,0,0,0,0.0,0.5,0.0,0.0,0.0,0.0,0.0
1862,20220918,3,1,1,15,0.060438298541019474,0,0,0,0,0,0,0,0.0,0.0,0.0,0.0,0.0,0.0,0.0
1862,20220920,6,1,2,30,0.06043829854101948,0,0,0,0,0,0,0,0.0,0.0,0.0,0.0,0.0,0.0,0.0
1862,20220921,3,1,1,6,0.024175319416407787,0,0,0,0,0,0,0,0.0,0.0,0.0,0.0,0.0,0.0,0.0
1862,20220922,7,2,3,510,1.0,3,6,0,0,0,0,0,0.4286,0.8571,0.0,0.0,0.0,0.0,0.0
1863,20220915,11,3,4,40,0.31828042712916155,0,0,0,0,0,0,0,0.0,0.0,0.0,0.0,0.0,0.0,0.0
1863,20220916,133,12,44,1391,0.5862947625991992,0,66,0,0,0,0,0,0.0,0.4962,0.0,0.0,0.0,0.0,0.0
1863,20220917,83,10,23,1323,0.5712597465462014,0,39,0,0,0,0,0,0.0,0.4699,0.0,0.0,0.0,0.0,0.0
1863,20220918,95,12,35,981,0.4680588818941798,0,41,0,0,0,0,0,0.0,0.4316,0.0,0.0,0.0,0.0,0.0
1863,20220919,74,11,26,916,0.6839037953684173,0,49,0,0,0,0,0,0.0,0.6622,0.0,0.0,0.0,0.0,0.0
1863,20220920,36,10,13,356,0.4629639867897491,0,10,0,0,0,0,0,0.0,0.2778,0.0,0.0,0.0,0.0,0.0
1863,20220921,17,5,6,191,0.6894928185772415,0,12,0,0,0,0,0,0.0,0.7059,0.0,0.0,0.0,0.0,0.0
1863,20220922,50,6,21,517,0.7502579628538408,0,30,0,0,0,0,0,0.0,0.6,0.0,0.0,0.0,0.0,0.0
1866,20220916,1,1,1,0,0.0,0,0,0,0,0,0,0,0.0,0.0,0.0,0.0,0.0,0.0,0.0
1866,20220917,1,1,1,4,0.3592921943770772,0,0,0,0,0,0,0,0.0,0.0,0.0,0.0,0.0,0.0,0.0
1866,20220918,2,1,2,5,0.4491152429713465,0,0,0,0,0,0,0,0.0,0.0,0.0,0.0,0.0,0.0,0.0
1866,20220919,1,1,1,2,0.09174311926605504,0,0,0,0,0,0,0,0.0,0.0,0.0,0.0,0.0,0.0,0.0
1866,20220921,2,1,2,4,0.3592921943770772,0,0,0,0,0,0,0,0.0,0.0,0.0,0.0,0.0,0.0,0.0
1869,20220917,3,1,1,99,1.0,0,3,0,0,0,0,0,0.0,1.0,0.0,0.0,0.0,0.0,0.0
1869,20220921,3,1,1,6,0.0642756138321121,0,0,0,0,0,0,0,0.0,0.0,0.0,0.0,0.0,0.0,0.0
1870,20220916,9,2,3,222,0.6492537313432836,0,6,0,0,0,0,0,0.0,0.6667,0.0,0.0,0.0,0.0,0.0
1870,20220917,9,2,3,27,0.09750812567713978,0,3,0,0,0,0,0,0.0,0.3333,0.0,0.0,0.0,0.0,0.0
1870,20220920,3,1,1,144,1.0,0,3,0,0,0,0,0,0.0,1.0,0.0,0.0,0.0,0.0,0.0
1870,20220922,3,1,1,0,0.0,0,0,0,0,0,0,0,0.0,0.0,0.0,0.0,0.0,0.0,0.0
1871,20220915,2,1,1,22,1.0,0,2,0,0,0,0,0,0.0,1.0,0.0,0.0,0.0,0.0,0.0
1871,20220916,49,14,15,1502,0.7276082560135484,8,36,0,6,0,0,0,0.1633,0.7347,0.0,0.1224,0.0,0.0,0.0
1871,20220917,70,20,27,1672,0.8947638145536875,0,63,3,0,0,0,0,0.0,0.9,0.0429,0.0,0.0,0.0,0.0
1871,20220918,44,15,16,975,0.8824108651722464,12,38,0,0,0,0,0,0.2727,0.8636,0.0,0.0,0.0,0.0,0.0
1871,20220919,29,10,10,918,0.7511516722854129,2,24,1,0,0,0,0,0.069,0.8276,0.0345,0.0,0.0,0.0,0.0
1871,20220920,12,6,4,352,0.9090241230999384,0,12,0,0,0,0,0,0.0,1.0,0.0,0.0,0.0,0.0,0.0
1871,20220921,24,9,8,814,0.8802866746936764,9,21,3,0,0,0,0,0.375,0.875,0.125,0.0,0.0,0.0,0.0
1871,20220922,13,4,5,375,0.8373459068090737,3,13,0,0,0,0,0,0.2308,1.0,0.0,0.0,0.0,0.0,0.0
1872,20220915,15,3,9,640,0.29380301210804716,0,9,0,0,0,1,0,0.0,0.6,0.0,0.0,0.0,0.0667,0.0
1872,20220916,251,57,105,10218,0.4838042542036383,3,182,2,0,3,0,0,0.012,0.7251,0.008,0.0,0.012,0.0,0.0
1872,20220917,348,71,135,20260,0.5412227289125958,16,252,1,1,5,3,0,0.046,0.7241,0.0029,0.0029,0.0144,0.0086,0.0
1872,20220918,237,61,93,15394,0.5920034773310335,10,178,1,0,1,0,0,0.0422,0.7511,0.0042,0.0,0.0042,0.0,0.0
1872,20220919,99,36,43,6110,0.41761268626660897,8,77,0,0,1,0,0,0.0808,0.7778,0.0,0.0,0.0101,0.0,0.0
1872,20220920,196,43,65,10671,0.4759012332541865,12,145,0,0,3,0,0,0.0612,0.7398,0.0,0.0,0.0153,0.0,0.0
1872,20220921,127,41,47,5489,0.5676442432986641,0,93,0,0,1,0,0,0.0,0.7323,0.0,0.0,0.0079,0.0,0.0
1872,20220922,99,31,38,4016,0.3883338199389598,4,54,0,0,0,5,0,0.0404,0.5455,0.0,0.0,0.0,0.0505,0.0
1873,20220915,11,6,6,285,0.4050418783717314,0,6,0,0,0,0,0,0.0,0.5455,0.0,0.0,0.0,0.0,0.0
1873,20220916,269,74,97,11406,0.4802244125297642,16,192,0,0,3,0,0,0.0595,0.7138,0.0,0.0,0.0112,0.0,0.0
1873,20220917,290,73,102,10441,0.4456301873888002,13,185,0,2,3,0,0,0.0448,0.6379,0.0,0.0069,0.0103,0.0,0.0
1873,20220918,210,59,77,8004,0.3657562313467162,3,117,3,0,3,0,0,0.0143,0.5571,0.0143,0.0,0.0143,0.0,0.0
1873,20220919,185,40,64,8699,0.5773600952062758,3,135,3,0,3,0,0,0.0162,0.7297,0.0162,0.0,0.0162,0.0,0.0
1873,20220920,196,54,67,9036,0.44674726190960573,8,131,2,0,5,0,0,0.0408,0.6684,0.0102,0.0,0.0255,0.0,0.0
1873,20220921,145,35,50,6089,0.47882217525877285,5,99,0,0,2,3,0,0.0345,0.6828,0.0,0.0,0.0138,0.0207,0.0
1873,20220922,142,37,47,4609,0.5221029682945079,0,103,0,0,0,0,0,0.0,0.7254,0.0,0.0,0.0,0.0,0.0
1875,20220915,9,3,3,102,0.7840697864014349,3,6,0,0,0,0,0,0.3333,0.6667,0.0,0.0,0.0,0.0,0.0
1875,20220916,43,8,15,355,0.6303698952120012,3,24,0,0,0,0,0,0.0698,0.5581,0.0,0.0,0.0,0.0,0.0
1875,20220917,75,16,23,1277,0.6896408145877961,0,51,0,0,0,0,0,0.0,0.68,0.0,0.0,0.0,0.0,0.0
1875,20220918,66,14,21,1206,0.5994032738739555,2,41,0,0,2,0,0,0.0303,0.6212,0.0,0.0,0.0303,0.0,0.0
1875,20220919,24,7,7,381,0.8845585869162469,0,24,0,0,0,0,0,0.0,1.0,0.0,0.0,0.0,0.0,0.0
1875,20220920,67,10,21,594,0.5514203234040267,12,27,0,0,3,0,0,0.1791,0.403,0.0,0.0,0.0448,0.0,0.0
1875,20220921,9,2,3,147,0.7454917430732464,0,9,0,0,0,0,0,0.0,1.0,0.0,0.0,0.0,0.0,0.0
1875,20220922,46,7,13,740,0.5082323768356202,3,14,0,0,0,0,4,0.0652,0.3043,0.0,0.0,0.0,0.0,0.087
1876,20220916,8,2,3,756,0.4817966941433548,3,6,0,0,0,0,0,0.375,0.75,0.0,0.0,0.0,0.0,0.0
1876,20220917,9,3,5,517,0.5464433994624115,0,9,0,0,0,0,0,0.0,1.0,0.0,0.0,0.0,0.0,0.0
1876,20220918,9,1,3,30,0.02560163850486431,0,3,0,0,0,0,0,0.0,0.3333,0.0,0.0,0.0,0.0,0.0
1876,20220920,6,1,2,30,0.05120327700972862,0,3,0,0,0,0,0,0.0,0.5,0.0,0.0,0.0,0.0,0.0
1876,20220921,3,1,1,12,0.02048131080389145,0,0,0,0,0,0,0,0.0,0.0,0.0,0.0,0.0,0.0,0.0
1876,20220922,9,2,3,666,0.3779853066540936,0,6,0,0,0,0,0,0.0,0.6667,0.0,0.0,0.0,0.0,0.0
1877,20220916,9,2,3,354,0.613269231715885,0,9,0,0,0,0,0,0.0,1.0,0.0,0.0,0.0,0.0,0.0
1877,20220917,6,1,2,384,0.21330986924771608,0,6,0,0,0,0,0,0.0,1.0,0.0,0.0,0.0,0.0,0.0
1877,20220918,9,2,3,939,0.40295182400445556,0,3,0,0,0,0,0,0.0,0.3333,0.0,0.0,0.0,0.0,0.0
1877,20220920,21,2,7,393,0.4112810414580378,0,12,0,0,0,0,0,0.0,0.5714,0.0,0.0,0.0,0.0,0.0
1877,20220921,3,1,1,69,0.07665823426089796,0,3,0,0,0,0,0,0.0,1.0,0.0,0.0,0.0,0.0,0.0
1881,20220917,3,1,1,0,0.0,0,0,0,0,3,0,0,0.0,0.0,0.0,0.0,1.0,0.0,0.0
1881,20220919,3,1,1,9,0.16453682882685242,0,0,0,0,0,0,0,0.0,0.0,0.0,0.0,0.0,0.0,0.0
1881,20220921,6,1,2,45,0.411342072067131,0,3,0,0,0,0,0,0.0,0.5,0.0,0.0,0.0,0.0,0.0
1883,20220916,3,1,1,9,0.0544464609800363,0,0,0,0,0,0,0,0.0,0.0,0.0,0.0,0.0,0.0,0.0
1883,20220917,12,1,4,522,0.7590744101633393,0,12,0,0,0,0,0,0.0,1.0,0.0,0.0,0.0,0.0,0.0
1883,20220918,6,1,2,342,1.0,0,6,0,0,0,0,0,0.0,1.0,0.0,0.0,0.0,0.0,0.0
1884,20220917,4,1,2,224,1.0,0,4,0,0,0,0,0,0.0,1.0,0.0,0.0,0.0,0.0,0.0
1884,20220918,7,2,3,116,0.4509832436777557,0,4,0,0,0,0,0,0.0,0.5714,0.0,0.0,0.0,0.0,0.0
1884,20220919,3,1,1,189,0.36550131696506266,0,3,0,0,0,0,0,0.0,1.0,0.0,0.0,0.0,0.0,0.0
1884,20220920,3,1,1,6,0.032706459525756335,0,0,0,0,0,0,0,0.0,0.0,0.0,0.0,0.0,0.0,0.0
1884,20220922,5,2,2,77,0.40981193785772696,0,5,0,0,0,0,0,0.0,1.0,0.0,0.0,0.0,0.0,0.0
1885,20220915,5,2,2,6,0.21052631578947367,0,0,0,0,0,0,0,0.0,0.0,0.0,0.0,0.0,0.0,0.0
1885,20220916,17,6,6,588,0.8052198827782681,0,15,0,0,0,0,0,0.0,0.8824,0.0,0.0,0.0,0.0,0.0
1885,20220917,18,3,6,282,0.6146793451737838,0,15,0,0,0,0,0,0.0,0.8333,0.0,0.0,0.0,0.0,0.0
1885,20220918,21,4,7,195,0.502213995277083,0,12,0,0,0,0,0,0.0,0.5714,0.0,0.0,0.0,0.0,0.0
1885,20220919,12,3,4,118,0.6885389326334209,0,8,0,0,0,0,0,0.0,0.6667,0.0,0.0,0.0,0.0,0.0
1885,20220920,7,2,2,84,1.0,0,3,0,0,0,0,0,0.0,0.4286,0.0,0.0,0.0,0.0,0.0
1885,20220922,10,2,3,333,0.9917436545755128,0,10,0,0,0,0,0,0.0,1.0,0.0,0.0,0.0,0.0,0.0
1886,20220915,1,1,1,13,1.0,0,1,0,0,0,0,0,0.0,1.0,0.0,0.0,0.0,0.0,0.0
1886,20220916,2,1,2,46,1.0,0,2,0,0,0,0,0,0.0,1.0,0.0,0.0,0.0,0.0,0.0
1886,20220917,8,2,3,56,0.27949155594528785,0,2,0,0,0,0,0,0.0,0.25,0.0,0.0,0.0,0.0,0.0
1886,20220918,10,2,5,224,0.34561381687663245,0,6,0,0,0,0,0,0.0,0.6,0.0,0.0,0.0,0.0,0.0
1886,20220919,5,2,2,54,0.400593471810089,0,2,0,0,0,0,0,0.0,0.4,0.0,0.0,0.0,0.0,0.0
1886,20220920,4,2,2,267,1.0,0,4,0,0,0,0,0,0.0,1.0,0.0,0.0,0.0,0.0,0.0
1886,20220921,10,3,5,460,0.9958456973293768,2,10,0,0,0,0,0,0.2,1.0,0.0,0.0,0.0,0.0,0.0
1886,20220922,8,1,4,414,0.7559347181008902,0,6,0,0,0,0,0,0.0,0.75,0.0,0.0,0.0,0.0,0.0
1887,20220915,6,2,2,21,0.3376797840060881,0,0,0,0,0,0,0,0.0,0.0,0.0,0.0,0.0,0.0,0.0
1887,20220916,18,3,5,147,0.4431956370508312,0,6,0,0,0,0,0,0.0,0.3333,0.0,0.0,0.0,0.0,0.0
1887,20220917,6,2,2,78,0.6117318435754191,0,3,0,0,0,0,0,0.0,0.5,0.0,0.0,0.0,0.0,0.0
1887,20220918,1,1,1,1,0.10869565217391305,0,0,0,0,0,0,0,0.0,0.0,0.0,0.0,0.0,0.0,0.0
1887,20220919,4,2,2,34,0.6227536089561032,0,2,0,0,0,0,0,0.0,0.5,0.0,0.0,0.0,0.0,0.0
1887,20220920,5,2,2,39,0.4039248281410709,0,2,0,0,0,0,0,0.0,0.4,0.0,0.0,0.0,0.0,0.0
1887,20220921,2,1,1,4,0.09820288716488265,0,0,0,0,0,0,0,0.0,0.0,0.0,0.0,0.0,0.0,0.0
1888,20220916,4,2,2,31,0.1420442082349442,0,3,0,0,0,0,0,0.0,0.75,0.0,0.0,0.0,0.0,0.0
1888,20220917,11,3,5,659,0.8273340472071973,0,9,0,0,0,0,0,0.0,0.8182,0.0,0.0,0.0,0.0,0.0
1888,20220918,5,2,4,36,0.382764522299406,0,1,0,0,0,0,0,0.0,0.2,0.0,0.0,0.0,0.0,0.0
1888,20220919,12,4,5,184,0.24591388210985754,0,6,0,0,0,0,0,0.0,0.5,0.0,0.0,0.0,0.0,0.0
1888,20220920,6,2,1,123,0.20451591543525802,0,3,0,0,0,0,0,0.0,0.5,0.0,0.0,0.0,0.0,0.0
1888,20220921,4,1,2,44,0.5757575757575757,0,2,0,0,0,0,0,0.0,0.5,0.0,0.0,0.0,0.0,0.0
1889,20220915,6,2,2,117,0.13418084898827318,0,3,0,0,0,0,0,0.0,0.5,0.0,0.0,0.0,0.0,0.0
1889,20220916,84,19,28,1901,0.515945887740329,2,63,0,0,2,0,0,0.0238,0.75,0.0,0.0,0.0238,0.0,0.0
1889,20220917,97,19,34,2621,0.47026383750146356,3,73,0,0,0,0,0,0.0309,0.7526,0.0,0.0,0.0,0.0,0.0
1889,20220918,90,15,30,1174,0.24517590075332726,0,41,0,0,0,0,0,0.0,0.4556,0.0,0.0,0.0,0.0,0.0
1889,20220919,50,12,17,1181,0.403664732742195,0,21,0,0,0,0,0,0.0,0.42,0.0,0.0,0.0,0.0,0.0
1889,20220920,82,18,27,2522,0.3645050998735695,0,58,0,0,0,0,0,0.0,0.7073,0.0,0.0,0.0,0.0,0.0
1889,20220921,68,15,22,2001,0.44726127764245527,0,51,0,0,0,0,0,0.0,0.75,0.0,0.0,0.0,0.0,0.0
1889,20220922,42,13,15,1150,0.38693517007944284,0,31,0,0,0,0,0,0.0,0.7381,0.0,0.0,0.0,0.0,0.0
1890,20220918,6,1,2,36,0.043705338607110865,0,0,0,0,0,0,0,0.0,0.0,0.0,0.0,0.0,0.0,0.0
1890,20220919,3,1,1,123,0.971563981042654,0,3,0,0,0,0,0,0.0,1.0,0.0,0.0,0.0,0.0,0.0
1890,20220920,45,1,15,930,0.4802527646129542,0,27,0,0,0,0,0,0.0,0.6,0.0,0.0,0.0,0.0,0.0
1890,20220921,30,1,9,657,0.5618746708794101,3,21,0,0,0,0,0,0.1,0.7,0.0,0.0,0.0,0.0,0.0
1890,20220922,21,1,7,195,0.24960505529225907,0,6,0,0,0,0,0,0.0,0.2857,0.0,0.0,0.0,0.0,0.0
1894,20220916,12,1,4,138,0.0786056049213944,0,9,0,0,0,0,0,0.0,0.75,0.0,0.0,0.0,0.0,0.0
1894,20220917,6,2,2,246,0.29373105310016356,0,6,0,0,0,0,0,0.0,1.0,0.0,0.0,0.0,0.0,0.0
1894,20220918,6,2,2,240,0.2971869546341535,0,6,0,0,0,0,0,0.0,1.0,0.0,0.0,0.0,0.0,0.0
1894,20220919,9,3,3,372,0.4995004948399941,0,3,0,0,0,0,0,0.0,0.3333,0.0,0.0,0.0,0.0,0.0
1894,20220920,27,4,9,750,0.2844081099876767,0,12,0,0,0,0,0,0.0,0.4444,0.0,0.0,0.0,0.0,0.0
1894,20220921,9,3,3,63,0.1331600560530082,0,6,0,0,0,0,0,0.0,0.6667,0.0,0.0,0.0,0.0,0.0
1894,20220922,3,1,1,12,0.04168142883938061,0,0,0,0,0,0,0,0.0,0.0,0.0,0.0,0.0,0.0,0.0
1895,20220915,6,2,2,45,0.26094356937565805,0,3,0,0,0,0,0,0.0,0.5,0.0,0.0,0.0,0.0,0.0
1895,20220916,31,9,11,377,0.5710482843372039,0,20,0,0,0,0,0,0.0,0.6452,0.0,0.0,0.0,0.0,0.0
1895,20220917,23,6,8,1254,0.6126591286922934,0,15,0,0,0,0,0,0.0,0.6522,0.0,0.0,0.0,0.0,0.0
1895,20220918,26,6,11,518,0.5201429342592703,0,18,0,0,0,0,0,0.0,0.6923,0.0,0.0,0.0,0.0,0.0
1895,20220919,22,6,8,1155,0.906727648337844,0,19,0,0,0,0,0,0.0,0.8636,0.0,0.0,0.0,0.0,0.0
1895,20220920,13,3,5,196,0.4870835995888865,3,6,0,0,0,0,0,0.2308,0.4615,0.0,0.0,0.0,0.0,0.0
1895,20220921,26,6,7,485,0.4196827489360226,0,9,0,0,0,0,0,0.0,0.3462,0.0,0.0,0.0,0.0,0.0
1895,20220922,6,2,2,45,0.4051200602151155,0,3,0,0,0,0,0,0.0,0.5,0.0,0.0,0.0,0.0,0.0
1898,20220915,3,1,1,258,0.49058756417569876,0,3,0,0,0,0,0,0.0,1.0,0.0,0.0,0.0,0.0,0.0
1898,20220916,66,12,21,2479,0.5470615944202211,3,48,0,0,0,0,0,0.0455,0.7273,0.0,0.0,0.0,0.0,0.0
1898,20220917,67,12,23,1272,0.6347341008835375,0,37,0,0,0,0,0,0.0,0.5522,0.0,0.0,0.0,0.0,0.0
1898,20220918,22,5,8,554,0.7409876684426216,0,16,0,0,0,0,0,0.0,0.7273,0.0,0.0,0.0,0.0,0.0
1898,20220919,16,5,6,227,0.4080480560108531,0,5,0,0,0,2,0,0.0,0.3125,0.0,0.0,0.0,0.125,0.0
1898,20220920,45,9,14,531,0.6540171089350096,0,21,0,0,0,0,0,0.0,0.4667,0.0,0.0,0.0,0.0,0.0
1898,20220921,50,9,16,1273,0.7023264835685172,0,27,0,0,0,0,0,0.0,0.54,0.0,0.0,0.0,0.0,0.0
1898,20220922,32,9,11,998,0.5132363487193872,0,15,0,0,0,0,0,0.0,0.4688,0.0,0.0,0.0,0.0,0.0
1903,20220916,2,2,2,33,0.6739450269798946,0,2,0,0,0,0,0,0.0,1.0,0.0,0.0,0.0,0.0,0.0
1903,20220917,2,2,2,115,1.0,0,2,0,0,0,0,0,0.0,1.0,0.0,0.0,0.0,0.0,0.0
1903,20220918,17,6,9,148,0.5303894527620225,6,9,0,0,0,0,0,0.3529,0.5294,0.0,0.0,0.0,0.0,0.0
1903,20220919,1,1,1,27,0.2887206467342487,0,1,0,0,0,0,0,0.0,1.0,0.0,0.0,0.0,0.0,0.0
1903,20220920,4,2,4,107,0.7564323573303144,0,3,0,0,0,0,0,0.0,0.75,0.0,0.0,0.0,0.0,0.0
1903,20220921,7,3,5,338,0.7521894291959412,0,6,0,0,1,0,0,0.0,0.8571,0.0,0.0,0.1429,0.0,0.0
1903,20220922,4,2,4,169,1.0,0,3,0,0,1,1,0,0.0,0.75,0.0,0.0,0.25,0.25,0.0
1904,20220915,3,1,1,93,1.0,0,3,0,0,0,0,0,0.0,1.0,0.0,0.0,0.0,0.0,0.0
1904,20220916,6,2,2,141,1.0,0,6,0,0,0,0,0,0.0,1.0,0.0,0.0,0.0,0.0,0.0
1904,20220917,2,1,1,6,0.19149751053236308,0,0,0,0,0,0,0,0.0,0.0,0.0,0.0,0.0,0.0,0.0
1904,20220918,5,2,2,193,1.0,0,5,0,0,0,0,0,0.0,1.0,0.0,0.0,0.0,0.0,0.0
1904,20220919,17,2,6,243,0.9274111789487913,0,15,0,0,0,0,0,0.0,0.8824,0.0,0.0,0.0,0.0,0.0
1904,20220920,2,1,1,4,0.12766500702157538,0,0,0,0,0,0,0,0.0,0.0,0.0,0.0,0.0,0.0,0.0
1904,20220921,3,1,1,15,0.32059502436522186,0,0,0,0,0,0,0,0.0,0.0,0.0,0.0,0.0,0.0,0.0
1905,20220915,5,3,3,144,0.7894828276021816,0,4,0,0,0,0,0,0.0,0.8,0.0,0.0,0.0,0.0,0.0
1905,20220916,52,14,22,3673,0.6070958656233679,0,36,0,0,0,0,0,0.0,0.6923,0.0,0.0,0.0,0.0,0.0
1905,20220917,30,11,16,1607,0.4997787793364454,0,16,0,0,0,0,0,0.0,0.5333,0.0,0.0,0.0,0.0,0.0
1905,20220918,33,9,17,1248,0.5654483988229507,0,24,0,0,0,0,0,0.0,0.7273,0.0,0.0,0.0,0.0,0.0
1905,20220919,27,12,13,1557,0.6863215652333969,0,18,0,0,0,0,0,0.0,0.6667,0.0,0.0,0.0,0.0,0.0
1905,20220920,23,9,9,2172,0.5341542025186591,0,18,0,0,0,0,0,0.0,0.7826,0.0,0.0,0.0,0.0,0.0
1905,20220921,11,6,5,734,0.7603739248278846,0,10,0,0,0,0,0,0.0,0.9091,0.0,0.0,0.0,0.0,0.0
1905,20220922,18,4,8,174,0.04555149527588815,0,9,0,0,0,0,0,0.0,0.5,0.0,0.0,0.0,0.0,0.0
1906,20220917,2,1,1,18,1.0,0,2,0,0,0,0,0,0.0,1.0,0.0,0.0,0.0,0.0,0.0
1906,20220918,7,2,4,35,0.5781260643962869,0,0,0,0,0,0,0,0.0,0.0,0.0,0.0,0.0,0.0,0.0
1906,20220919,4,1,2,32,0.9225352112676057,0,2,0,0,0,0,0,0.0,0.5,0.0,0.0,0.0,0.0,0.0
1906,20220920,2,1,1,68,1.0,0,2,0,0,0,0,0,0.0,1.0,0.0,0.0,0.0,0.0,0.0
1906,20220921,2,1,1,4,0.28169014084507044,0,0,0,0,0,0,0,0.0,0.0,0.0,0.0,0.0,0.0,0.0
1906,20220922,4,2,2,20,0.5746019770653403,0,0,0,0,0,0,0,0.0,0.0,0.0,0.0,0.0,0.0,0.0
1936,20220922,9,1,3,363,0.5456475583864119,0,3,0,0,0,0,0,0.0,0.3333,0.0,0.0,0.0,0.0,0.0
1947,20220916,26,8,12,737,0.40640808478735874,3,13,0,0,0,0,0,0.1154,0.5,0.0,0.0,0.0,0.0,0.0
1947,20220917,9,4,4,360,1.0,0,9,0,0,0,0,0,0.0,1.0,0.0,0.0,0.0,0.0,0.0
1947,20220918,26,6,10,404,0.4751609759591374,0,12,0,0,0,0,0,0.0,0.4615,0.0,0.0,0.0,0.0,0.0
1947,20220919,15,5,6,314,0.4971803033333355,0,8,0,0,0,0,0,0.0,0.5333,0.0,0.0,0.0,0.0,0.0
1947,20220920,25,5,9,717,0.5376268129403445,3,13,0,3,0,0,0,0.12,0.52,0.0,0.12,0.0,0.0,0.0
1947,20220921,15,5,5,516,0.5099130632001739,0,12,0,0,0,0,0,0.0,0.8,0.0,0.0,0.0,0.0,0.0
1947,20220922,11,4,5,95,0.1566421345850912,1,2,0,0,0,0,0,0.0909,0.1818,0.0,0.0,0.0,0.0,0.0
1948,20220915,13,4,5,515,0.25266710324211494,0,3,0,0,0,0,0,0.0,0.2308,0.0,0.0,0.0,0.0,0.0
1948,20220916,53,11,17,1478,0.3022240624018965,0,24,0,0,0,0,3,0.0,0.4528,0.0,0.0,0.0,0.0,0.0566
1948,20220917,52,10,18,1614,0.3176664879753197,0,28,0,0,0,0,0,0.0,0.5385,0.0,0.0,0.0,0.0,0.0
1948,20220918,49,11,16,1381,0.227225337130188,0,22,0,0,3,0,0,0.0,0.449,0.0,0.0,0.0612,0.0,0.0
1948,20220919,31,8,11,1316,0.3935704493259396,0,25,0,0,0,0,0,0.0,0.8065,0.0,0.0,0.0,0.0,0.0
1948,20220920,34,9,12,346,0.06929894382953652,0,6,0,0,0,0,0,0.0,0.1765,0.0,0.0,0.0,0.0,0.0
1948,20220921,30,7,10,1014,0.6165298090660764,0,15,0,0,0,0,0,0.0,0.5,0.0,0.0,0.0,0.0,0.0
1948,20220922,18,6,7,876,0.5331626506268109,0,10,0,0,0,0,0,0.0,0.5556,0.0,0.0,0.0,0.0,0.0
1956,20220916,2,1,1,12,0.7532011046949535,0,0,0,0,0,0,0,0.0,0.0,0.0,0.0,0.0,0.0,0.0
1956,20220917,2,1,1,36,1.0,0,2,0,0,0,0,0,0.0,1.0,0.0,0.0,0.0,0.0,0.0
1956,20220918,11,3,5,79,0.6495471631495229,0,6,0,0,0,0,0,0.0,0.5455,0.0,0.0,0.0,0.0,0.0
1956,20220920,3,1,1,39,1.0,0,3,0,0,0,0,0,0.0,1.0,0.0,0.0,0.0,0.0,0.0
1961,20220916,6,1,2,30,0.3454231433506045,0,3,0,0,0,0,0,0.0,0.5,0.0,0.0,0.0,0.0,0.0
1961,20220917,15,1,5,123,0.3090491086571439,0,12,0,0,0,0,0,0.0,0.8,0.0,0.0,0.0,0.0,0.0
1961,20220918,3,1,1,6,0.07692307692307693,0,0,0,0,0,0,0,0.0,0.0,0.0,0.0,0.0,0.0,0.0
1961,20220919,9,1,3,429,1.0,0,9,0,0,0,0,0,0.0,1.0,0.0,0.0,0.0,0.0,0.0
1961,20220922,3,1,1,105,1.0,0,3,0,0,0,0,0,0.0,1.0,0.0,0.0,0.0,0.0,0.0
1967,20220915,3,1,1,369,1.0,0,3,0,0,0,0,0,0.0,1.0,0.0,0.0,0.0,0.0,0.0
1967,20220918,6,2,2,63,0.20378722420368942,0,3,0,0,0,0,0,0.0,0.5,0.0,0.0,0.0,0.0,0.0
1967,20220921,4,2,2,47,0.7641242937853108,0,4,0,0,0,0,0,0.0,1.0,0.0,0.0,0.0,0.0,0.0
1967,20220922,3,1,1,30,0.11916110581506197,0,3,0,0,0,0,0,0.0,1.0,0.0,0.0,0.0,0.0,0.0
1968,20220918,5,2,2,74,1.0,0,5,0,0,0,0,0,0.0,1.0,0.0,0.0,0.0,0.0,0.0
1968,20220919,3,1,1,42,0.8955414827608265,0,3,0,0,0,0,0,0.0,1.0,0.0,0.0,0.0,0.0,0.0
1969,20220916,9,2,3,132,0.9523809523809523,0,6,0,0,0,0,0,0.0,0.6667,0.0,0.0,0.0,0.0,0.0
1969,20220917,6,1,2,87,1.0,0,6,0,0,0,0,0,0.0,1.0,0.0,0.0,0.0,0.0,0.0
1969,20220918,6,1,6,78,1.0,0,6,0,0,0,0,0,0.0,1.0,0.0,0.0,0.0,0.0,0.0
1969,20220919,15,3,5,183,0.9730852444829079,0,12,0,0,0,0,0,0.0,0.8,0.0,0.0,0.0,0.0,0.0
1969,20220920,36,5,10,498,0.976190476190476,0,33,0,0,0,0,0,0.0,0.9167,0.0,0.0,0.0,0.0,0.0
1969,20220921,6,1,2,96,1.0,0,6,0,0,0,0,0,0.0,1.0,0.0,0.0,0.0,0.0,0.0
1969,20220922,9,2,3,171,1.0,0,9,0,0,0,0,0,0.0,1.0,0.0,0.0,0.0,0.0,0.0
1971,20220915,3,1,1,165,0.13172611506156398,0,3,0,0,0,0,0,0.0,1.0,0.0,0.0,0.0,0.0,0.0
1971,20220916,54,12,23,3428,0.49269971014431513,0,28,0,0,0,0,0,0.0,0.5185,0.0,0.0,0.0,0.0,0.0
1971,20220917,17,6,9,1120,0.6772293058216146,0,13,0,3,0,0,0,0.0,0.7647,0.0,0.1765,0.0,0.0,0.0
1971,20220918,42,10,17,755,0.3507041714540346,0,20,0,0,0,0,0,0.0,0.4762,0.0,0.0,0.0,0.0,0.0
1971,20220919,30,9,10,372,0.415095606015234,0,15,0,0,0,0,0,0.0,0.5,0.0,0.0,0.0,0.0,0.0
1971,20220920,12,3,4,1164,0.6480517097681645,0,9,0,0,0,0,0,0.0,0.75,0.0,0.0,0.0,0.0,0.0
1971,20220921,19,5,7,3016,0.5708297904567414,0,16,0,0,0,0,0,0.0,0.8421,0.0,0.0,0.0,0.0,0.0
1971,20220922,15,5,6,1023,0.7658048955486263,0,12,0,0,0,0,0,0.0,0.8,0.0,0.0,0.0,0.0,0.0
1972,20220916,5,2,2,36,1.0,0,2,0,0,0,0,0,0.0,0.4,0.0,0.0,0.0,0.0,0.0
1972,20220917,3,1,1,48,0.5843681519357196,0,3,0,0,0,0,0,0.0,1.0,0.0,0.0,0.0,0.0,0.0
1972,20220919,6,2,2,459,1.0,0,6,0,0,0,0,0,0.0,1.0,0.0,0.0,0.0,0.0,0.0
1972,20220920,12,2,4,27,0.12684069326145822,0,0,0,0,0,0,0,0.0,0.0,0.0,0.0,0.0,0.0,0.0
1973,20220915,3,1,1,69,1.0,0,3,0,0,0,0,0,0.0,1.0,0.0,0.0,0.0,0.0,0.0
1973,20220916,6,2,2,78,0.5234011185734677,0,3,0,0,0,0,0,0.0,0.5,0.0,0.0,0.0,0.0,0.0
1973,20220917,6,1,2,15,0.12335932103029706,0,0,0,0,0,0,0,0.0,0.0,0.0,0.0,0.0,0.0,0.0
1973,20220918,3,1,1,66,1.0,0,3,0,0,0,0,0,0.0,1.0,0.0,0.0,0.0,0.0,0.0
1973,20220919,15,3,5,705,0.6431386099383154,0,9,0,0,0,0,0,0.0,0.6,0.0,0.0,0.0,0.0,0.0
1973,20220920,12,1,4,180,0.7760905577029266,0,6,0,0,0,0,0,0.0,0.5,0.0,0.0,0.0,0.0,0.0
1973,20220921,3,1,1,27,0.2106100671612103,0,3,0,0,0,0,0,0.0,1.0,0.0,0.0,0.0,0.0,0.0
1973,20220922,3,1,1,75,1.0,0,3,0,0,0,0,0,0.0,1.0,0.0,0.0,0.0,0.0,0.0
1974,20220915,11,1,11,157,0.07943736085812589,0,3,0,0,0,0,0,0.0,0.2727,0.0,0.0,0.0,0.0,0.0
1974,20220916,224,2,219,3079,0.07226296233890883,0,95,0,0,0,0,0,0.0,0.4241,0.0,0.0,0.0,0.0,0.0
1974,20220917,11,3,4,136,0.380066092754411,0,3,0,0,0,0,0,0.0,0.2727,0.0,0.0,0.0,0.0,0.0
1974,20220918,16,3,7,532,0.5121267555142031,0,8,0,0,0,0,0,0.0,0.5,0.0,0.0,0.0,0.0,0.0
1974,20220919,20,5,7,578,0.7699212177556465,0,17,0,0,0,0,0,0.0,0.85,0.0,0.0,0.0,0.0,0.0
1974,20220920,21,4,7,1020,0.690807211593203,0,12,0,0,0,0,0,0.0,0.5714,0.0,0.0,0.0,0.0,0.0
1974,20220921,4,2,2,27,0.4717265937717316,0,0,0,0,0,0,0,0.0,0.0,0.0,0.0,0.0,0.0,0.0
1974,20220922,21,2,7,348,0.6268716272174762,0,9,0,0,0,0,0,0.0,0.4286,0.0,0.0,0.0,0.0,0.0
1979,20220916,8,3,4,127,0.36288214481770265,0,5,0,0,0,0,0,0.0,0.625,0.0,0.0,0.0,0.0,0.0
1979,20220917,3,2,2,94,0.45766836295171354,0,1,0,0,0,0,0,0.0,0.3333,0.0,0.0,0.0,0.0,0.0
1979,20220919,12,3,6,323,0.9238013698630136,0,11,0,0,0,0,0,0.0,0.9167,0.0,0.0,0.0,0.0,0.0
1979,20220920,13,2,5,127,0.6065783531536956,0,6,0,0,0,0,0,0.0,0.4615,0.0,0.0,0.0,0.0,0.0
1979,20220921,4,2,2,66,0.8928571428571429,0,4,0,0,0,0,0,0.0,1.0,0.0,0.0,0.0,0.0,0.0
1979,20220922,9,2,3,447,0.33032945293791954,0,6,0,0,0,0,0,0.0,0.6667,0.0,0.0,0.0,0.0,0.0
1980,20220915,3,1,1,30,0.05350454788657036,0,3,0,0,0,0,0,0.0,1.0,0.0,0.0,0.0,0.0,0.0
1980,20220916,3,1,1,69,1.0,0,3,0,0,0,0,0,0.0,1.0,0.0,0.0,0.0,0.0,0.0
1980,20220917,9,2,3,183,0.6028555587945994,0,6,0,0,0,0,0,0.0,0.6667,0.0,0.0,0.0,0.0,0.0
1980,20220919,9,2,3,27,0.17869106802802837,0,0,0,0,0,0,0,0.0,0.0,0.0,0.0,0.0,0.0,0.0
1980,20220921,1,1,1,36,1.0,0,1,0,0,0,0,0,0.0,1.0,0.0,0.0,0.0,0.0,0.0
1980,20220922,6,2,2,21,0.10047774251740073,0,0,0,0,0,0,0,0.0,0.0,0.0,0.0,0.0,0.0,0.0
1983,20220916,4,2,2,57,0.25999666777740754,0,1,0,0,0,0,0,0.0,0.25,0.0,0.0,0.0,0.0,0.0
1983,20220917,3,1,1,3,0.0033322225924691767,0,0,0,0,0,0,0,0.0,0.0,0.0,0.0,0.0,0.0,0.0
1983,20220919,3,1,1,903,1.0,0,3,0,0,0,0,0,0.0,1.0,0.0,0.0,0.0,0.0,0.0
1983,20220922,1,1,1,3,0.12278475831866736,0,0,0,0,0,0,0,0.0,0.0,0.0,0.0,0.0,0.0,0.0
1984,20220920,3,1,1,12,0.5949724825226833,0,0,0,0,0,0,0,0.0,0.0,0.0,0.0,0.0,0.0,0.0
1985,20220917,1,1,1,42,0.20995800839832035,0,1,0,0,0,0,0,0.0,1.0,0.0,0.0,0.0,0.0,0.0
1985,20220918,1,1,1,27,0.1349730053989202,0,1,0,0,0,0,0,0.0,1.0,0.0,0.0,0.0,0.0,0.0
1986,20220915,3,1,1,261,1.0,0,3,0,0,0,0,0,0.0,1.0,0.0,0.0,0.0,0.0,0.0
1986,20220916,3,1,1,21,0.14295633705019808,0,0,0,0,0,0,0,0.0,0.0,0.0,0.0,0.0,0.0,0.0
1986,20220917,33,4,9,705,0.4478207162857753,0,18,0,0,0,0,3,0.0,0.5455,0.0,0.0,0.0,0.0,0.0909
1986,20220918,6,1,2,234,1.0,0,3,0,0,0,0,0,0.0,0.5,0.0,0.0,0.0,0.0,0.0
1986,20220921,9,1,3,69,0.3786008230452675,0,3,0,0,0,0,0,0.0,0.3333,0.0,0.0,0.0,0.0,0.0
1986,20220922,12,1,4,174,0.7160493827160495,0,6,0,0,0,0,0,0.0,0.5,0.0,0.0,0.0,0.0,0.0
1987,20220916,19,6,7,149,0.19386128812087214,0,5,0,0,2,0,0,0.0,0.2632,0.0,0.0,0.1053,0.0,0.0
1987,20220917,39,10,15,1027,0.5518488303212141,1,27,0,0,0,0,0,0.0256,0.6923,0.0,0.0,0.0,0.0,0.0
1987,20220918,15,4,5,399,0.4681321528892339,0,9,0,0,0,0,0,0.0,0.6,0.0,0.0,0.0,0.0,0.0
1987,20220919,22,7,8,633,0.320784243804225,0,6,0,0,0,0,0,0.0,0.2727,0.0,0.0,0.0,0.0,0.0
1987,20220920,17,5,5,329,0.27528500874762374,0,8,0,0,0,0,0,0.0,0.4706,0.0,0.0,0.0,0.0,0.0
1987,20220921,12,4,4,216,0.40207981436478807,3,6,0,0,3,0,0,0.25,0.5,0.0,0.0,0.25,0.0,0.0
1987,20220922,27,7,8,819,0.5702732278473108,3,12,0,0,0,0,0,0.1111,0.4444,0.0,0.0,0.0,0.0,0.0
1988,20220915,3,1,1,3,0.07194244604316546,0,0,0,0,0,0,0,0.0,0.0,0.0,0.0,0.0,0.0,0.0
1988,20220916,20,5,7,110,0.41301943756604753,0,6,0,0,0,0,0,0.0,0.3,0.0,0.0,0.0,0.0,0.0
1988,20220917,10,3,3,103,0.852942733609812,0,8,0,0,0,0,0,0.0,0.8,0.0,0.0,0.0,0.0,0.0
1988,20220918,21,4,7,174,0.5937934007709604,0,12,0,0,0,0,0,0.0,0.5714,0.0,0.0,0.0,0.0,0.0
1988,20220919,3,1,1,114,1.0,0,3,0,0,0,0,0,0.0,1.0,0.0,0.0,0.0,0.0,0.0
1988,20220920,18,3,6,360,0.6662861063143934,0,9,0,0,0,0,0,0.0,0.5,0.0,0.0,0.0,0.0,0.0
1988,20220921,6,2,2,12,0.15757358127495222,0,0,0,0,0,0,0,0.0,0.0,0.0,0.0,0.0,0.0,0.0
1988,20220922,15,5,5,78,0.5187964398860612,0,3,0,0,0,0,0,0.0,0.2,0.0,0.0,0.0,0.0,0.0
2102,20220915,6,1,2,18,0.19417475728155342,0,0,0,0,0,0,0,0.0,0.0,0.0,0.0,0.0,0.0,0.0
2102,20220916,12,3,4,744,0.9531164477285167,0,12,0,0,0,0,0,0.0,1.0,0.0,0.0,0.0,0.0,0.0
2102,20220917,24,6,8,419,0.49288195311016153,0,16,0,0,0,0,0,0.0,0.6667,0.0,0.0,0.0,0.0,0.0
2102,20220918,47,8,17,1302,0.4556123605364768,0,24,0,0,0,0,0,0.0,0.5106,0.0,0.0,0.0,0.0,0.0
2102,20220919,58,6,23,1592,0.655711514096755,3,42,0,0,0,0,0,0.0517,0.7241,0.0,0.0,0.0,0.0,0.0
2102,20220920,35,4,12,1373,0.5859353349016585,0,17,0,0,0,0,0,0.0,0.4857,0.0,0.0,0.0,0.0,0.0
2102,20220921,39,6,14,464,0.4559820620314492,0,21,0,0,0,0,0,0.0,0.5385,0.0,0.0,0.0,0.0,0.0
2102,20220922,14,3,5,97,0.19065469932035148,0,3,0,0,0,0,0,0.0,0.2143,0.0,0.0,0.0,0.0,0.0
2103,20220916,3,1,1,15,0.4143875352229405,0,0,0,0,0,0,0,0.0,0.0,0.0,0.0,0.0,0.0,0.0
2105,20220915,3,1,1,186,1.0,0,3,0,0,0,0,0,0.0,1.0,0.0,0.0,0.0,0.0,0.0
2105,20220916,16,3,6,1379,0.5089229830776991,0,14,0,0,0,0,0,0.0,0.875,0.0,0.0,0.0,0.0,0.0
2105,20220917,17,5,6,570,0.3879159776109957,0,8,0,0,0,0,0,0.0,0.4706,0.0,0.0,0.0,0.0,0.0
2105,20220918,3,1,1,153,1.0,0,3,0,0,0,0,0,0.0,1.0,0.0,0.0,0.0,0.0,0.0
2105,20220919,8,3,3,103,0.0675598318760291,0,3,0,0,0,0,0,0.0,0.375,0.0,0.0,0.0,0.0,0.0
2105,20220920,3,1,1,15,0.03155569580309246,0,0,0,0,0,0,0,0.0,0.0,0.0,0.0,0.0,0.0,0.0
2105,20220921,3,1,1,12,0.16552180749813789,0,0,0,0,0,0,0,0.0,0.0,0.0,0.0,0.0,0.0,0.0
2105,20220922,5,2,2,20,0.128293077353679,0,0,0,0,0,0,0,0.0,0.0,0.0,0.0,0.0,0.0,0.0
2106,20220916,3,1,1,42,1.0,0,3,0,0,0,0,0,0.0,1.0,0.0,0.0,0.0,0.0,0.0
2106,20220917,3,1,1,45,1.0,0,3,0,0,0,0,0,0.0,1.0,0.0,0.0,0.0,0.0,0.0
2106,20220918,6,2,2,48,0.5765345170671973,0,3,0,0,0,0,0,0.0,0.5,0.0,0.0,0.0,0.0,0.0
2106,20220919,3,1,1,45,1.0,0,3,0,0,0,0,0,0.0,1.0,0.0,0.0,0.0,0.0,0.0
2106,20220921,3,1,1,36,1.0,0,3,0,0,0,0,0,0.0,1.0,0.0,0.0,0.0,0.0,0.0
2112,20220915,3,1,1,702,1.0,0,3,0,0,0,0,0,0.0,1.0,0.0,0.0,0.0,0.0,0.0
2112,20220916,6,2,2,15,0.053201935367212135,0,0,0,0,0,0,0,0.0,0.0,0.0,0.0,0.0,0.0,0.0
2112,20220920,6,2,2,9,0.09751023857505038,0,0,0,0,0,0,0,0.0,0.0,0.0,0.0,0.0,0.0,0.0
2137,20220916,3,1,1,129,0.15864817001180637,0,3,0,0,0,0,0,0.0,1.0,0.0,0.0,0.0,0.0,0.0
2137,20220917,13,4,4,846,0.19891557455732445,0,9,0,0,0,0,0,0.0,0.6923,0.0,0.0,0.0,0.0,0.0
2137,20220918,12,2,4,702,0.2837345611041489,0,6,0,0,0,0,0,0.0,0.5,0.0,0.0,0.0,0.0,0.0
2137,20220919,6,2,2,57,0.03236121388281169,0,3,0,0,0,0,0,0.0,0.5,0.0,0.0,0.0,0.0,0.0
2137,20220920,3,1,1,9,0.04538577912254161,0,0,0,0,0,0,0,0.0,0.0,0.0,0.0,0.0,0.0,0.0
2137,20220921,10,3,5,308,0.23721607692227673,0,5,0,0,0,0,0,0.0,0.5,0.0,0.0,0.0,0.0,0.0
2137,20220922,10,3,4,153,0.069726401364517,3,3,0,0,0,0,0,0.3,0.3,0.0,0.0,0.0,0.0,0.0
2145,20220916,21,4,11,584,0.37654730093295763,0,11,0,0,0,0,0,0.0,0.5238,0.0,0.0,0.0,0.0,0.0
2145,20220917,41,7,18,1027,0.4997044772247926,0,31,0,0,0,0,0,0.0,0.7561,0.0,0.0,0.0,0.0,0.0
2145,20220918,20,7,8,333,0.6975289141411534,0,13,0,0,0,0,0,0.0,0.65,0.0,0.0,0.0,0.0,0.0
2145,20220919,13,4,6,278,0.3598543566601278,0,4,0,0,0,0,0,0.0,0.3077,0.0,0.0,0.0,0.0,0.0
2145,20220920,31,8,12,392,0.44099451555324576,0,10,0,0,0,0,0,0.0,0.3226,0.0,0.0,0.0,0.0,0.0
2145,20220921,4,2,2,29,0.4437742051799651,0,3,0,0,0,0,0,0.0,0.75,0.0,0.0,0.0,0.0,0.0
2145,20220922,18,7,7,427,0.5724713609756701,0,13,0,0,0,0,0,0.0,0.7222,0.0,0.0,0.0,0.0,0.0
2200,20220915,3,1,1,6,0.05469561888092763,0,0,0,0,0,0,0,0.0,0.0,0.0,0.0,0.0,0.0,0.0
2200,20220916,21,5,8,290,0.5458909925030409,0,13,0,0,0,0,0,0.0,0.619,0.0,0.0,0.0,0.0,0.0
2200,20220917,33,8,13,593,0.4136037269745959,0,15,0,0,0,0,0,0.0,0.4545,0.0,0.0,0.0,0.0,0.0
2200,20220918,45,8,19,1057,0.41565963357156027,0,29,0,0,0,0,0,0.0,0.6444,0.0,0.0,0.0,0.0,0.0
2200,20220919,42,7,17,565,0.39052109830096593,0,20,0,0,0,0,0,0.0,0.4762,0.0,0.0,0.0,0.0,0.0
2200,20220920,30,5,10,588,0.41838969595188163,0,9,0,0,0,0,0,0.0,0.3,0.0,0.0,0.0,0.0,0.0
2200,20220921,5,2,2,161,0.7264604810996563,0,5,0,0,0,0,0,0.0,1.0,0.0,0.0,0.0,0.0,0.0
2200,20220922,39,7,14,661,0.5014234009646629,5,20,0,2,0,0,0,0.1282,0.5128,0.0,0.0513,0.0,0.0,0.0
2201,20220915,2,1,1,12,0.5696382796923953,0,0,0,0,0,0,0,0.0,0.0,0.0,0.0,0.0,0.0,0.0
2201,20220916,57,17,21,1649,0.5993225658107113,0,36,0,0,0,0,0,0.0,0.6316,0.0,0.0,0.0,0.0,0.0
2201,20220917,40,9,16,912,0.6112207421196311,0,21,0,0,0,0,0,0.0,0.525,0.0,0.0,0.0,0.0,0.0
2201,20220918,55,14,25,944,0.5718920978367765,0,28,0,0,0,0,0,0.0,0.5091,0.0,0.0,0.0,0.0,0.0
2201,20220919,25,10,11,1400,0.7265596975000489,0,20,0,0,0,0,0,0.0,0.8,0.0,0.0,0.0,0.0,0.0
2201,20220920,61,12,25,1234,0.5490955346760882,0,29,0,0,0,0,0,0.0,0.4754,0.0,0.0,0.0,0.0,0.0
2201,20220921,27,8,11,302,0.6007145135538902,4,13,0,0,3,0,0,0.1481,0.4815,0.0,0.0,0.1111,0.0,0.0
2201,20220922,20,4,7,647,0.533290563185765,0,14,0,0,0,0,0,0.0,0.7,0.0,0.0,0.0,0.0,0.0
2203,20220915,7,2,3,188,0.6776385300582269,0,5,0,0,0,0,0,0.0,0.7143,0.0,0.0,0.0,0.0,0.0
2203,20220916,93,13,32,2066,0.7353430812427079,0,58,0,0,0,0,0,0.0,0.6237,0.0,0.0,0.0,0.0,0.0
2203,20220917,79,17,27,1717,0.5841418880184757,0,50,0,0,0,0,0,0.0,0.6329,0.0,0.0,0.0,0.0,0.0
2203,20220918,74,13,26,1240,0.6658173397834416,0,47,0,0,0,0,0,0.0,0.6351,0.0,0.0,0.0,0.0,0.0
2203,20220919,53,11,20,978,0.5171361687707883,0,30,0,0,0,0,0,0.0,0.566,0.0,0.0,0.0,0.0,0.0
2203,20220920,56,11,21,1079,0.6400338996610396,0,33,0,0,0,0,0,0.0,0.5893,0.0,0.0,0.0,0.0,0.0
2203,20220921,42,11,15,500,0.5796814253733668,3,18,0,0,0,0,0,0.0714,0.4286,0.0,0.0,0.0,0.0,0.0
2203,20220922,28,7,10,171,0.2892655965353667,0,8,0,0,0,0,0,0.0,0.2857,0.0,0.0,0.0,0.0,0.0
2204,20220915,12,2,4,435,0.677447593810628,0,9,0,0,0,0,0,0.0,0.75,0.0,0.0,0.0,0.0,0.0
2204,20220916,44,11,15,505,0.45899466644023057,0,20,0,0,0,0,0,0.0,0.4545,0.0,0.0,0.0,0.0,0.0
2204,20220917,37,9,12,488,0.5011900462599633,3,22,0,0,0,0,0,0.0811,0.5946,0.0,0.0,0.0,0.0,0.0
2204,20220918,51,15,20,1154,0.6082956043902169,0,34,0,0,0,0,0,0.0,0.6667,0.0,0.0,0.0,0.0,0.0
2204,20220919,44,8,16,662,0.5789281521579336,0,26,0,0,0,0,0,0.0,0.5909,0.0,0.0,0.0,0.0,0.0
2204,20220920,45,6,15,1308,0.6860087252440122,0,33,0,0,0,0,0,0.0,0.7333,0.0,0.0,0.0,0.0,0.0
2204,20220921,34,9,12,552,0.6160380155544309,0,16,0,0,0,0,0,0.0,0.4706,0.0,0.0,0.0,0.0,0.0
2204,20220922,18,6,8,168,0.685053675910441,0,10,0,0,0,0,0,0.0,0.5556,0.0,0.0,0.0,0.0,0.0
2205,20220915,12,1,4,30,0.15464555239391312,0,0,0,0,0,0,0,0.0,0.0,0.0,0.0,0.0,0.0,0.0
2205,20220916,15,4,7,106,0.3031579136548609,0,5,0,0,0,0,0,0.0,0.3333,0.0,0.0,0.0,0.0,0.0
2205,20220917,18,6,9,155,0.41837436461355176,0,7,0,0,0,0,0,0.0,0.3889,0.0,0.0,0.0,0.0,0.0
2205,20220918,8,3,4,47,0.4143210387645294,0,3,0,0,0,0,0,0.0,0.375,0.0,0.0,0.0,0.0,0.0
2205,20220919,5,2,3,8,0.04922091442534373,0,0,0,0,0,0,0,0.0,0.0,0.0,0.0,0.0,0.0,0.0
2205,20220920,3,1,1,48,0.46557644183204333,0,3,0,0,0,0,0,0.0,1.0,0.0,0.0,0.0,0.0,0.0
2205,20220921,4,2,2,12,0.050952432262106676,0,0,0,0,0,0,0,0.0,0.0,0.0,0.0,0.0,0.0,0.0
2205,20220922,9,2,3,18,0.059559660979949594,0,0,0,0,0,0,0,0.0,0.0,0.0,0.0,0.0,0.0,0.0
2206,20220921,3,1,1,3,0.05119541289100496,0,0,0,0,0,0,0,0.0,0.0,0.0,0.0,0.0,0.0,0.0
2207,20220919,2,1,1,40,1.0,0,2,0,0,0,0,0,0.0,1.0,0.0,0.0,0.0,0.0,0.0
2207,20220922,2,1,1,16,0.6870491240123668,0,2,0,0,0,0,0,0.0,1.0,0.0,0.0,0.0,0.0,0.0
2208,20220916,3,1,1,6,0.012325440942649724,0,0,0,0,0,0,0,0.0,0.0,0.0,0.0,0.0,0.0,0.0
2208,20220917,3,1,1,843,1.0,0,3,0,0,0,0,0,0.0,1.0,0.0,0.0,0.0,0.0,0.0
2209,20220917,6,2,4,184,0.46226609074062713,0,4,0,0,0,0,0,0.0,0.6667,0.0,0.0,0.0,0.0,0.0
2209,20220918,18,3,7,468,0.9206897036495529,1,16,0,0,0,0,0,0.0556,0.8889,0.0,0.0,0.0,0.0,0.0
2209,20220919,2,1,1,116,1.0,0,2,0,0,0,0,0,0.0,1.0,0.0,0.0,0.0,0.0,0.0
2209,20220920,3,1,3,87,0.7603891356913905,0,3,0,0,0,0,0,0.0,1.0,0.0,0.0,0.0,0.0,0.0
2209,20220922,1,1,1,56,1.0,0,1,0,0,0,0,0,0.0,1.0,0.0,0.0,0.0,0.0,0.0
2210,20220916,7,2,3,237,0.6695112975996862,0,7,0,0,0,0,0,0.0,1.0,0.0,0.0,0.0,0.0,0.0
2210,20220917,8,3,2,280,0.4443557329784875,0,5,0,0,0,0,0,0.0,0.625,0.0,0.0,0.0,0.0,0.0
2210,20220918,14,4,5,605,0.5222715690530065,0,11,0,0,0,0,0,0.0,0.7857,0.0,0.0,0.0,0.0,0.0
2210,20220919,2,1,1,80,1.0,0,2,0,0,0,0,0,0.0,1.0,0.0,0.0,0.0,0.0,0.0
2210,20220921,5,2,2,28,0.11121438160831884,0,2,0,0,0,0,0,0.0,0.4,0.0,0.0,0.0,0.0,0.0
2210,20220922,8,3,3,635,0.9180915351766479,0,8,0,0,0,0,0,0.0,1.0,0.0,0.0,0.0,0.0,0.0
2211,20220916,5,2,2,192,0.6253178854001048,0,3,0,0,0,0,0,0.0,0.6,0.0,0.0,0.0,0.0,0.0
2211,20220917,7,3,4,294,0.7396649161564135,0,6,0,0,0,0,0,0.0,0.8571,0.0,0.0,0.0,0.0,0.0
2211,20220918,4,1,2,140,0.5471453491113102,2,2,0,0,0,0,0,0.5,0.5,0.0,0.0,0.0,0.0,0.0
2211,20220919,6,2,2,15,0.05315065937798258,0,0,0,0,0,0,0,0.0,0.0,0.0,0.0,0.0,0.0,0.0
2211,20220920,3,1,1,108,1.0,0,3,0,0,0,0,0,0.0,1.0,0.0,0.0,0.0,0.0,0.0
2211,20220922,1,1,1,3,0.03813591640607124,0,0,0,0,0,0,0,0.0,0.0,0.0,0.0,0.0,0.0,0.0
2212,20220915,2,1,1,114,1.0,0,2,0,0,0,0,0,0.0,1.0,0.0,0.0,0.0,0.0,0.0
2212,20220916,9,2,2,1509,0.5031498047121079,0,3,0,0,0,0,0,0.0,0.3333,0.0,0.0,0.0,0.0,0.0
2212,20220917,9,2,3,639,0.3441556004702181,0,3,0,0,0,0,0,0.0,0.3333,0.0,0.0,0.0,0.0,0.0
2212,20220918,15,3,4,300,0.2282164445547792,0,6,0,0,0,0,0,0.0,0.4,0.0,0.0,0.0,0.0,0.0
2212,20220920,7,3,3,810,0.5717694502330597,0,4,0,0,0,0,0,0.0,0.5714,0.0,0.0,0.0,0.0,0.0
2212,20220921,3,1,1,3,0.0016754628466113762,0,0,0,0,0,0,0,0.0,0.0,0.0,0.0,0.0,0.0,0.0
2212,20220922,3,1,1,12,0.06085223555900385,0,0,0,0,0,0,0,0.0,0.0,0.0,0.0,0.0,0.0,0.0
2217,20220915,2,1,1,152,0.23735165521549031,0,2,0,0,0,0,0,0.0,1.0,0.0,0.0,0.0,0.0,0.0
2217,20220916,6,1,2,321,0.5155548411850714,0,3,0,0,0,0,0,0.0,0.5,0.0,0.0,0.0,0.0,0.0
2217,20220917,12,4,4,672,0.4322891598315383,0,9,0,0,0,0,0,0.0,0.75,0.0,0.0,0.0,0.0,0.0
2217,20220918,6,3,3,1336,0.990796164809817,0,6,0,0,0,0,0,0.0,1.0,0.0,0.0,0.0,0.0,0.0
2217,20220920,1,1,1,0,0.0,0,0,0,0,0,0,0,0.0,0.0,0.0,0.0,0.0,0.0,0.0
2217,20220922,1,1,1,1,0.004799823366500112,0,0,0,0,0,0,0,0.0,0.0,0.0,0.0,0.0,0.0,0.0
2222,20220916,2,1,1,0,0.0,0,2,0,0,0,0,0,0.0,1.0,0.0,0.0,0.0,0.0,0.0
2222,20220917,3,1,1,12,0.12435490891002925,0,0,0,0,0,0,0,0.0,0.0,0.0,0.0,0.0,0.0,0.0
2223,20220916,4,1,2,14,0.07337526205450734,0,0,0,0,0,0,0,0.0,0.0,0.0,0.0,0.0,0.0,0.0
2223,20220917,2,1,1,0,0.0,0,0,0,0,0,0,0,0.0,0.0,0.0,0.0,0.0,0.0,0.0
2223,20220921,6,1,3,214,0.6946191474493362,0,4,0,0,0,0,0,0.0,0.6667,0.0,0.0,0.0,0.0,0.0
2223,20220922,4,1,2,114,0.5733752620545074,2,2,0,0,0,0,0,0.5,0.5,0.0,0.0,0.0,0.0,0.0
2224,20220916,25,12,10,926,0.607397677429604,0,18,0,0,0,0,0,0.0,0.72,0.0,0.0,0.0,0.0,0.0
2224,20220917,21,9,9,558,0.7383131550342313,1,13,0,0,2,0,0,0.0476,0.619,0.0,0.0,0.0952,0.0,0.0
2224,20220918,28,11,13,1162,0.7311427105837205,2,22,0,0,2,0,0,0.0714,0.7857,0.0,0.0,0.0714,0.0,0.0
2224,20220919,12,5,5,239,0.1639209321357621,0,9,0,0,0,0,0,0.0,0.75,0.0,0.0,0.0,0.0,0.0
2224,20220920,14,3,4,346,0.7890567670029983,4,11,0,0,0,0,0,0.2857,0.7857,0.0,0.0,0.0,0.0,0.0
2224,20220921,28,11,9,493,0.698897104496289,5,21,2,0,0,0,0,0.1786,0.75,0.0714,0.0,0.0,0.0,0.0
2224,20220922,8,3,3,613,0.47512757167575964,0,3,0,0,0,0,0,0.0,0.375,0.0,0.0,0.0,0.0,0.0
2230,20220917,6,2,2,81,1.0,0,6,0,0,0,0,0,0.0,1.0,0.0,0.0,0.0,0.0,0.0
2230,20220922,3,1,1,18,0.8372871895060006,0,0,0,0,0,0,0,0.0,0.0,0.0,0.0,0.0,0.0,0.0
2232,20220915,12,3,2,114,0.0836155312283376,0,6,0,0,0,0,0,0.0,0.5,0.0,0.0,0.0,0.0,0.0
2232,20220916,39,16,15,2229,0.4449239700174991,3,21,0,0,3,1,0,0.0769,0.5385,0.0,0.0,0.0769,0.0256,0.0
2232,20220917,75,21,29,2486,0.4240016122313104,3,44,0,0,2,0,0,0.04,0.5867,0.0,0.0,0.0267,0.0,0.0
2232,20220918,74,21,27,4274,0.4380355131009657,1,49,0,0,0,0,0,0.0135,0.6622,0.0,0.0,0.0,0.0,0.0
2232,20220919,51,16,18,1783,0.4799539360744176,1,35,0,0,0,2,0,0.0196,0.6863,0.0,0.0,0.0,0.0392,0.0
2232,20220920,41,15,17,1762,0.7502871868939823,1,36,4,0,0,0,0,0.0244,0.878,0.0976,0.0,0.0,0.0,0.0
2232,20220921,50,16,19,1729,0.554758445570028,1,29,0,0,2,0,0,0.02,0.58,0.0,0.0,0.04,0.0,0.0
2232,20220922,24,9,11,1149,0.7313067185257552,0,18,0,0,0,0,0,0.0,0.75,0.0,0.0,0.0,0.0,0.0
2234,20220916,36,12,11,1338,0.5683152128972002,1,24,0,0,0,0,0,0.0278,0.6667,0.0,0.0,0.0,0.0,0.0
2234,20220917,35,13,13,1719,0.7644880893377034,7,32,0,0,0,0,0,0.2,0.9143,0.0,0.0,0.0,0.0,0.0
2234,20220918,42,13,12,2155,0.8406032778730855,6,33,0,0,0,0,0,0.1429,0.7857,0.0,0.0,0.0,0.0,0.0
2234,20220919,9,3,3,181,0.6939420057986023,0,9,0,0,0,0,0,0.0,1.0,0.0,0.0,0.0,0.0,0.0
2234,20220920,13,5,4,693,0.5175214257836905,0,13,0,0,0,0,0,0.0,1.0,0.0,0.0,0.0,0.0,0.0
2234,20220921,5,2,2,250,1.0,3,5,3,3,0,0,0,0.6,1.0,0.6,0.6,0.0,0.0,0.0
2234,20220922,12,4,4,313,0.44154286443089535,0,8,0,0,0,0,0,0.0,0.6667,0.0,0.0,0.0,0.0,0.0
2237,20220917,3,1,1,1134,0.6288826850961459,0,3,0,0,0,0,0,0.0,1.0,0.0,0.0,0.0,0.0,0.0
2237,20220918,2,1,1,0,0.0,0,0,0,0,0,0,0,0.0,0.0,0.0,0.0,0.0,0.0,0.0
2242,20220917,9,1,3,438,0.6935388518052733,0,6,0,0,0,0,0,0.0,0.6667,0.0,0.0,0.0,0.0,0.0
2242,20220918,3,1,1,36,0.19347973299796847,3,3,0,0,0,0,0,1.0,1.0,0.0,0.0,0.0,0.0,0.0
2242,20220922,3,1,1,48,0.1946945728887807,0,3,0,0,0,0,0,0.0,1.0,0.0,0.0,0.0,0.0,0.0
2251,20220916,9,2,3,144,0.574627456974774,0,3,0,0,0,0,0,0.0,0.3333,0.0,0.0,0.0,0.0,0.0
2251,20220917,4,2,2,33,0.7704176081452645,0,3,0,0,0,0,0,0.0,0.75,0.0,0.0,0.0,0.0,0.0
2251,20220918,19,5,7,239,0.5267752344196459,0,12,0,0,0,0,0,0.0,0.6316,0.0,0.0,0.0,0.0,0.0
2251,20220919,9,2,3,39,0.4691000882405857,0,3,0,0,0,0,0,0.0,0.3333,0.0,0.0,0.0,0.0,0.0
2251,20220921,6,2,2,42,0.6329433661260304,0,3,0,0,0,0,0,0.0,0.5,0.0,0.0,0.0,0.0,0.0
2251,20220922,9,3,3,174,1.0,0,6,0,0,0,0,0,0.0,0.6667,0.0,0.0,0.0,0.0,0.0
2253,20220916,9,1,3,237,0.601533529783524,0,6,0,0,0,0,0,0.0,0.6667,0.0,0.0,0.0,0.0,0.0
2253,20220917,9,1,3,126,0.3198026360874432,0,3,0,0,0,0,0,0.0,0.3333,0.0,0.0,0.0,0.0,0.0
2253,20220921,3,1,1,0,0.0,3,3,0,0,0,0,0,1.0,1.0,0.0,0.0,0.0,0.0,0.0
2253,20220922,3,1,1,24,0.18274436347853895,0,3,0,0,0,0,0,0.0,1.0,0.0,0.0,0.0,0.0,0.0
2254,20220915,2,1,1,8,0.36363636363636365,0,0,0,0,0,0,0,0.0,0.0,0.0,0.0,0.0,0.0,0.0
2254,20220916,12,1,6,164,0.8787878787878789,0,10,0,0,0,0,0,0.0,0.8333,0.0,0.0,0.0,0.0,0.0
2254,20220917,17,2,7,185,0.48840572935427895,0,7,0,0,0,0,0,0.0,0.4118,0.0,0.0,0.0,0.0,0.0
2254,20220918,6,1,3,48,0.5454545454545454,0,2,0,0,0,0,0,0.0,0.3333,0.0,0.0,0.0,0.0,0.0
2254,20220919,6,1,3,76,1.0,0,6,0,0,0,0,0,0.0,1.0,0.0,0.0,0.0,0.0,0.0
2254,20220920,2,1,1,26,1.0,0,2,0,0,0,0,0,0.0,1.0,0.0,0.0,0.0,0.0,0.0
2254,20220921,4,1,2,34,0.5909090909090908,0,2,0,0,0,0,0,0.0,0.5,0.0,0.0,0.0,0.0,0.0
2254,20220922,4,1,2,22,0.5,0,2,0,0,0,0,0,0.0,0.5,0.0,0.0,0.0,0.0,0.0
2260,20220916,3,1,1,45,1.0,0,3,0,0,0,0,0,0.0,1.0,0.0,0.0,0.0,0.0,0.0
2260,20220917,3,1,1,51,1.0,0,3,0,0,0,0,0,0.0,1.0,0.0,0.0,0.0,0.0,0.0
2265,20220915,6,1,2,231,0.8933566433566433,0,6,0,0,0,0,0,0.0,1.0,0.0,0.0,0.0,0.0,0.0
2265,20220916,24,2,8,255,0.6378624275956063,0,12,0,0,0,0,0,0.0,0.5,0.0,0.0,0.0,0.0,0.0
2265,20220917,8,2,4,180,0.45188561161246044,0,6,0,0,0,0,0,0.0,0.75,0.0,0.0,0.0,0.0,0.0
2265,20220918,146,5,49,3585,0.8310654369204629,6,101,0,0,0,0,0,0.0411,0.6918,0.0,0.0,0.0,0.0,0.0
2265,20220919,204,10,66,3002,0.6941718362355509,0,128,0,0,0,0,0,0.0,0.6275,0.0,0.0,0.0,0.0,0.0
2265,20220920,117,9,38,2004,0.6959184945299108,3,67,0,0,0,0,0,0.0256,0.5726,0.0,0.0,0.0,0.0,0.0
2265,20220921,243,11,75,3990,0.6742791758631943,0,145,0,0,0,3,3,0.0,0.5967,0.0,0.0,0.0,0.0123,0.0123
2265,20220922,18,5,6,282,0.8864857223635849,0,18,0,0,0,0,0,0.0,1.0,0.0,0.0,0.0,0.0,0.0
2266,20220918,2,1,1,10,0.1422475106685633,0,0,0,0,0,0,0,0.0,0.0,0.0,0.0,0.0,0.0,0.0
2266,20220922,4,1,2,10,0.1422475106685633,0,0,0,0,0,0,0,0.0,0.0,0.0,0.0,0.0,0.0,0.0
2267,20220916,2,1,1,16,0.14201267463121084,0,2,0,0,0,0,0,0.0,1.0,0.0,0.0,0.0,0.0,0.0
2268,20220919,2,1,1,52,1.0,0,2,0,0,0,0,0,0.0,1.0,0.0,0.0,0.0,0.0,0.0
2268,20220920,4,1,2,78,0.6626016260162602,0,2,0,0,0,0,0,0.0,0.5,0.0,0.0,0.0,0.0,0.0
2268,20220921,2,1,1,54,1.0,0,2,0,0,0,0,0,0.0,1.0,0.0,0.0,0.0,0.0,0.0
2269,20220916,3,1,1,45,0.07654623392529088,0,3,0,0,0,0,0,0.0,1.0,0.0,0.0,0.0,0.0,0.0
2269,20220917,3,1,1,906,1.0,0,3,0,0,0,0,0,0.0,1.0,0.0,0.0,0.0,0.0,0.0
2269,20220918,18,1,5,342,0.11635027556644213,0,6,0,0,0,0,0,0.0,0.3333,0.0,0.0,0.0,0.0,0.0
2269,20220919,3,1,1,726,1.0,0,3,0,0,0,0,0,0.0,1.0,0.0,0.0,0.0,0.0,0.0
2269,20220921,3,1,1,21,0.03572157583180241,0,0,0,0,0,0,0,0.0,0.0,0.0,0.0,0.0,0.0,0.0
2270,20220917,2,1,1,6,0.2301849152152229,0,0,0,0,0,0,0,0.0,0.0,0.0,0.0,0.0,0.0,0.0
2272,20220916,21,7,13,343,0.47403058660748365,1,9,0,0,0,0,0,0.0476,0.4286,0.0,0.0,0.0,0.0,0.0
2272,20220917,15,5,7,244,0.4905597963214963,0,12,0,0,0,0,0,0.0,0.8,0.0,0.0,0.0,0.0,0.0
2272,20220918,44,8,21,1145,0.6320709248023808,0,25,0,0,0,0,0,0.0,0.5682,0.0,0.0,0.0,0.0,0.0
2272,20220919,24,9,10,1139,0.3709130770928741,0,17,0,0,0,0,0,0.0,0.7083,0.0,0.0,0.0,0.0,0.0
2272,20220920,18,6,7,1527,0.5091684761416361,0,15,0,0,0,0,0,0.0,0.8333,0.0,0.0,0.0,0.0,0.0
2272,20220921,19,7,7,787,0.34205893253096753,0,7,0,0,0,0,0,0.0,0.3684,0.0,0.0,0.0,0.0,0.0
2272,20220922,14,5,6,410,0.07515453837737368,0,6,0,0,0,0,0,0.0,0.4286,0.0,0.0,0.0,0.0,0.0
2273,20220915,3,1,1,18,0.16636167027116952,0,0,0,0,0,0,0,0.0,0.0,0.0,0.0,0.0,0.0,0.0
2273,20220916,13,2,5,383,0.5636333388787224,0,7,0,0,0,0,0,0.0,0.5385,0.0,0.0,0.0,0.0,0.0
2273,20220917,4,2,2,292,1.0,0,4,0,0,0,0,0,0.0,1.0,0.0,0.0,0.0,0.0,0.0
2273,20220918,3,1,1,6,0.04962779156327544,0,0,0,0,0,0,0,0.0,0.0,0.0,0.0,0.0,0.0,0.0
2276,20220916,6,2,2,33,0.26958179715173863,0,3,0,0,0,0,0,0.0,0.5,0.0,0.0,0.0,0.0,0.0
2276,20220917,3,1,1,51,1.0,0,3,0,0,0,0,0,0.0,1.0,0.0,0.0,0.0,0.0,0.0
2276,20220918,3,1,1,48,1.0,0,3,0,0,0,0,0,0.0,1.0,0.0,0.0,0.0,0.0,0.0
2276,20220920,6,2,2,126,0.7530181450155425,0,6,0,0,0,0,0,0.0,1.0,0.0,0.0,0.0,0.0,0.0
2276,20220921,12,2,4,120,0.031474760933798696,0,3,0,0,0,0,0,0.0,0.25,0.0,0.0,0.0,0.0,0.0
2276,20220922,6,1,2,486,0.8987285613199602,0,6,0,0,0,0,0,0.0,1.0,0.0,0.0,0.0,0.0,0.0
2277,20220918,3,1,1,99,1.0,0,3,0,0,0,0,0,0.0,1.0,0.0,0.0,0.0,0.0,0.0
2283,20220921,2,1,1,12,0.06675344614665732,0,0,0,0,0,0,0,0.0,0.0,0.0,0.0,0.0,0.0,0.0
2284,20220918,3,1,1,192,1.0,0,3,0,0,0,0,0,0.0,1.0,0.0,0.0,0.0,0.0,0.0
2284,20220921,3,1,1,168,1.0,3,3,0,0,0,0,0,1.0,1.0,0.0,0.0,0.0,0.0,0.0
2286,20220915,3,1,1,0,0.0,0,0,0,0,0,0,0,0.0,0.0,0.0,0.0,0.0,0.0,0.0
2286,20220917,3,1,1,6,0.21429336762027215,0,0,0,0,0,0,0,0.0,0.0,0.0,0.0,0.0,0.0,0.0
2286,20220918,9,2,3,525,0.6903601614254168,0,3,0,0,0,0,0,0.0,0.3333,0.0,0.0,0.0,0.0,0.0
2286,20220919,6,1,2,42,0.6607200257152042,0,3,0,0,0,0,0,0.0,0.5,0.0,0.0,0.0,0.0,0.0
2286,20220920,15,3,5,591,0.8337330660396929,0,15,0,0,0,0,0,0.0,1.0,0.0,0.0,0.0,0.0,0.0
2287,20220917,3,1,1,24,0.3785548667960062,0,3,0,0,0,0,0,0.0,1.0,0.0,0.0,0.0,0.0,0.0
2287,20220918,6,2,2,0,0.0,0,0,0,0,0,0,0,0.0,0.0,0.0,0.0,0.0,0.0,0.0
2287,20220919,6,2,2,150,1.0,0,6,0,0,0,0,0,0.0,1.0,0.0,0.0,0.0,0.0,0.0
2287,20220920,15,2,5,1173,0.4867885350079079,0,12,0,0,0,3,0,0.0,0.8,0.0,0.0,0.0,0.2,0.0
2287,20220921,3,1,1,0,0.0,0,0,0,0,0,0,0,0.0,0.0,0.0,0.0,0.0,0.0,0.0
2287,20220922,3,1,1,12,0.03325960786922322,0,0,0,0,0,0,0,0.0,0.0,0.0,0.0,0.0,0.0,0.0
2288,20220916,3,1,1,45,0.46296296296296297,0,3,0,0,0,0,0,0.0,1.0,0.0,0.0,0.0,0.0,0.0
2298,20220915,15,2,5,258,0.48060552113757765,0,9,0,0,0,0,0,0.0,0.6,0.0,0.0,0.0,0.0,0.0
2298,20220916,54,2,18,1296,0.5744020329114798,0,27,0,0,0,6,0,0.0,0.5,0.0,0.0,0.0,0.1111,0.0
2298,20220917,55,4,19,906,0.4810250827988744,3,28,0,0,0,0,0,0.0545,0.5091,0.0,0.0,0.0,0.0,0.0
2298,20220918,51,5,18,923,0.6282138648240255,3,31,0,3,3,0,0,0.0588,0.6078,0.0,0.0588,0.0588,0.0,0.0
2298,20220919,36,4,14,230,0.23058042220580421,0,11,0,0,0,0,0,0.0,0.3056,0.0,0.0,0.0,0.0,0.0
2298,20220920,34,2,12,223,0.2476994781500219,0,7,0,0,0,0,0,0.0,0.2059,0.0,0.0,0.0,0.0,0.0
2298,20220921,6,3,4,29,0.18302683114377305,0,1,0,0,0,0,0,0.0,0.1667,0.0,0.0,0.0,0.0,0.0
2298,20220922,9,2,3,60,0.6559139784946236,0,3,0,0,0,0,0,0.0,0.3333,0.0,0.0,0.0,0.0,0.0
2300,20220916,3,1,1,72,0.4072421224101947,0,3,0,0,0,0,0,0.0,1.0,0.0,0.0,0.0,0.0,0.0
2300,20220917,6,1,2,519,0.9496631768279231,0,6,0,0,0,0,0,0.0,1.0,0.0,0.0,0.0,0.0,0.0
2300,20220918,9,2,3,429,0.4614019422688511,0,6,0,0,0,0,0,0.0,0.6667,0.0,0.0,0.0,0.0,0.0
2300,20220920,6,1,2,255,0.5463698993110757,0,3,0,0,0,0,0,0.0,0.5,0.0,0.0,0.0,0.0,0.0
2300,20220921,9,1,3,87,0.11158180677878714,0,3,0,0,0,0,0,0.0,0.3333,0.0,0.0,0.0,0.0,0.0
2300,20220922,12,2,4,831,0.5997264313541394,0,12,0,0,0,0,0,0.0,1.0,0.0,0.0,0.0,0.0,0.0
2301,20220916,6,2,2,93,0.19170012345799026,0,3,0,0,0,0,0,0.0,0.5,0.0,0.0,0.0,0.0,0.0
2301,20220917,9,3,3,627,0.3937431928984701,3,9,0,0,0,0,0,0.3333,1.0,0.0,0.0,0.0,0.0,0.0
2301,20220918,9,2,3,576,0.5144920785968865,0,6,0,0,0,0,0,0.0,0.6667,0.0,0.0,0.0,0.0,0.0
2301,20220919,21,4,7,822,0.3762342350869295,0,12,0,0,3,0,0,0.0,0.5714,0.0,0.0,0.1429,0.0,0.0
2301,20220920,48,2,16,2862,0.42351959750713425,0,42,0,0,0,0,0,0.0,0.875,0.0,0.0,0.0,0.0,0.0
2301,20220921,24,4,8,2088,0.4617279291383944,0,15,0,0,0,0,0,0.0,0.625,0.0,0.0,0.0,0.0,0.0
2301,20220922,12,2,4,597,0.4991299436570967,0,9,0,0,0,0,0,0.0,0.75,0.0,0.0,0.0,0.0,0.0
2303,20220915,6,2,2,60,0.043863708679329476,0,3,0,0,0,0,0,0.0,0.5,0.0,0.0,0.0,0.0,0.0
2303,20220916,33,8,10,727,0.41795030953824264,0,28,0,0,0,0,0,0.0,0.8485,0.0,0.0,0.0,0.0,0.0
2303,20220917,46,10,16,1503,0.5068879337629284,0,27,0,0,0,0,0,0.0,0.587,0.0,0.0,0.0,0.0,0.0
2303,20220918,22,5,9,1067,0.5864817708911528,0,18,0,0,0,0,0,0.0,0.8182,0.0,0.0,0.0,0.0,0.0
2303,20220919,36,7,11,1693,0.3800532750138373,0,27,0,0,0,0,0,0.0,0.75,0.0,0.0,0.0,0.0,0.0
2303,20220920,45,7,18,1344,0.5377079785675593,0,27,0,0,0,0,0,0.0,0.6,0.0,0.0,0.0,0.0,0.0
2303,20220921,88,8,35,4676,0.4604953837230624,3,58,0,5,0,2,0,0.0341,0.6591,0.0,0.0568,0.0,0.0227,0.0
2303,20220922,111,5,37,3227,0.5937773299956169,2,74,0,0,0,3,0,0.018,0.6667,0.0,0.0,0.0,0.027,0.0
2311,20220917,8,3,3,244,0.11096608913554855,0,5,0,0,0,0,0,0.0,0.625,0.0,0.0,0.0,0.0,0.0
2311,20220918,6,1,2,75,0.026659273161576524,0,6,0,0,0,0,0,0.0,1.0,0.0,0.0,0.0,0.0,0.0
2311,20220920,5,2,3,25,0.034032354742916514,0,1,0,0,0,0,0,0.0,0.2,0.0,0.0,0.0,0.0,0.0
2311,20220922,3,1,1,219,0.15569015526360688,0,3,0,0,0,0,0,0.0,1.0,0.0,0.0,0.0,0.0,0.0
2314,20220916,2,1,1,8,0.013334844615723115,0,0,0,0,0,0,0,0.0,0.0,0.0,0.0,0.0,0.0,0.0
2314,20220917,3,2,2,9,0.03055315297236258,0,0,0,0,0,0,0,0.0,0.0,0.0,0.0,0.0,0.0,0.0
2314,20220918,5,2,3,740,0.9767544069173075,0,5,0,0,0,0,0,0.0,1.0,0.0,0.0,0.0,0.0,0.0
2314,20220919,6,1,2,192,0.14823049842505098,0,3,0,0,0,0,0,0.0,0.5,0.0,0.0,0.0,0.0,0.0
2314,20220920,2,1,2,12,0.14331438398700613,0,1,0,0,0,0,0,0.0,0.5,0.0,0.0,0.0,0.0,0.0
2314,20220922,1,1,1,8,0.1910858453160082,0,1,0,0,0,0,0,0.0,1.0,0.0,0.0,0.0,0.0,0.0
2315,20220915,2,1,2,53,0.349300081723038,0,2,0,0,0,0,0,0.0,1.0,0.0,0.0,0.0,0.0,0.0
2315,20220916,58,11,33,1366,0.5620593974995731,6,37,0,3,3,0,0,0.1034,0.6379,0.0,0.0517,0.0517,0.0,0.0
2315,20220917,132,19,67,4335,0.5294402842992788,2,69,0,0,0,1,0,0.0152,0.5227,0.0,0.0,0.0,0.0076,0.0
2315,20220918,99,15,44,2022,0.5121185351374044,6,55,0,0,0,0,0,0.0606,0.5556,0.0,0.0,0.0,0.0,0.0
2315,20220919,91,16,34,1697,0.4975436396765718,0,60,0,3,0,0,0,0.0,0.6593,0.0,0.033,0.0,0.0,0.0
2315,20220920,70,14,25,998,0.5032009074179243,0,41,0,3,0,0,0,0.0,0.5857,0.0,0.0429,0.0,0.0,0.0
2315,20220921,49,13,18,566,0.4408111032836828,0,19,3,0,0,0,0,0.0,0.3878,0.0612,0.0,0.0,0.0,0.0
2315,20220922,57,15,24,1270,0.5234535778476546,0,26,0,0,0,0,0,0.0,0.4561,0.0,0.0,0.0,0.0,0.0
2316,20220915,11,5,5,534,0.3755280151956684,0,3,0,0,3,0,0,0.0,0.2727,0.0,0.0,0.2727,0.0,0.0
2316,20220916,121,21,40,2034,0.4068395930566829,0,41,0,0,0,0,6,0.0,0.3388,0.0,0.0,0.0,0.0,0.0496
2316,20220917,156,25,57,3396,0.42324809142340347,3,69,0,2,0,1,0,0.0192,0.4423,0.0,0.0128,0.0,0.0064,0.0
2316,20220918,136,29,53,1660,0.4258656304288859,0,62,0,0,3,0,0,0.0,0.4559,0.0,0.0,0.0221,0.0,0.0
2316,20220919,85,24,34,1418,0.49121897246397794,0,38,0,0,0,0,0,0.0,0.4471,0.0,0.0,0.0,0.0,0.0
2316,20220920,94,24,39,1458,0.39164171742091225,0,33,1,0,0,0,0,0.0,0.3511,0.0106,0.0,0.0,0.0,0.0
2316,20220921,93,17,37,1086,0.48049812610620346,0,50,0,0,0,0,0,0.0,0.5376,0.0,0.0,0.0,0.0,0.0
2316,20220922,34,7,14,380,0.32463658602993556,0,7,0,0,0,1,0,0.0,0.2059,0.0,0.0,0.0,0.0294,0.0
2317,20220915,6,2,3,312,0.6952909040351997,0,4,0,0,0,0,0,0.0,0.6667,0.0,0.0,0.0,0.0,0.0
2317,20220916,26,7,10,230,0.27393391881147655,0,4,0,0,0,0,0,0.0,0.1538,0.0,0.0,0.0,0.0,0.0
2317,20220917,58,9,20,653,0.5374337684479512,0,30,0,0,0,0,0,0.0,0.5172,0.0,0.0,0.0,0.0,0.0
2317,20220918,27,9,12,349,0.5842247953198897,0,17,0,0,0,0,0,0.0,0.6296,0.0,0.0,0.0,0.0,0.0
2317,20220919,74,15,27,1014,0.3979360054487682,0,25,0,0,0,0,0,0.0,0.3378,0.0,0.0,0.0,0.0,0.0
2317,20220920,21,8,10,274,0.5810156300949599,0,11,0,0,0,0,0,0.0,0.5238,0.0,0.0,0.0,0.0,0.0
2317,20220921,72,11,24,652,0.3899928169431417,0,29,0,0,0,0,0,0.0,0.4028,0.0,0.0,0.0,0.0,0.0
2317,20220922,17,5,7,135,0.3696398473025672,0,7,0,0,0,0,0,0.0,0.4118,0.0,0.0,0.0,0.0,0.0
2318,20220916,18,3,6,162,0.6161167260701788,0,6,0,0,0,0,0,0.0,0.3333,0.0,0.0,0.0,0.0,0.0
2318,20220917,9,3,3,90,0.7223800768845061,0,6,0,0,0,0,0,0.0,0.6667,0.0,0.0,0.0,0.0,0.0
2318,20220918,3,1,1,87,1.0,0,3,0,0,0,0,0,0.0,1.0,0.0,0.0,0.0,0.0,0.0
2318,20220920,21,3,6,504,0.7273156063576716,0,15,0,0,0,0,0,0.0,0.7143,0.0,0.0,0.0,0.0,0.0
2318,20220921,3,1,1,18,0.8531210009953077,0,0,0,0,0,0,0,0.0,0.0,0.0,0.0,0.0,0.0,0.0
2319,20220915,15,6,7,607,0.3070292010192265,1,12,0,0,0,0,0,0.0667,0.8,0.0,0.0,0.0,0.0,0.0
2319,20220916,153,26,62,8302,0.44886962101408645,8,91,1,3,3,0,0,0.0523,0.5948,0.0065,0.0196,0.0196,0.0,0.0
2319,20220917,152,27,59,11380,0.5500714610760369,3,107,3,0,3,3,0,0.0197,0.7039,0.0197,0.0,0.0197,0.0197,0.0
2319,20220918,209,34,79,8841,0.41641480659521335,0,138,0,0,0,0,0,0.0,0.6603,0.0,0.0,0.0,0.0,0.0
2319,20220919,93,18,32,7581,0.5693263240902261,0,62,0,0,0,0,0,0.0,0.6667,0.0,0.0,0.0,0.0,0.0
2319,20220920,67,18,25,2500,0.29339422449255087,3,37,0,0,0,0,0,0.0448,0.5522,0.0,0.0,0.0,0.0,0.0
2319,20220921,36,11,16,1992,0.3685590054999015,0,12,0,0,0,0,0,0.0,0.3333,0.0,0.0,0.0,0.0,0.0
2319,20220922,62,15,22,4933,0.46972612904858363,2,38,0,2,0,0,0,0.0323,0.6129,0.0,0.0323,0.0,0.0,0.0
2320,20220917,2,1,2,134,1.0,0,2,0,0,0,0,0,0.0,1.0,0.0,0.0,0.0,0.0,0.0
2320,20220918,10,3,6,668,0.7025449744316313,1,7,0,0,0,0,0,0.1,0.7,0.0,0.0,0.0,0.0,0.0
2320,20220919,3,2,2,361,1.0,0,3,0,0,0,0,0,0.0,1.0,0.0,0.0,0.0,0.0,0.0
2321,20220915,6,2,2,90,0.11890027076991688,0,3,0,0,0,0,0,0.0,0.5,0.0,0.0,0.0,0.0,0.0
2321,20220916,133,35,52,4347,0.4337825378156837,3,82,0,0,3,0,0,0.0226,0.6165,0.0,0.0,0.0226,0.0,0.0
2321,20220917,225,40,90,13067,0.6607257935904588,6,176,0,6,0,0,0,0.0267,0.7822,0.0,0.0267,0.0,0.0,0.0
2321,20220918,172,39,66,7764,0.5076599693793572,6,121,0,2,0,0,0,0.0349,0.7035,0.0,0.0116,0.0,0.0,0.0
2321,20220919,193,31,71,9234,0.44028971682306267,0,137,0,0,0,0,0,0.0,0.7098,0.0,0.0,0.0,0.0,0.0
2321,20220920,43,14,18,819,0.4069530113718264,0,28,0,0,0,0,0,0.0,0.6512,0.0,0.0,0.0,0.0,0.0
2321,20220921,56,19,24,2341,0.5441806046109824,3,42,0,0,3,0,0,0.0536,0.75,0.0,0.0,0.0536,0.0,0.0
2321,20220922,52,15,20,1524,0.4443386594872392,0,30,0,0,0,0,0,0.0,0.5769,0.0,0.0,0.0,0.0,0.0
2322,20220915,44,13,16,3771,0.41745810609064526,0,31,0,0,0,0,0,0.0,0.7045,0.0,0.0,0.0,0.0,0.0
2322,20220916,496,87,181,37636,0.47238813789284007,1,320,0,6,1,0,0,0.002,0.6452,0.0,0.0121,0.002,0.0,0.0
2322,20220917,467,76,171,31788,0.472002633462262,4,286,0,4,0,0,0,0.0086,0.6124,0.0,0.0086,0.0,0.0,0.0
2322,20220918,439,72,178,27458,0.4102751998552008,14,264,3,8,3,3,0,0.0319,0.6014,0.0068,0.0182,0.0068,0.0068,0.0
2322,20220919,408,61,133,31245,0.5127471382294341,8,262,0,3,3,0,0,0.0196,0.6422,0.0,0.0074,0.0074,0.0,0.0
2322,20220920,260,53,92,14071,0.41171807877275524,8,150,0,5,0,2,0,0.0308,0.5769,0.0,0.0192,0.0,0.0077,0.0
2322,20220921,292,54,100,17135,0.3797389227763351,3,154,0,3,6,3,0,0.0103,0.5274,0.0,0.0103,0.0205,0.0103,0.0
2322,20220922,247,52,93,20122,0.4737790145807635,12,160,0,7,6,3,0,0.0486,0.6478,0.0,0.0283,0.0243,0.0121,0.0
2323,20220915,52,9,17,3219,0.4705771157352096,0,28,0,0,0,0,0,0.0,0.5385,0.0,0.0,0.0,0.0,0.0
2323,20220916,461,62,162,33879,0.527281152134743,8,302,3,0,4,0,0,0.0174,0.6551,0.0065,0.0,0.0087,0.0,0.0
2323,20220917,572,86,192,38188,0.4884981975014398,23,392,0,0,12,3,0,0.0402,0.6853,0.0,0.0,0.021,0.0052,0.0
2323,20220918,549,71,186,39102,0.5269490383126391,22,381,0,3,3,1,0,0.0401,0.694,0.0,0.0055,0.0055,0.0018,0.0
2323,20220919,441,70,154,31807,0.4957448787659866,6,308,0,3,0,0,0,0.0136,0.6984,0.0,0.0068,0.0,0.0,0.0
2323,20220920,420,60,131,34312,0.4845445354189982,1,251,1,0,0,3,0,0.0024,0.5976,0.0024,0.0,0.0,0.0071,0.0
2323,20220921,347,53,112,29076,0.5516668648663665,4,226,3,6,1,0,0,0.0115,0.6513,0.0086,0.0173,0.0029,0.0,0.0
2323,20220922,307,53,107,19805,0.42474623223576585,11,177,0,6,0,0,0,0.0358,0.5765,0.0,0.0195,0.0,0.0,0.0
2324,20220915,8,3,3,354,0.4128267218058011,0,6,0,0,0,0,0,0.0,0.75,0.0,0.0,0.0,0.0,0.0
2324,20220916,49,13,19,2945,0.6066800182646869,0,38,3,0,0,0,0,0.0,0.7755,0.0612,0.0,0.0,0.0,0.0
2324,20220917,62,8,21,1958,0.3183387669860162,0,44,0,0,0,0,0,0.0,0.7097,0.0,0.0,0.0,0.0,0.0
2324,20220918,11,4,4,779,0.48704955744035466,0,6,0,0,0,0,0,0.0,0.5455,0.0,0.0,0.0,0.0,0.0
2324,20220919,49,8,16,2841,0.3198345866292862,0,30,0,0,3,0,0,0.0,0.6122,0.0,0.0,0.0612,0.0,0.0
2324,20220920,29,7,11,1936,0.5457797371978379,3,23,0,3,0,0,0,0.1034,0.7931,0.0,0.1034,0.0,0.0,0.0
2324,20220921,27,9,10,1831,0.6337516020993125,0,15,0,0,0,0,0,0.0,0.5556,0.0,0.0,0.0,0.0,0.0
2324,20220922,21,7,7,1467,0.7151368288952572,0,21,0,0,0,0,0,0.0,1.0,0.0,0.0,0.0,0.0,0.0
2325,20220916,9,2,3,156,0.1982917033863598,0,9,0,0,0,0,0,0.0,1.0,0.0,0.0,0.0,0.0,0.0
2325,20220917,3,1,1,591,1.0,0,3,0,0,0,0,0,0.0,1.0,0.0,0.0,0.0,0.0,0.0
2325,20220918,14,3,5,667,0.4920185636427998,0,8,0,0,0,0,0,0.0,0.5714,0.0,0.0,0.0,0.0,0.0
2325,20220919,9,2,3,690,0.4890990293813112,0,9,0,0,0,0,0,0.0,1.0,0.0,0.0,0.0,0.0,0.0
2325,20220920,9,3,4,56,0.08071644478233346,0,3,0,0,0,0,0,0.0,0.3333,0.0,0.0,0.0,0.0,0.0
2325,20220921,2,1,1,6,0.037863011623944565,0,0,0,0,0,0,0,0.0,0.0,0.0,0.0,0.0,0.0,0.0
2328,20220916,2,1,1,132,1.0,0,2,0,0,0,0,0,0.0,1.0,0.0,0.0,0.0,0.0,0.0
2328,20220917,4,1,2,148,0.5552486187845305,0,2,0,0,0,0,0,0.0,0.5,0.0,0.0,0.0,0.0,0.0
2328,20220918,12,5,5,395,0.34687482585468543,0,4,0,0,0,0,0,0.0,0.3333,0.0,0.0,0.0,0.0,0.0
2328,20220919,5,3,3,417,0.8929838569818193,0,4,0,0,0,0,0,0.0,0.8,0.0,0.0,0.0,0.0,0.0
2328,20220920,5,2,2,181,0.481774670696608,0,5,0,0,0,0,0,0.0,1.0,0.0,0.0,0.0,0.0,0.0
2328,20220921,1,1,1,55,0.9642356241234221,0,1,0,0,0,0,0,0.0,1.0,0.0,0.0,0.0,0.0,0.0
2328,20220922,3,2,2,132,0.5697674418604651,0,2,0,0,0,0,0,0.0,0.6667,0.0,0.0,0.0,0.0,0.0
2331,20220915,11,3,4,751,0.46892846821119366,0,6,0,0,0,0,0,0.0,0.5455,0.0,0.0,0.0,0.0,0.0
2331,20220916,319,26,107,24777,0.46508514841975307,3,192,0,0,0,0,0,0.0094,0.6019,0.0,0.0,0.0,0.0,0.0
2331,20220917,270,19,91,19107,0.3925936357819222,3,155,0,0,3,0,0,0.0111,0.5741,0.0,0.0,0.0111,0.0,0.0
2331,20220918,193,22,69,12704,0.4859052767493621,15,111,0,3,3,0,0,0.0777,0.5751,0.0,0.0155,0.0155,0.0,0.0
2331,20220919,289,19,94,27904,0.5238700861420201,0,175,0,0,0,0,0,0.0,0.6055,0.0,0.0,0.0,0.0,0.0
2331,20220920,143,16,50,15155,0.6395462903587817,11,94,0,5,0,0,0,0.0769,0.6573,0.0,0.035,0.0,0.0,0.0
2331,20220921,98,13,36,4469,0.35815974038252774,3,42,0,0,3,0,0,0.0306,0.4286,0.0,0.0,0.0306,0.0,0.0
2331,20220922,86,13,31,7851,0.5507288347624553,1,46,0,3,3,0,0,0.0116,0.5349,0.0,0.0349,0.0349,0.0,0.0
2334,20220916,7,3,3,302,0.6962559585573077,0,7,0,0,0,0,0,0.0,1.0,0.0,0.0,0.0,0.0,0.0
2334,20220917,29,5,12,874,0.7019850323788998,0,23,0,0,0,0,0,0.0,0.7931,0.0,0.0,0.0,0.0,0.0
2334,20220918,8,3,3,146,0.6421389396709324,0,5,0,0,0,0,0,0.0,0.625,0.0,0.0,0.0,0.0,0.0
2334,20220919,3,1,1,0,0.0,0,0,0,0,0,0,0,0.0,0.0,0.0,0.0,0.0,0.0,0.0
2334,20220920,5,2,2,219,0.8507462686567164,0,5,0,0,0,0,0,0.0,1.0,0.0,0.0,0.0,0.0,0.0
2334,20220921,11,4,4,171,0.4828940215474909,0,8,0,0,0,0,0,0.0,0.7273,0.0,0.0,0.0,0.0,0.0
2334,20220922,11,4,3,518,0.8832940083999312,0,9,0,0,0,0,0,0.0,0.8182,0.0,0.0,0.0,0.0,0.0
2340,20220916,3,1,1,144,1.0,0,3,0,0,0,0,0,0.0,1.0,0.0,0.0,0.0,0.0,0.0
2340,20220917,3,1,1,117,0.7727975270479134,0,3,0,0,0,0,0,0.0,1.0,0.0,0.0,0.0,0.0,0.0
2340,20220921,3,1,1,9,0.059445963619070265,0,0,0,0,0,0,0,0.0,0.0,0.0,0.0,0.0,0.0,0.0
2345,20220919,3,1,1,12,0.05644455733355911,0,0,0,0,0,0,0,0.0,0.0,0.0,0.0,0.0,0.0,0.0
2348,20220916,6,1,2,30,0.02833936961906219,0,3,0,0,0,0,0,0.0,0.5,0.0,0.0,0.0,0.0,0.0
2348,20220918,18,2,6,177,0.22494941199663226,0,3,0,0,0,0,0,0.0,0.1667,0.0,0.0,0.0,0.0,0.0
2348,20220919,3,1,1,21,0.03484320557491289,0,0,0,0,0,0,0,0.0,0.0,0.0,0.0,0.0,0.0,0.0
2348,20220920,5,2,3,100,0.18107311402783338,0,4,0,0,0,0,0,0.0,0.8,0.0,0.0,0.0,0.0,0.0
2348,20220921,6,2,2,36,0.11208459954003136,0,3,0,0,0,0,0,0.0,0.5,0.0,0.0,0.0,0.0,0.0
2348,20220922,3,1,1,6,0.009955201592832254,0,3,0,0,0,0,0,0.0,1.0,0.0,0.0,0.0,0.0,0.0
2349,20220917,3,1,1,6,0.03186438517668801,0,0,0,0,0,0,0,0.0,0.0,0.0,0.0,0.0,0.0,0.0
2349,20220918,3,1,1,0,0.0,0,0,0,0,0,0,0,0.0,0.0,0.0,0.0,0.0,0.0,0.0
2349,20220920,3,1,1,9,0.15503875968992248,0,0,0,0,0,0,0,0.0,0.0,0.0,0.0,0.0,0.0,0.0
2349,20220921,3,1,1,63,1.0,0,3,0,0,0,0,0,0.0,1.0,0.0,0.0,0.0,0.0,0.0
2349,20220922,3,1,1,6,0.10335917312661498,0,0,0,0,0,0,0,0.0,0.0,0.0,0.0,0.0,0.0,0.0
2356,20220920,2,1,1,28,1.0,0,2,0,0,0,0,0,0.0,1.0,0.0,0.0,0.0,0.0,0.0
2357,20220917,3,1,1,51,1.0,0,3,0,0,0,0,0,0.0,1.0,0.0,0.0,0.0,0.0,0.0
2357,20220919,2,1,1,68,0.33387342269357295,0,2,0,0,0,0,0,0.0,1.0,0.0,0.0,0.0,0.0,0.0
2357,20220920,4,1,2,196,0.4931264215123885,0,2,0,0,0,0,0,0.0,0.5,0.0,0.0,0.0,0.0,0.0
